word,type,correct,ink,Practice.thisRepN,Practice.thisTrialN,Practice.thisN,Practice.thisIndex,trials.thisRepN,trials.thisTrialN,trials.thisN,trials.thisIndex,ready_to_continue.keys,ready_to_continue.rt,key_resp_2.keys,key_resp_2.rt,Response.keys,Response.corr,Response.rt,begin_exp.keys,begin_exp.rt,finished.keys,finished.rt,date,frameRate,expName,participant,condition,
,,,,,,,,,,,,r,27.4991732858,,,,,,,,,,2018_Mar_27_1303,59.9966451981,Stroop,Stroop-111,N,
,,,,,,,,,,,,,,r,2.90040571283,,,,,,,,2018_Mar_27_1303,59.9966451981,Stroop,Stroop-111,N,
XXXX,neutral,b,blue,0,0,0,5,,,,,,,,,b,1,2.51712282223,,,,,2018_Mar_27_1303,59.9966451981,Stroop,Stroop-111,N,
BLUE,incongruent,r,red,0,1,1,2,,,,,,,,,r,1,4.38364316238,,,,,2018_Mar_27_1303,59.9966451981,Stroop,Stroop-111,N,
RED,congruent,r,red,0,2,2,0,,,,,,,,,b,0,0.117235221434,,,,,2018_Mar_27_1303,59.9966451981,Stroop,Stroop-111,N,
RED,incongruent,b,blue,0,3,3,1,,,,,,,,,b,1,2.51710902009,,,,,2018_Mar_27_1303,59.9966451981,Stroop,Stroop-111,N,
XXXX,neutral,r,red,0,4,4,4,,,,,,,,,r,1,0.900464460487,,,,,2018_Mar_27_1303,59.9966451981,Stroop,Stroop-111,N,
BLUE,congruent,b,blue,0,5,5,3,,,,,,,,,b,1,1.75050289423,,,,,2018_Mar_27_1303,59.9966451981,Stroop,Stroop-111,N,
XXXX,neutral,b,blue,1,0,6,5,,,,,,,,,b,1,1.10025962221,,,,,2018_Mar_27_1303,59.9966451981,Stroop,Stroop-111,N,
XXXX,neutral,r,red,1,1,7,4,,,,,,,,,r,1,0.717194027267,,,,,2018_Mar_27_1303,59.9966451981,Stroop,Stroop-111,N,
BLUE,incongruent,r,red,1,2,8,2,,,,,,,,,r,1,0.983847222058,,,,,2018_Mar_27_1303,59.9966451981,Stroop,Stroop-111,N,
RED,incongruent,b,blue,1,3,9,1,,,,,,,,,b,1,1.40054231882,,,,,2018_Mar_27_1303,59.9966451981,Stroop,Stroop-111,N,
BLUE,congruent,b,blue,1,4,10,3,,,,,,,,,b,1,0.967190134397,,,,,2018_Mar_27_1303,59.9966451981,Stroop,Stroop-111,N,
RED,congruent,r,red,1,5,11,0,,,,,,,,,r,1,1.55051131709,,,,,2018_Mar_27_1303,59.9966451981,Stroop,Stroop-111,N,
,,,,,,,,,,,,,,,,,,,b,4.41697680246,,,2018_Mar_27_1303,59.9966451981,Stroop,Stroop-111,N,
RED,incongruent,b,blue,,,,,0,0,0,1,,,,,b,1,1.76712954638,,,,,2018_Mar_27_1303,59.9966451981,Stroop,Stroop-111,N,
RED,incongruent,b,blue,,,,,0,1,1,1,,,,,b,1,1.15052037692,,,,,2018_Mar_27_1303,59.9966451981,Stroop,Stroop-111,N,
RED,congruent,r,red,,,,,0,2,2,0,,,,,r,1,0.317283776705,,,,,2018_Mar_27_1303,59.9966451981,Stroop,Stroop-111,N,
RED,congruent,r,red,,,,,0,3,3,0,,,,,r,1,0.350689612678,,,,,2018_Mar_27_1303,59.9966451981,Stroop,Stroop-111,N,
XXXX,neutral,r,red,,,,,0,4,4,4,,,,,r,1,0.667220640695,,,,,2018_Mar_27_1303,59.9966451981,Stroop,Stroop-111,N,
BLUE,congruent,b,blue,,,,,0,5,5,3,,,,,b,1,0.516800064011,,,,,2018_Mar_27_1303,59.9966451981,Stroop,Stroop-111,N,
XXXX,neutral,b,blue,,,,,1,0,6,5,,,,,b,1,1.00052731339,,,,,2018_Mar_27_1303,59.9966451981,Stroop,Stroop-111,N,
XXXX,neutral,b,blue,,,,,1,1,7,5,,,,,b,1,0.717225170578,,,,,2018_Mar_27_1303,59.9966451981,Stroop,Stroop-111,N,
XXXX,neutral,b,blue,,,,,1,2,8,5,,,,,b,1,0.433922320022,,,,,2018_Mar_27_1303,59.9966451981,Stroop,Stroop-111,N,
RED,congruent,r,red,,,,,1,3,9,0,,,,,r,1,0.533818485274,,,,,2018_Mar_27_1303,59.9966451981,Stroop,Stroop-111,N,
BLUE,incongruent,r,red,,,,,1,4,10,2,,,,,r,1,1.0504897291,,,,,2018_Mar_27_1303,59.9966451981,Stroop,Stroop-111,N,
RED,congruent,r,red,,,,,1,5,11,0,,,,,r,1,1.03383511869,,,,,2018_Mar_27_1303,59.9966451981,Stroop,Stroop-111,N,
XXXX,neutral,r,red,,,,,2,0,12,4,,,,,r,1,0.683880913537,,,,,2018_Mar_27_1303,59.9966451981,Stroop,Stroop-111,N,
BLUE,congruent,b,blue,,,,,2,1,13,3,,,,,b,1,0.600570701761,,,,,2018_Mar_27_1303,59.9966451981,Stroop,Stroop-111,N,
BLUE,congruent,b,blue,,,,,2,2,14,3,,,,,b,1,0.450529861497,,,,,2018_Mar_27_1303,59.9966451981,Stroop,Stroop-111,N,
RED,congruent,r,red,,,,,2,3,15,0,,,,,r,1,0.733856069623,,,,,2018_Mar_27_1303,59.9966451981,Stroop,Stroop-111,N,
RED,incongruent,b,blue,,,,,2,4,16,1,,,,,r,0,1.05049716099,,,,,2018_Mar_27_1303,59.9966451981,Stroop,Stroop-111,N,
RED,incongruent,b,blue,,,,,2,5,17,1,,,,,b,1,0.800583866891,,,,,2018_Mar_27_1303,59.9966451981,Stroop,Stroop-111,N,
XXXX,neutral,r,red,,,,,3,0,18,4,,,,,r,1,0.600519386004,,,,,2018_Mar_27_1303,59.9966451981,Stroop,Stroop-111,N,
BLUE,incongruent,r,red,,,,,3,1,19,2,,,,,r,1,1.13387390628,,,,,2018_Mar_27_1303,59.9966451981,Stroop,Stroop-111,N,
BLUE,congruent,b,blue,,,,,3,2,20,3,,,,,b,1,1.05052299582,,,,,2018_Mar_27_1303,59.9966451981,Stroop,Stroop-111,N,
XXXX,neutral,b,blue,,,,,3,3,21,5,,,,,b,1,0.850529295276,,,,,2018_Mar_27_1303,59.9966451981,Stroop,Stroop-111,N,
BLUE,incongruent,r,red,,,,,3,4,22,2,,,,,r,1,0.650554705411,,,,,2018_Mar_27_1303,59.9966451981,Stroop,Stroop-111,N,
RED,congruent,r,red,,,,,3,5,23,0,,,,,r,1,0.883869659447,,,,,2018_Mar_27_1303,59.9966451981,Stroop,Stroop-111,N,
RED,incongruent,b,blue,,,,,4,0,24,1,,,,,b,1,0.967189780436,,,,,2018_Mar_27_1303,59.9966451981,Stroop,Stroop-111,N,
BLUE,incongruent,r,red,,,,,4,1,25,2,,,,,r,1,1.05052476533,,,,,2018_Mar_27_1303,59.9966451981,Stroop,Stroop-111,N,
BLUE,congruent,b,blue,,,,,4,2,26,3,,,,,b,1,0.717223755026,,,,,2018_Mar_27_1303,59.9966451981,Stroop,Stroop-111,N,
XXXX,neutral,b,blue,,,,,4,3,27,5,,,,,b,1,0.683880559634,,,,,2018_Mar_27_1303,59.9966451981,Stroop,Stroop-111,N,
BLUE,incongruent,r,red,,,,,4,4,28,2,,,,,r,1,0.750540761685,,,,,2018_Mar_27_1303,59.9966451981,Stroop,Stroop-111,N,
RED,incongruent,b,blue,,,,,4,5,29,1,,,,,b,1,0.467249589798,,,,,2018_Mar_27_1303,59.9966451981,Stroop,Stroop-111,N,
XXXX,neutral,r,red,,,,,5,0,30,4,,,,,r,1,0.583879993414,,,,,2018_Mar_27_1303,59.9966451981,Stroop,Stroop-111,N,
RED,congruent,r,red,,,,,5,1,31,0,,,,,r,1,0.483902076841,,,,,2018_Mar_27_1303,59.9966451981,Stroop,Stroop-111,N,
XXXX,neutral,r,red,,,,,5,2,32,4,,,,,r,1,0.500561641878,,,,,2018_Mar_27_1303,59.9966451981,Stroop,Stroop-111,N,
RED,incongruent,b,blue,,,,,5,3,33,1,,,,,b,1,0.850536019425,,,,,2018_Mar_27_1303,59.9966451981,Stroop,Stroop-111,N,
XXXX,neutral,b,blue,,,,,5,4,34,5,,,,,b,1,0.650516130147,,,,,2018_Mar_27_1303,59.9966451981,Stroop,Stroop-111,N,
BLUE,congruent,b,blue,,,,,5,5,35,3,,,,,b,1,0.367227435578,,,,,2018_Mar_27_1303,59.9966451981,Stroop,Stroop-111,N,
XXXX,neutral,r,red,,,,,6,0,36,4,,,,,r,1,0.583881055063,,,,,2018_Mar_27_1303,59.9966451981,Stroop,Stroop-111,N,
BLUE,incongruent,r,red,,,,,6,1,37,2,,,,,r,1,0.833483977476,,,,,2018_Mar_27_1303,59.9966451981,Stroop,Stroop-111,N,
BLUE,congruent,b,blue,,,,,6,2,38,3,,,,,b,1,0.583893795556,,,,,2018_Mar_27_1303,59.9966451981,Stroop,Stroop-111,N,
XXXX,neutral,b,blue,,,,,6,3,39,5,,,,,b,1,0.367269903771,,,,,2018_Mar_27_1303,59.9966451981,Stroop,Stroop-111,N,
RED,congruent,r,red,,,,,6,4,40,0,,,,,r,1,0.317220074416,,,,,2018_Mar_27_1303,59.9966451981,Stroop,Stroop-111,N,
BLUE,incongruent,r,red,,,,,6,5,41,2,,,,,r,1,1.6838465851,,,,,2018_Mar_27_1303,59.9966451981,Stroop,Stroop-111,N,
BLUE,incongruent,r,red,,,,,7,0,42,2,,,,,r,1,0.933891884517,,,,,2018_Mar_27_1303,59.9966451981,Stroop,Stroop-111,N,
BLUE,incongruent,r,red,,,,,7,1,43,2,,,,,b,0,1.38381834375,,,,,2018_Mar_27_1303,59.9966451981,Stroop,Stroop-111,N,
XXXX,neutral,b,blue,,,,,7,2,44,5,,,,,b,1,0.733862439811,,,,,2018_Mar_27_1303,59.9966451981,Stroop,Stroop-111,N,
RED,incongruent,b,blue,,,,,7,3,45,1,,,,,b,1,1.78382096259,,,,,2018_Mar_27_1303,59.9966451981,Stroop,Stroop-111,N,
BLUE,incongruent,r,red,,,,,7,4,46,2,,,,,r,1,1.15051648405,,,,,2018_Mar_27_1303,59.9966451981,Stroop,Stroop-111,N,
XXXX,neutral,r,red,,,,,7,5,47,4,,,,,r,1,0.600533542049,,,,,2018_Mar_27_1303,59.9966451981,Stroop,Stroop-111,N,
XXXX,neutral,b,blue,,,,,8,0,48,5,,,,,b,1,0.700513582036,,,,,2018_Mar_27_1303,59.9966451981,Stroop,Stroop-111,N,
BLUE,incongruent,r,red,,,,,8,1,49,2,,,,,r,1,0.667201176111,,,,,2018_Mar_27_1303,59.9966451981,Stroop,Stroop-111,N,
BLUE,congruent,b,blue,,,,,8,2,50,3,,,,,b,1,1.2338231568,,,,,2018_Mar_27_1303,59.9966451981,Stroop,Stroop-111,N,
RED,congruent,r,red,,,,,8,3,51,0,,,,,r,1,0.583475129912,,,,,2018_Mar_27_1303,59.9966451981,Stroop,Stroop-111,N,
BLUE,congruent,b,blue,,,,,8,4,52,3,,,,,b,1,0.70052066003,,,,,2018_Mar_27_1303,59.9966451981,Stroop,Stroop-111,N,
XXXX,neutral,b,blue,,,,,8,5,53,5,,,,,b,1,0.800505654654,,,,,2018_Mar_27_1303,59.9966451981,Stroop,Stroop-111,N,
RED,incongruent,b,blue,,,,,9,0,54,1,,,,,b,1,2.10050735337,,,,,2018_Mar_27_1303,59.9966451981,Stroop,Stroop-111,N,
RED,incongruent,b,blue,,,,,9,1,55,1,,,,,b,1,1.3838417012,,,,,2018_Mar_27_1303,59.9966451981,Stroop,Stroop-111,N,
RED,incongruent,b,blue,,,,,9,2,56,1,,,,,b,1,0.733966486936,,,,,2018_Mar_27_1303,59.9966451981,Stroop,Stroop-111,N,
RED,congruent,r,red,,,,,9,3,57,0,,,,,r,1,0.683858971635,,,,,2018_Mar_27_1303,59.9966451981,Stroop,Stroop-111,N,
XXXX,neutral,b,blue,,,,,9,4,58,5,,,,,b,1,0.633874614025,,,,,2018_Mar_27_1303,59.9966451981,Stroop,Stroop-111,N,
BLUE,congruent,b,blue,,,,,9,5,59,3,,,,,b,1,0.550544229918,,,,,2018_Mar_27_1303,59.9966451981,Stroop,Stroop-111,N,
RED,congruent,r,red,,,,,10,0,60,0,,,,,r,1,0.500534037594,,,,,2018_Mar_27_1303,59.9966451981,Stroop,Stroop-111,N,
RED,incongruent,b,blue,,,,,10,1,61,1,,,,,b,1,1.2172071216,,,,,2018_Mar_27_1303,59.9966451981,Stroop,Stroop-111,N,
RED,congruent,r,red,,,,,10,2,62,0,,,,,r,1,0.633913897153,,,,,2018_Mar_27_1303,59.9966451981,Stroop,Stroop-111,N,
RED,incongruent,b,blue,,,,,10,3,63,1,,,,,b,1,1.01718510897,,,,,2018_Mar_27_1303,59.9966451981,Stroop,Stroop-111,N,
RED,congruent,r,red,,,,,10,4,64,0,,,,,r,1,0.917196575378,,,,,2018_Mar_27_1303,59.9966451981,Stroop,Stroop-111,N,
XXXX,neutral,b,blue,,,,,10,5,65,5,,,,,b,1,0.700517474907,,,,,2018_Mar_27_1303,59.9966451981,Stroop,Stroop-111,N,
BLUE,congruent,b,blue,,,,,11,0,66,3,,,,,b,1,0.500540761685,,,,,2018_Mar_27_1303,59.9966451981,Stroop,Stroop-111,N,
RED,congruent,r,red,,,,,11,1,67,0,,,,,r,1,0.900550812483,,,,,2018_Mar_27_1303,59.9966451981,Stroop,Stroop-111,N,
BLUE,incongruent,r,red,,,,,11,2,68,2,,,,,r,1,0.883468335029,,,,,2018_Mar_27_1303,59.9966451981,Stroop,Stroop-111,N,
XXXX,neutral,r,red,,,,,11,3,69,4,,,,,r,1,0.550159184961,,,,,2018_Mar_27_1303,59.9966451981,Stroop,Stroop-111,N,
BLUE,congruent,b,blue,,,,,11,4,70,3,,,,,b,1,0.600533896009,,,,,2018_Mar_27_1303,59.9966451981,Stroop,Stroop-111,N,
BLUE,congruent,b,blue,,,,,11,5,71,3,,,,,b,1,0.90052179253,,,,,2018_Mar_27_1303,59.9966451981,Stroop,Stroop-111,N,
RED,incongruent,b,blue,,,,,12,0,72,1,,,,,r,0,0.950519952283,,,,,2018_Mar_27_1303,59.9966451981,Stroop,Stroop-111,N,
XXXX,neutral,b,blue,,,,,12,1,73,5,,,,,b,1,0.650550104678,,,,,2018_Mar_27_1303,59.9966451981,Stroop,Stroop-111,N,
BLUE,congruent,b,blue,,,,,12,2,74,3,,,,,b,1,0.633860104077,,,,,2018_Mar_27_1303,59.9966451981,Stroop,Stroop-111,N,
RED,incongruent,b,blue,,,,,12,3,75,1,,,,,b,1,0.900534533022,,,,,2018_Mar_27_1303,59.9966451981,Stroop,Stroop-111,N,
BLUE,congruent,b,blue,,,,,12,4,76,3,,,,,b,1,0.533492895775,,,,,2018_Mar_27_1303,59.9966451981,Stroop,Stroop-111,N,
RED,incongruent,b,blue,,,,,12,5,77,1,,,,,b,1,0.817180791404,,,,,2018_Mar_27_1303,59.9966451981,Stroop,Stroop-111,N,
BLUE,incongruent,r,red,,,,,13,0,78,2,,,,,r,1,0.750546070223,,,,,2018_Mar_27_1303,59.9966451981,Stroop,Stroop-111,N,
XXXX,neutral,r,red,,,,,13,1,79,4,,,,,r,1,0.317209103494,,,,,2018_Mar_27_1303,59.9966451981,Stroop,Stroop-111,N,
XXXX,neutral,b,blue,,,,,13,2,80,5,,,,,b,1,0.467236141558,,,,,2018_Mar_27_1303,59.9966451981,Stroop,Stroop-111,N,
XXXX,neutral,r,red,,,,,13,3,81,4,,,,,r,1,0.766849256353,,,,,2018_Mar_27_1303,59.9966451981,Stroop,Stroop-111,N,
RED,incongruent,b,blue,,,,,13,4,82,1,,,,,b,1,0.817227152467,,,,,2018_Mar_27_1303,59.9966451981,Stroop,Stroop-111,N,
BLUE,incongruent,r,red,,,,,13,5,83,2,,,,,r,1,1.80046283256,,,,,2018_Mar_27_1303,59.9966451981,Stroop,Stroop-111,N,
RED,congruent,r,red,,,,,14,0,84,0,,,,,r,1,0.683866403531,,,,,2018_Mar_27_1303,59.9966451981,Stroop,Stroop-111,N,
RED,incongruent,b,blue,,,,,14,1,85,1,,,,,b,1,0.650546211749,,,,,2018_Mar_27_1303,59.9966451981,Stroop,Stroop-111,N,
XXXX,neutral,b,blue,,,,,14,2,86,5,,,,,b,1,1.05051060929,,,,,2018_Mar_27_1303,59.9966451981,Stroop,Stroop-111,N,
XXXX,neutral,b,blue,,,,,14,3,87,5,,,,,b,1,0.800527596555,,,,,2018_Mar_27_1303,59.9966451981,Stroop,Stroop-111,N,
XXXX,neutral,r,red,,,,,14,4,88,4,,,,,r,1,0.767228638812,,,,,2018_Mar_27_1303,59.9966451981,Stroop,Stroop-111,N,
RED,congruent,r,red,,,,,14,5,89,0,,,,,r,1,0.717211722396,,,,,2018_Mar_27_1303,59.9966451981,Stroop,Stroop-111,N,
RED,congruent,r,red,,,,,15,0,90,0,,,,,r,1,0.683868527005,,,,,2018_Mar_27_1303,59.9966451981,Stroop,Stroop-111,N,
XXXX,neutral,r,red,,,,,15,1,91,4,,,,,r,1,0.667190559034,,,,,2018_Mar_27_1303,59.9966451981,Stroop,Stroop-111,N,
XXXX,neutral,r,red,,,,,15,2,92,4,,,,,r,1,0.533529701526,,,,,2018_Mar_27_1303,59.9966451981,Stroop,Stroop-111,N,
BLUE,incongruent,r,red,,,,,15,3,93,2,,,,,r,1,0.967226232344,,,,,2018_Mar_27_1303,59.9966451981,Stroop,Stroop-111,N,
BLUE,incongruent,r,red,,,,,15,4,94,2,,,,,r,1,0.483875534206,,,,,2018_Mar_27_1303,59.9966451981,Stroop,Stroop-111,N,
XXXX,neutral,r,red,,,,,15,5,95,4,,,,,r,1,0.583861236577,,,,,2018_Mar_27_1303,59.9966451981,Stroop,Stroop-111,N,
BLUE,incongruent,r,red,,,,,16,0,96,2,,,,,r,1,0.600533896009,,,,,2018_Mar_27_1303,59.9966451981,Stroop,Stroop-111,N,
BLUE,incongruent,r,red,,,,,16,1,97,2,,,,,r,1,0.567190346716,,,,,2018_Mar_27_1303,59.9966451981,Stroop,Stroop-111,N,
BLUE,congruent,b,blue,,,,,16,2,98,3,,,,,b,1,0.567198486417,,,,,2018_Mar_27_1303,59.9966451981,Stroop,Stroop-111,N,
XXXX,neutral,r,red,,,,,16,3,99,4,,,,,r,1,0.95051676716,,,,,2018_Mar_27_1303,59.9966451981,Stroop,Stroop-111,N,
XXXX,neutral,r,red,,,,,16,4,100,4,,,,,r,1,0.600146373676,,,,,2018_Mar_27_1303,59.9966451981,Stroop,Stroop-111,N,
XXXX,neutral,b,blue,,,,,16,5,101,5,,,,,b,1,0.567191762326,,,,,2018_Mar_27_1303,59.9966451981,Stroop,Stroop-111,N,
RED,incongruent,b,blue,,,,,17,0,102,1,,,,,b,1,0.900504097459,,,,,2018_Mar_27_1303,59.9966451981,Stroop,Stroop-111,N,
XXXX,neutral,r,red,,,,,17,1,103,4,,,,,r,1,0.600556899561,,,,,2018_Mar_27_1303,59.9966451981,Stroop,Stroop-111,N,
BLUE,congruent,b,blue,,,,,17,2,104,3,,,,,b,1,0.917212854838,,,,,2018_Mar_27_1303,59.9966451981,Stroop,Stroop-111,N,
RED,incongruent,b,blue,,,,,17,3,105,1,,,,,b,1,0.700536939548,,,,,2018_Mar_27_1303,59.9966451981,Stroop,Stroop-111,N,
XXXX,neutral,r,red,,,,,17,4,106,4,,,,,r,1,0.383883815492,,,,,2018_Mar_27_1303,59.9966451981,Stroop,Stroop-111,N,
RED,congruent,r,red,,,,,17,5,107,0,,,,,r,1,0.617203016358,,,,,2018_Mar_27_1303,59.9966451981,Stroop,Stroop-111,N,
BLUE,incongruent,r,red,,,,,18,0,108,2,,,,,r,1,0.75055244047,,,,,2018_Mar_27_1303,59.9966451981,Stroop,Stroop-111,N,
RED,congruent,r,red,,,,,18,1,109,0,,,,,r,1,0.466820307134,,,,,2018_Mar_27_1303,59.9966451981,Stroop,Stroop-111,N,
XXXX,neutral,b,blue,,,,,18,2,110,5,,,,,b,1,0.566837506776,,,,,2018_Mar_27_1303,59.9966451981,Stroop,Stroop-111,N,
RED,incongruent,b,blue,,,,,18,3,111,1,,,,,b,1,0.433893653972,,,,,2018_Mar_27_1303,59.9966451981,Stroop,Stroop-111,N,
BLUE,congruent,b,blue,,,,,18,4,112,3,,,,,b,1,0.500545716321,,,,,2018_Mar_27_1303,59.9966451981,Stroop,Stroop-111,N,
XXXX,neutral,b,blue,,,,,18,5,113,5,,,,,b,1,0.483882966102,,,,,2018_Mar_27_1303,59.9966451981,Stroop,Stroop-111,N,
XXXX,neutral,r,red,,,,,19,0,114,4,,,,,r,1,0.567204148858,,,,,2018_Mar_27_1303,59.9966451981,Stroop,Stroop-111,N,
BLUE,congruent,b,blue,,,,,19,1,115,3,,,,,b,1,0.483886151284,,,,,2018_Mar_27_1303,59.9966451981,Stroop,Stroop-111,N,
RED,incongruent,b,blue,,,,,19,2,116,1,,,,,b,1,0.767200326722,,,,,2018_Mar_27_1303,59.9966451981,Stroop,Stroop-111,N,
XXXX,neutral,r,red,,,,,19,3,117,4,,,,,r,1,0.467220923805,,,,,2018_Mar_27_1303,59.9966451981,Stroop,Stroop-111,N,
XXXX,neutral,b,blue,,,,,19,4,118,5,,,,,b,1,0.383860104135,,,,,2018_Mar_27_1303,59.9966451981,Stroop,Stroop-111,N,
RED,congruent,r,red,,,,,19,5,119,0,,,,,r,1,1.10031341529,,,,,2018_Mar_27_1303,59.9966451981,Stroop,Stroop-111,N,
RED,incongruent,b,blue,,,,,20,0,120,1,,,,,b,1,0.517226515454,,,,,2018_Mar_27_1303,59.9966451981,Stroop,Stroop-111,N,
RED,congruent,r,red,,,,,20,1,121,0,,,,,r,1,0.500483075739,,,,,2018_Mar_27_1303,59.9966451981,Stroop,Stroop-111,N,
BLUE,congruent,b,blue,,,,,20,2,122,3,,,,,b,1,0.500577213534,,,,,2018_Mar_27_1303,59.9966451981,Stroop,Stroop-111,N,
XXXX,neutral,r,red,,,,,20,3,123,4,,,,,r,1,0.666805867979,,,,,2018_Mar_27_1303,59.9966451981,Stroop,Stroop-111,N,
BLUE,incongruent,r,red,,,,,20,4,124,2,,,,,r,1,1.08384991175,,,,,2018_Mar_27_1303,59.9966451981,Stroop,Stroop-111,N,
RED,congruent,r,red,,,,,20,5,125,0,,,,,r,1,0.517227223201,,,,,2018_Mar_27_1303,59.9966451981,Stroop,Stroop-111,N,
RED,incongruent,b,blue,,,,,21,0,126,1,,,,,b,1,0.383887000615,,,,,2018_Mar_27_1303,59.9966451981,Stroop,Stroop-111,N,
XXXX,neutral,b,blue,,,,,21,1,127,5,,,,,b,1,0.50054146949,,,,,2018_Mar_27_1303,59.9966451981,Stroop,Stroop-111,N,
XXXX,neutral,r,red,,,,,21,2,128,4,,,,,r,1,0.55056900304,,,,,2018_Mar_27_1303,59.9966451981,Stroop,Stroop-111,N,
BLUE,congruent,b,blue,,,,,21,3,129,3,,,,,b,1,0.417241166986,,,,,2018_Mar_27_1303,59.9966451981,Stroop,Stroop-111,N,
RED,congruent,r,red,,,,,21,4,130,0,,,,,r,1,0.516801479564,,,,,2018_Mar_27_1303,59.9966451981,Stroop,Stroop-111,N,
XXXX,neutral,r,red,,,,,21,5,131,4,,,,,r,1,0.683865341824,,,,,2018_Mar_27_1303,59.9966451981,Stroop,Stroop-111,N,
BLUE,incongruent,r,red,,,,,22,0,132,2,,,,,r,1,0.500559518463,,,,,2018_Mar_27_1303,59.9966451981,Stroop,Stroop-111,N,
XXXX,neutral,b,blue,,,,,22,1,133,5,,,,,b,1,0.450536939548,,,,,2018_Mar_27_1303,59.9966451981,Stroop,Stroop-111,N,
XXXX,neutral,b,blue,,,,,22,2,134,5,,,,,b,1,0.683882329089,,,,,2018_Mar_27_1303,59.9966451981,Stroop,Stroop-111,N,
BLUE,congruent,b,blue,,,,,22,3,135,3,,,,,b,1,0.550545645528,,,,,2018_Mar_27_1303,59.9966451981,Stroop,Stroop-111,N,
BLUE,congruent,b,blue,,,,,22,4,136,3,,,,,b,1,0.60055300669,,,,,2018_Mar_27_1303,59.9966451981,Stroop,Stroop-111,N,
RED,congruent,r,red,,,,,22,5,137,0,,,,,r,1,0.617193461047,,,,,2018_Mar_27_1303,59.9966451981,Stroop,Stroop-111,N,
BLUE,incongruent,r,red,,,,,23,0,138,2,,,,,r,1,0.600537788938,,,,,2018_Mar_27_1303,59.9966451981,Stroop,Stroop-111,N,
BLUE,incongruent,r,red,,,,,23,1,139,2,,,,,r,1,1.43383526016,,,,,2018_Mar_27_1303,59.9966451981,Stroop,Stroop-111,N,
XXXX,neutral,r,red,,,,,23,2,140,4,,,,,r,1,0.700541540224,,,,,2018_Mar_27_1303,59.9966451981,Stroop,Stroop-111,N,
RED,incongruent,b,blue,,,,,23,3,141,1,,,,,b,1,0.400557536632,,,,,2018_Mar_27_1303,59.9966451981,Stroop,Stroop-111,N,
XXXX,neutral,b,blue,,,,,23,4,142,5,,,,,b,1,0.41723762796,,,,,2018_Mar_27_1303,59.9966451981,Stroop,Stroop-111,N,
XXXX,neutral,b,blue,,,,,23,5,143,5,,,,,b,1,0.61721434124,,,,,2018_Mar_27_1303,59.9966451981,Stroop,Stroop-111,N,
XXXX,neutral,r,red,,,,,24,0,144,4,,,,,r,1,0.550553077424,,,,,2018_Mar_27_1303,59.9966451981,Stroop,Stroop-111,N,
BLUE,incongruent,r,red,,,,,24,1,145,2,,,,,r,1,0.633874967985,,,,,2018_Mar_27_1303,59.9966451981,Stroop,Stroop-111,N,
BLUE,incongruent,r,red,,,,,24,2,146,2,,,,,r,1,0.833466636308,,,,,2018_Mar_27_1303,59.9966451981,Stroop,Stroop-111,N,
BLUE,congruent,b,blue,,,,,24,3,147,3,,,,,b,1,0.5668191039,,,,,2018_Mar_27_1303,59.9966451981,Stroop,Stroop-111,N,
RED,congruent,r,red,,,,,24,4,148,0,,,,,r,1,0.850504876056,,,,,2018_Mar_27_1303,59.9966451981,Stroop,Stroop-111,N,
BLUE,congruent,b,blue,,,,,24,5,149,3,,,,,b,1,0.617203724163,,,,,2018_Mar_27_1303,59.9966451981,Stroop,Stroop-111,N,
,,,,,,,,,,,,,,,,,,,,,escape,70.1469197818,2018_Mar_27_1303,59.9966451981,Stroop,Stroop-111,N,
