word,type,correct,ink,Practice.thisRepN,Practice.thisTrialN,Practice.thisN,Practice.thisIndex,trials.thisRepN,trials.thisTrialN,trials.thisN,trials.thisIndex,ready_to_continue.keys,ready_to_continue.rt,key_resp_2.keys,key_resp_2.rt,Response.keys,Response.corr,Response.rt,begin_exp.keys,begin_exp.rt,finished.keys,finished.rt,date,frameRate,expName,participant,condition,
,,,,,,,,,,,,b,22.1989617271,,,,,,,,,,2018_Apr_24_1346,60.0032277448,Stroop,Stroop-119,L,
,,,,,,,,,,,,,,b,2.80041788556,,,,,,,,2018_Apr_24_1346,60.0032277448,Stroop,Stroop-119,L,
BLUE,congruent,b,blue,0,0,0,3,,,,,,,,,b,1,1.11678676866,,,,,2018_Apr_24_1346,60.0032277448,Stroop,Stroop-119,L,
XXXX,neutral,r,red,0,1,1,4,,,,,,,,,r,1,0.733844271096,,,,,2018_Apr_24_1346,60.0032277448,Stroop,Stroop-119,L,
XXXX,neutral,b,blue,0,2,2,5,,,,,,,,,b,1,0.417193683303,,,,,2018_Apr_24_1346,60.0032277448,Stroop,Stroop-119,L,
BLUE,incongruent,r,red,0,3,3,2,,,,,,,,,r,1,0.633833441745,,,,,2018_Apr_24_1346,60.0032277448,Stroop,Stroop-119,L,
RED,congruent,r,red,0,4,4,0,,,,,,,,,r,1,0.717193612523,,,,,2018_Apr_24_1346,60.0032277448,Stroop,Stroop-119,L,
RED,incongruent,b,blue,0,5,5,1,,,,,,,,,b,1,0.667218633279,,,,,2018_Apr_24_1346,60.0032277448,Stroop,Stroop-119,L,
XXXX,neutral,b,blue,1,0,6,5,,,,,,,,,b,1,0.567173121692,,,,,2018_Apr_24_1346,60.0032277448,Stroop,Stroop-119,L,
BLUE,incongruent,r,red,1,1,7,2,,,,,,,,,r,1,0.650530461266,,,,,2018_Apr_24_1346,60.0032277448,Stroop,Stroop-119,L,
RED,congruent,r,red,1,2,8,0,,,,,,,,,r,1,0.683850181233,,,,,2018_Apr_24_1346,60.0032277448,Stroop,Stroop-119,L,
BLUE,congruent,b,blue,1,3,9,3,,,,,,,,,b,1,0.383528910475,,,,,2018_Apr_24_1346,60.0032277448,Stroop,Stroop-119,L,
RED,incongruent,b,blue,1,4,10,1,,,,,,,,,b,1,0.867181190621,,,,,2018_Apr_24_1346,60.0032277448,Stroop,Stroop-119,L,
XXXX,neutral,r,red,1,5,11,4,,,,,,,,,r,1,0.583853507896,,,,,2018_Apr_24_1346,60.0032277448,Stroop,Stroop-119,L,
,,,,,,,,,,,,,,,,,,,b,3.43372967816,,,2018_Apr_24_1346,60.0032277448,Stroop,Stroop-119,L,
BLUE,congruent,b,blue,,,,,0,0,0,3,,,,,b,1,0.466820778482,,,,,2018_Apr_24_1346,60.0032277448,Stroop,Stroop-119,L,
RED,incongruent,b,blue,,,,,0,1,1,1,,,,,b,1,0.583852446195,,,,,2018_Apr_24_1346,60.0032277448,Stroop,Stroop-119,L,
BLUE,incongruent,r,red,,,,,0,2,2,2,,,,,r,1,0.700498716404,,,,,2018_Apr_24_1346,60.0032277448,Stroop,Stroop-119,L,
XXXX,neutral,r,red,,,,,0,3,3,4,,,,,r,1,0.55057165527,,,,,2018_Apr_24_1346,60.0032277448,Stroop,Stroop-119,L,
RED,congruent,r,red,,,,,0,4,4,0,,,,,r,1,0.450522958579,,,,,2018_Apr_24_1346,60.0032277448,Stroop,Stroop-119,L,
XXXX,neutral,r,red,,,,,0,5,5,4,,,,,r,1,0.467182464661,,,,,2018_Apr_24_1346,60.0032277448,Stroop,Stroop-119,L,
BLUE,congruent,b,blue,,,,,1,0,6,3,,,,,b,1,0.383860515123,,,,,2018_Apr_24_1346,60.0032277448,Stroop,Stroop-119,L,
BLUE,incongruent,r,red,,,,,1,1,7,2,,,,,r,1,0.700541538348,,,,,2018_Apr_24_1346,60.0032277448,Stroop,Stroop-119,L,
RED,incongruent,b,blue,,,,,1,2,8,1,,,,,b,1,0.583868725612,,,,,2018_Apr_24_1346,60.0032277448,Stroop,Stroop-119,L,
BLUE,congruent,b,blue,,,,,1,3,9,3,,,,,b,1,0.367234983476,,,,,2018_Apr_24_1346,60.0032277448,Stroop,Stroop-119,L,
BLUE,congruent,b,blue,,,,,1,4,10,3,,,,,b,1,0.400510819796,,,,,2018_Apr_24_1346,60.0032277448,Stroop,Stroop-119,L,
BLUE,congruent,b,blue,,,,,1,5,11,3,,,,,b,1,0.500578273207,,,,,2018_Apr_24_1346,60.0032277448,Stroop,Stroop-119,L,
RED,incongruent,b,blue,,,,,2,0,12,1,,,,,b,1,0.417201469111,,,,,2018_Apr_24_1346,60.0032277448,Stroop,Stroop-119,L,
XXXX,neutral,r,red,,,,,2,1,13,4,,,,,r,1,0.366824812946,,,,,2018_Apr_24_1346,60.0032277448,Stroop,Stroop-119,L,
BLUE,incongruent,r,red,,,,,2,2,14,2,,,,,r,1,0.467192373872,,,,,2018_Apr_24_1346,60.0032277448,Stroop,Stroop-119,L,
XXXX,neutral,b,blue,,,,,2,3,15,5,,,,,b,1,0.450528974885,,,,,2018_Apr_24_1346,60.0032277448,Stroop,Stroop-119,L,
RED,congruent,r,red,,,,,2,4,16,0,,,,,r,1,0.533855525127,,,,,2018_Apr_24_1346,60.0032277448,Stroop,Stroop-119,L,
XXXX,neutral,r,red,,,,,2,5,17,4,,,,,r,1,0.56719046281,,,,,2018_Apr_24_1346,60.0032277448,Stroop,Stroop-119,L,
XXXX,neutral,b,blue,,,,,3,0,18,5,,,,,b,1,0.517245565097,,,,,2018_Apr_24_1346,60.0032277448,Stroop,Stroop-119,L,
BLUE,congruent,b,blue,,,,,3,1,19,3,,,,,b,1,0.46720015968,,,,,2018_Apr_24_1346,60.0032277448,Stroop,Stroop-119,L,
RED,incongruent,b,blue,,,,,3,2,20,1,,,,,b,1,0.533862957036,,,,,2018_Apr_24_1346,60.0032277448,Stroop,Stroop-119,L,
XXXX,neutral,b,blue,,,,,3,3,21,5,,,,,b,1,0.433885040419,,,,,2018_Apr_24_1346,60.0032277448,Stroop,Stroop-119,L,
RED,congruent,r,red,,,,,3,4,22,0,,,,,r,1,0.316836385487,,,,,2018_Apr_24_1346,60.0032277448,Stroop,Stroop-119,L,
XXXX,neutral,r,red,,,,,3,5,23,4,,,,,r,1,0.500533681759,,,,,2018_Apr_24_1346,60.0032277448,Stroop,Stroop-119,L,
RED,incongruent,b,blue,,,,,4,0,24,1,,,,,b,1,0.367195700535,,,,,2018_Apr_24_1346,60.0032277448,Stroop,Stroop-119,L,
XXXX,neutral,b,blue,,,,,4,1,25,5,,,,,b,1,0.400534177221,,,,,2018_Apr_24_1346,60.0032277448,Stroop,Stroop-119,L,
BLUE,incongruent,r,red,,,,,4,2,26,2,,,,,r,1,0.650498610234,,,,,2018_Apr_24_1346,60.0032277448,Stroop,Stroop-119,L,
XXXX,neutral,b,blue,,,,,4,3,27,5,,,,,b,1,0.300534318781,,,,,2018_Apr_24_1346,60.0032277448,Stroop,Stroop-119,L,
XXXX,neutral,r,red,,,,,4,4,28,4,,,,,r,1,0.517196726846,,,,,2018_Apr_24_1346,60.0032277448,Stroop,Stroop-119,L,
XXXX,neutral,r,red,,,,,4,5,29,4,,,,,r,1,0.4672189164,,,,,2018_Apr_24_1346,60.0032277448,Stroop,Stroop-119,L,
BLUE,incongruent,r,red,,,,,5,0,30,2,,,,,r,1,0.50053332786,,,,,2018_Apr_24_1346,60.0032277448,Stroop,Stroop-119,L,
XXXX,neutral,b,blue,,,,,5,1,31,5,,,,,b,1,0.483871344474,,,,,2018_Apr_24_1346,60.0032277448,Stroop,Stroop-119,L,
RED,incongruent,b,blue,,,,,5,2,32,1,,,,,b,1,0.433865929799,,,,,2018_Apr_24_1346,60.0032277448,Stroop,Stroop-119,L,
RED,congruent,r,red,,,,,5,3,33,0,,,,,r,1,0.467210776691,,,,,2018_Apr_24_1346,60.0032277448,Stroop,Stroop-119,L,
XXXX,neutral,b,blue,,,,,5,4,34,5,,,,,b,1,0.467186711466,,,,,2018_Apr_24_1346,60.0032277448,Stroop,Stroop-119,L,
RED,congruent,r,red,,,,,5,5,35,0,,,,,r,1,0.583864478807,,,,,2018_Apr_24_1346,60.0032277448,Stroop,Stroop-119,L,
BLUE,congruent,b,blue,,,,,6,0,36,3,,,,,b,1,0.483851526054,,,,,2018_Apr_24_1346,60.0032277448,Stroop,Stroop-119,L,
RED,congruent,r,red,,,,,6,1,37,0,,,,,r,1,0.517181863031,,,,,2018_Apr_24_1346,60.0032277448,Stroop,Stroop-119,L,
BLUE,incongruent,r,red,,,,,6,2,38,2,,,,,r,1,0.583858462501,,,,,2018_Apr_24_1346,60.0032277448,Stroop,Stroop-119,L,
BLUE,congruent,b,blue,,,,,6,3,39,3,,,,,b,1,0.333875626669,,,,,2018_Apr_24_1346,60.0032277448,Stroop,Stroop-119,L,
RED,congruent,r,red,,,,,6,4,40,0,,,,,r,1,0.700528444034,,,,,2018_Apr_24_1346,60.0032277448,Stroop,Stroop-119,L,
BLUE,incongruent,r,red,,,,,6,5,41,2,,,,,r,1,0.433852127684,,,,,2018_Apr_24_1346,60.0032277448,Stroop,Stroop-119,L,
RED,incongruent,b,blue,,,,,7,0,42,1,,,,,b,1,0.467178217858,,,,,2018_Apr_24_1346,60.0032277448,Stroop,Stroop-119,L,
RED,congruent,r,red,,,,,7,1,43,0,,,,,r,1,0.433850358182,,,,,2018_Apr_24_1346,60.0032277448,Stroop,Stroop-119,L,
RED,congruent,r,red,,,,,7,2,44,0,,,,,b,0,0.400533469419,,,,,2018_Apr_24_1346,60.0032277448,Stroop,Stroop-119,L,
BLUE,congruent,b,blue,,,,,7,3,45,3,,,,,b,1,0.56719966422,,,,,2018_Apr_24_1346,60.0032277448,Stroop,Stroop-119,L,
XXXX,neutral,r,red,,,,,7,4,46,4,,,,,r,1,0.7672007967,,,,,2018_Apr_24_1346,60.0032277448,Stroop,Stroop-119,L,
BLUE,incongruent,r,red,,,,,7,5,47,2,,,,,r,1,0.667210493571,,,,,2018_Apr_24_1346,60.0032277448,Stroop,Stroop-119,L,
BLUE,incongruent,r,red,,,,,8,0,48,2,,,,,r,1,0.550568470167,,,,,2018_Apr_24_1346,60.0032277448,Stroop,Stroop-119,L,
XXXX,neutral,r,red,,,,,8,1,49,4,,,,,r,1,0.933840802873,,,,,2018_Apr_24_1346,60.0032277448,Stroop,Stroop-119,L,
XXXX,neutral,b,blue,,,,,8,2,50,5,,,,,b,1,0.517216899168,,,,,2018_Apr_24_1346,60.0032277448,Stroop,Stroop-119,L,
XXXX,neutral,b,blue,,,,,8,3,51,5,,,,,b,1,0.40052391411,,,,,2018_Apr_24_1346,60.0032277448,Stroop,Stroop-119,L,
XXXX,neutral,r,red,,,,,8,4,52,4,,,,,r,1,0.517192833942,,,,,2018_Apr_24_1346,60.0032277448,Stroop,Stroop-119,L,
XXXX,neutral,r,red,,,,,8,5,53,4,,,,,r,1,0.433871238304,,,,,2018_Apr_24_1346,60.0032277448,Stroop,Stroop-119,L,
XXXX,neutral,r,red,,,,,9,0,54,4,,,,,r,1,0.417289236403,,,,,2018_Apr_24_1346,60.0032277448,Stroop,Stroop-119,L,
XXXX,neutral,r,red,,,,,9,1,55,4,,,,,r,1,0.383855560518,,,,,2018_Apr_24_1346,60.0032277448,Stroop,Stroop-119,L,
BLUE,congruent,b,blue,,,,,9,2,56,3,,,,,b,1,0.467109207285,,,,,2018_Apr_24_1346,60.0032277448,Stroop,Stroop-119,L,
BLUE,congruent,b,blue,,,,,9,3,57,3,,,,,b,1,0.383872901636,,,,,2018_Apr_24_1346,60.0032277448,Stroop,Stroop-119,L,
BLUE,congruent,b,blue,,,,,9,4,58,3,,,,,b,1,0.417201469111,,,,,2018_Apr_24_1346,60.0032277448,Stroop,Stroop-119,L,
BLUE,incongruent,r,red,,,,,9,5,59,2,,,,,r,1,0.550519985815,,,,,2018_Apr_24_1346,60.0032277448,Stroop,Stroop-119,L,
RED,incongruent,b,blue,,,,,10,0,60,1,,,,,b,1,0.583851738394,,,,,2018_Apr_24_1346,60.0032277448,Stroop,Stroop-119,L,
XXXX,neutral,r,red,,,,,10,1,61,4,,,,,r,1,0.450545962103,,,,,2018_Apr_24_1346,60.0032277448,Stroop,Stroop-119,L,
RED,incongruent,b,blue,,,,,10,2,62,1,,,,,b,1,0.31682930748,,,,,2018_Apr_24_1346,60.0032277448,Stroop,Stroop-119,L,
BLUE,congruent,b,blue,,,,,10,3,63,3,,,,,b,1,0.417153338661,,,,,2018_Apr_24_1346,60.0032277448,Stroop,Stroop-119,L,
RED,congruent,r,red,,,,,10,4,64,0,,,,,r,1,0.800511669157,,,,,2018_Apr_24_1346,60.0032277448,Stroop,Stroop-119,L,
RED,incongruent,b,blue,,,,,10,5,65,1,,,,,b,1,0.350551058268,,,,,2018_Apr_24_1346,60.0032277448,Stroop,Stroop-119,L,
RED,incongruent,b,blue,,,,,11,0,66,1,,,,,b,1,0.450505971361,,,,,2018_Apr_24_1346,60.0032277448,Stroop,Stroop-119,L,
BLUE,incongruent,r,red,,,,,11,1,67,2,,,,,r,1,0.583846783788,,,,,2018_Apr_24_1346,60.0032277448,Stroop,Stroop-119,L,
BLUE,congruent,b,blue,,,,,11,2,68,3,,,,,b,1,0.300549890397,,,,,2018_Apr_24_1346,60.0032277448,Stroop,Stroop-119,L,
BLUE,incongruent,r,red,,,,,11,3,69,2,,,,,r,1,0.483867451571,,,,,2018_Apr_24_1346,60.0032277448,Stroop,Stroop-119,L,
RED,incongruent,b,blue,,,,,11,4,70,1,,,,,b,1,0.63385786087,,,,,2018_Apr_24_1346,60.0032277448,Stroop,Stroop-119,L,
BLUE,congruent,b,blue,,,,,11,5,71,3,,,,,b,1,0.783880475105,,,,,2018_Apr_24_1346,60.0032277448,Stroop,Stroop-119,L,
BLUE,incongruent,r,red,,,,,12,0,72,2,,,,,r,1,0.600534955801,,,,,2018_Apr_24_1346,60.0032277448,Stroop,Stroop-119,L,
XXXX,neutral,r,red,,,,,12,1,73,4,,,,,r,1,1.13381043822,,,,,2018_Apr_24_1346,60.0032277448,Stroop,Stroop-119,L,
BLUE,congruent,b,blue,,,,,12,2,74,3,,,,,b,1,0.517187525436,,,,,2018_Apr_24_1346,60.0032277448,Stroop,Stroop-119,L,
RED,congruent,r,red,,,,,12,3,75,0,,,,,r,1,0.483859665762,,,,,2018_Apr_24_1346,60.0032277448,Stroop,Stroop-119,L,
BLUE,congruent,b,blue,,,,,12,4,76,3,,,,,b,1,0.433873361706,,,,,2018_Apr_24_1346,60.0032277448,Stroop,Stroop-119,L,
XXXX,neutral,b,blue,,,,,12,5,77,5,,,,,b,1,0.517194249544,,,,,2018_Apr_24_1346,60.0032277448,Stroop,Stroop-119,L,
XXXX,neutral,r,red,,,,,13,0,78,4,,,,,r,1,0.466814762175,,,,,2018_Apr_24_1346,60.0032277448,Stroop,Stroop-119,L,
RED,congruent,r,red,,,,,13,1,79,0,,,,,r,1,0.550491673786,,,,,2018_Apr_24_1346,60.0032277448,Stroop,Stroop-119,L,
RED,congruent,r,red,,,,,13,2,80,0,,,,,r,1,0.400531346017,,,,,2018_Apr_24_1346,60.0032277448,Stroop,Stroop-119,L,
XXXX,neutral,b,blue,,,,,13,3,81,5,,,,,b,1,0.500529434956,,,,,2018_Apr_24_1346,60.0032277448,Stroop,Stroop-119,L,
BLUE,congruent,b,blue,,,,,13,4,82,3,,,,,b,1,0.533886668361,,,,,2018_Apr_24_1346,60.0032277448,Stroop,Stroop-119,L,
RED,incongruent,b,blue,,,,,13,5,83,1,,,,,b,1,0.450529328786,,,,,2018_Apr_24_1346,60.0032277448,Stroop,Stroop-119,L,
BLUE,incongruent,r,red,,,,,14,0,84,2,,,,,r,1,0.533862249235,,,,,2018_Apr_24_1346,60.0032277448,Stroop,Stroop-119,L,
XXXX,neutral,b,blue,,,,,14,1,85,5,,,,,b,1,0.450159148997,,,,,2018_Apr_24_1346,60.0032277448,Stroop,Stroop-119,L,
XXXX,neutral,r,red,,,,,14,2,86,4,,,,,r,1,0.300519454965,,,,,2018_Apr_24_1346,60.0032277448,Stroop,Stroop-119,L,
RED,congruent,r,red,,,,,14,3,87,0,,,,,r,1,0.53385764853,,,,,2018_Apr_24_1346,60.0032277448,Stroop,Stroop-119,L,
RED,incongruent,b,blue,,,,,14,4,88,1,,,,,b,1,0.583880050423,,,,,2018_Apr_24_1346,60.0032277448,Stroop,Stroop-119,L,
RED,congruent,r,red,,,,,14,5,89,0,,,,,r,1,0.433875131208,,,,,2018_Apr_24_1346,60.0032277448,Stroop,Stroop-119,L,
RED,congruent,r,red,,,,,15,0,90,0,,,,,r,1,0.467223163204,,,,,2018_Apr_24_1346,60.0032277448,Stroop,Stroop-119,L,
RED,incongruent,b,blue,,,,,15,1,91,1,,,,,b,1,0.450534283391,,,,,2018_Apr_24_1346,60.0032277448,Stroop,Stroop-119,L,
RED,congruent,r,red,,,,,15,2,92,0,,,,,r,1,0.383861930725,,,,,2018_Apr_24_1346,60.0032277448,Stroop,Stroop-119,L,
XXXX,neutral,b,blue,,,,,15,3,93,5,,,,,b,1,0.433850358183,,,,,2018_Apr_24_1346,60.0032277448,Stroop,Stroop-119,L,
XXXX,neutral,r,red,,,,,15,4,94,4,,,,,r,1,0.433864868098,,,,,2018_Apr_24_1346,60.0032277448,Stroop,Stroop-119,L,
BLUE,incongruent,r,red,,,,,15,5,95,2,,,,,r,1,0.467235549717,,,,,2018_Apr_24_1346,60.0032277448,Stroop,Stroop-119,L,
XXXX,neutral,b,blue,,,,,16,0,96,5,,,,,b,1,0.50060021503,,,,,2018_Apr_24_1346,60.0032277448,Stroop,Stroop-119,L,
XXXX,neutral,b,blue,,,,,16,1,97,5,,,,,b,1,0.433873715607,,,,,2018_Apr_24_1346,60.0032277448,Stroop,Stroop-119,L,
XXXX,neutral,b,blue,,,,,16,2,98,5,,,,,b,1,0.400495955981,,,,,2018_Apr_24_1346,60.0032277448,Stroop,Stroop-119,L,
RED,congruent,r,red,,,,,16,3,99,0,,,,,r,1,0.467186003665,,,,,2018_Apr_24_1346,60.0032277448,Stroop,Stroop-119,L,
XXXX,neutral,r,red,,,,,16,4,100,4,,,,,r,1,0.417195098905,,,,,2018_Apr_24_1346,60.0032277448,Stroop,Stroop-119,L,
BLUE,congruent,b,blue,,,,,16,5,101,3,,,,,b,1,0.466830687692,,,,,2018_Apr_24_1346,60.0032277448,Stroop,Stroop-119,L,
XXXX,neutral,b,blue,,,,,17,0,102,5,,,,,b,1,0.433849650381,,,,,2018_Apr_24_1346,60.0032277448,Stroop,Stroop-119,L,
BLUE,congruent,b,blue,,,,,17,1,103,3,,,,,b,1,0.450535698992,,,,,2018_Apr_24_1346,60.0032277448,Stroop,Stroop-119,L,
RED,congruent,r,red,,,,,17,2,104,0,,,,,r,1,0.417203592513,,,,,2018_Apr_24_1346,60.0032277448,Stroop,Stroop-119,L,
BLUE,incongruent,r,red,,,,,17,3,105,2,,,,,r,1,0.583499607525,,,,,2018_Apr_24_1346,60.0032277448,Stroop,Stroop-119,L,
BLUE,incongruent,r,red,,,,,17,4,106,2,,,,,r,1,0.617233744825,,,,,2018_Apr_24_1346,60.0032277448,Stroop,Stroop-119,L,
XXXX,neutral,b,blue,,,,,17,5,107,5,,,,,b,1,0.450531098287,,,,,2018_Apr_24_1346,60.0032277448,Stroop,Stroop-119,L,
RED,incongruent,b,blue,,,,,18,0,108,1,,,,,b,1,0.367199593439,,,,,2018_Apr_24_1346,60.0032277448,Stroop,Stroop-119,L,
BLUE,incongruent,r,red,,,,,18,1,109,2,,,,,b,0,0.550508661004,,,,,2018_Apr_24_1346,60.0032277448,Stroop,Stroop-119,L,
XXXX,neutral,b,blue,,,,,18,2,110,5,,,,,b,1,0.550509368804,,,,,2018_Apr_24_1346,60.0032277448,Stroop,Stroop-119,L,
BLUE,incongruent,r,red,,,,,18,3,111,2,,,,,r,1,0.783839422661,,,,,2018_Apr_24_1346,60.0032277448,Stroop,Stroop-119,L,
BLUE,incongruent,r,red,,,,,18,4,112,2,,,,,r,1,0.850502927818,,,,,2018_Apr_24_1346,60.0032277448,Stroop,Stroop-119,L,
XXXX,neutral,r,red,,,,,18,5,113,4,,,,,r,1,0.50052377255,,,,,2018_Apr_24_1346,60.0032277448,Stroop,Stroop-119,L,
RED,incongruent,b,blue,,,,,19,0,114,1,,,,,b,1,1.16715386951,,,,,2018_Apr_24_1346,60.0032277448,Stroop,Stroop-119,L,
XXXX,neutral,r,red,,,,,19,1,115,4,,,,,r,1,0.467195205075,,,,,2018_Apr_24_1346,60.0032277448,Stroop,Stroop-119,L,
RED,congruent,r,red,,,,,19,2,116,0,,,,,r,1,0.700570558179,,,,,2018_Apr_24_1346,60.0032277448,Stroop,Stroop-119,L,
XXXX,neutral,b,blue,,,,,19,3,117,5,,,,,b,1,0.367233567875,,,,,2018_Apr_24_1346,60.0032277448,Stroop,Stroop-119,L,
XXXX,neutral,b,blue,,,,,19,4,118,5,,,,,b,1,0.583849968892,,,,,2018_Apr_24_1346,60.0032277448,Stroop,Stroop-119,L,
RED,incongruent,b,blue,,,,,19,5,119,1,,,,,b,1,0.317206565276,,,,,2018_Apr_24_1346,60.0032277448,Stroop,Stroop-119,L,
XXXX,neutral,b,blue,,,,,20,0,120,5,,,,,b,1,0.383880687444,,,,,2018_Apr_24_1346,60.0032277448,Stroop,Stroop-119,L,
XXXX,neutral,r,red,,,,,20,1,121,4,,,,,r,1,0.417211732222,,,,,2018_Apr_24_1346,60.0032277448,Stroop,Stroop-119,L,
RED,incongruent,b,blue,,,,,20,2,122,1,,,,,b,1,0.517207697758,,,,,2018_Apr_24_1346,60.0032277448,Stroop,Stroop-119,L,
XXXX,neutral,b,blue,,,,,20,3,123,5,,,,,b,1,0.433872300006,,,,,2018_Apr_24_1346,60.0032277448,Stroop,Stroop-119,L,
BLUE,congruent,b,blue,,,,,20,4,124,3,,,,,b,1,0.483891870696,,,,,2018_Apr_24_1346,60.0032277448,Stroop,Stroop-119,L,
BLUE,congruent,b,blue,,,,,20,5,125,3,,,,,b,1,0.383864761928,,,,,2018_Apr_24_1346,60.0032277448,Stroop,Stroop-119,L,
BLUE,incongruent,r,red,,,,,21,0,126,2,,,,,r,1,0.483846571449,,,,,2018_Apr_24_1346,60.0032277448,Stroop,Stroop-119,L,
BLUE,incongruent,r,red,,,,,21,1,127,2,,,,,r,1,0.467197682377,,,,,2018_Apr_24_1346,60.0032277448,Stroop,Stroop-119,L,
BLUE,incongruent,r,red,,,,,21,2,128,2,,,,,r,1,0.400552580039,,,,,2018_Apr_24_1346,60.0032277448,Stroop,Stroop-119,L,
RED,incongruent,b,blue,,,,,21,3,129,1,,,,,b,1,0.517298296252,,,,,2018_Apr_24_1346,60.0032277448,Stroop,Stroop-119,L,
RED,congruent,r,red,,,,,21,4,130,0,,,,,r,1,0.33392446492,,,,,2018_Apr_24_1346,60.0032277448,Stroop,Stroop-119,L,
RED,congruent,r,red,,,,,21,5,131,0,,,,,r,1,0.417213501723,,,,,2018_Apr_24_1346,60.0032277448,Stroop,Stroop-119,L,
BLUE,incongruent,r,red,,,,,22,0,132,2,,,,,r,1,0.48386674377,,,,,2018_Apr_24_1346,60.0032277448,Stroop,Stroop-119,L,
RED,congruent,r,red,,,,,22,1,133,0,,,,,r,1,0.433877254611,,,,,2018_Apr_24_1346,60.0032277448,Stroop,Stroop-119,L,
BLUE,congruent,b,blue,,,,,22,2,134,3,,,,,b,1,0.333498368873,,,,,2018_Apr_24_1346,60.0032277448,Stroop,Stroop-119,L,
RED,incongruent,b,blue,,,,,22,3,135,1,,,,,b,1,0.383874317237,,,,,2018_Apr_24_1346,60.0032277448,Stroop,Stroop-119,L,
RED,congruent,r,red,,,,,22,4,136,0,,,,,r,1,0.367203840244,,,,,2018_Apr_24_1346,60.0032277448,Stroop,Stroop-119,L,
RED,incongruent,b,blue,,,,,22,5,137,1,,,,,b,1,0.367202778542,,,,,2018_Apr_24_1346,60.0032277448,Stroop,Stroop-119,L,
XXXX,neutral,r,red,,,,,23,0,138,4,,,,,r,1,0.333879873473,,,,,2018_Apr_24_1346,60.0032277448,Stroop,Stroop-119,L,
RED,incongruent,b,blue,,,,,23,1,139,1,,,,,b,1,0.233906557562,,,,,2018_Apr_24_1346,60.0032277448,Stroop,Stroop-119,L,
RED,incongruent,b,blue,,,,,23,2,140,1,,,,,b,1,0.367169511907,,,,,2018_Apr_24_1346,60.0032277448,Stroop,Stroop-119,L,
XXXX,neutral,r,red,,,,,23,3,141,4,,,,,r,1,0.350548227065,,,,,2018_Apr_24_1346,60.0032277448,Stroop,Stroop-119,L,
XXXX,neutral,b,blue,,,,,23,4,142,5,,,,,r,0,0.483898240903,,,,,2018_Apr_24_1346,60.0032277448,Stroop,Stroop-119,L,
RED,incongruent,b,blue,,,,,23,5,143,1,,,,,b,1,0.417206423716,,,,,2018_Apr_24_1346,60.0032277448,Stroop,Stroop-119,L,
BLUE,congruent,b,blue,,,,,24,0,144,3,,,,,b,1,0.300548828696,,,,,2018_Apr_24_1346,60.0032277448,Stroop,Stroop-119,L,
XXXX,neutral,b,blue,,,,,24,1,145,5,,,,,b,1,0.350538671755,,,,,2018_Apr_24_1346,60.0032277448,Stroop,Stroop-119,L,
BLUE,incongruent,r,red,,,,,24,2,146,2,,,,,r,1,0.433885040419,,,,,2018_Apr_24_1346,60.0032277448,Stroop,Stroop-119,L,
BLUE,congruent,b,blue,,,,,24,3,147,3,,,,,b,1,0.317203380173,,,,,2018_Apr_24_1346,60.0032277448,Stroop,Stroop-119,L,
RED,congruent,r,red,,,,,24,4,148,0,,,,,r,1,0.417241459853,,,,,2018_Apr_24_1346,60.0032277448,Stroop,Stroop-119,L,
XXXX,neutral,r,red,,,,,24,5,149,4,,,,,r,1,0.533501624756,,,,,2018_Apr_24_1346,60.0032277448,Stroop,Stroop-119,L,
,,,,,,,,,,,,,,,,,,,,,escape,429.42683039,2018_Apr_24_1346,60.0032277448,Stroop,Stroop-119,L,
