word,type,correct,ink,Practice.thisRepN,Practice.thisTrialN,Practice.thisN,Practice.thisIndex,trials.thisRepN,trials.thisTrialN,trials.thisN,trials.thisIndex,ready_to_continue.keys,ready_to_continue.rt,key_resp_2.keys,key_resp_2.rt,Response.keys,Response.corr,Response.rt,begin_exp.keys,begin_exp.rt,finished.keys,finished.rt,date,frameRate,expName,participant,condition,
,,,,,,,,,,,,r,88.9292423249,,,,,,,,,,2018_May_09_1043,60.000976815,Stroop,Stroop-124,L,
,,,,,,,,,,,,,,r,2.16712614894,,,,,,,,2018_May_09_1043,60.000976815,Stroop,Stroop-124,L,
RED,congruent,r,red,0,0,0,0,,,,,,,,,r,1,1.81719600921,,,,,2018_May_09_1043,60.000976815,Stroop,Stroop-124,L,
XXXX,neutral,b,blue,0,1,1,5,,,,,,,,,b,1,0.533876171219,,,,,2018_May_09_1043,60.000976815,Stroop,Stroop-124,L,
BLUE,congruent,b,blue,0,2,2,3,,,,,,,,,b,1,0.850520093809,,,,,2018_May_09_1043,60.000976815,Stroop,Stroop-124,L,
XXXX,neutral,r,red,0,3,3,4,,,,,,,,,r,1,0.567200255929,,,,,2018_May_09_1043,60.000976815,Stroop,Stroop-124,L,
BLUE,incongruent,r,red,0,4,4,2,,,,,,,,,r,1,0.933834198513,,,,,2018_May_09_1043,60.000976815,Stroop,Stroop-124,L,
RED,incongruent,b,blue,0,5,5,1,,,,,,,,,b,1,1.11716054811,,,,,2018_May_09_1043,60.000976815,Stroop,Stroop-124,L,
BLUE,congruent,b,blue,1,0,6,3,,,,,,,,,b,1,0.750513865147,,,,,2018_May_09_1043,60.000976815,Stroop,Stroop-124,L,
XXXX,neutral,r,red,1,1,7,4,,,,,,,,,r,1,0.617200539098,,,,,2018_May_09_1043,60.000976815,Stroop,Stroop-124,L,
XXXX,neutral,b,blue,1,2,8,5,,,,,,,,,b,1,0.533898113063,,,,,2018_May_09_1043,60.000976815,Stroop,Stroop-124,L,
RED,incongruent,b,blue,1,3,9,1,,,,,,,,,b,1,0.967198274098,,,,,2018_May_09_1043,60.000976815,Stroop,Stroop-124,L,
RED,congruent,r,red,1,4,10,0,,,,,,,,,r,1,0.583872207557,,,,,2018_May_09_1043,60.000976815,Stroop,Stroop-124,L,
BLUE,incongruent,r,red,1,5,11,2,,,,,,,,,r,1,0.85052434064,,,,,2018_May_09_1043,60.000976815,Stroop,Stroop-124,L,
,,,,,,,,,,,,,,,,,,,b,4.16701997851,,,2018_May_09_1043,60.000976815,Stroop,Stroop-124,L,
BLUE,incongruent,r,red,,,,,0,0,0,2,,,,,b,0,0.717163945548,,,,,2018_May_09_1043,60.000976815,Stroop,Stroop-124,L,
BLUE,incongruent,r,red,,,,,0,1,1,2,,,,,r,1,0.617233098019,,,,,2018_May_09_1043,60.000976815,Stroop,Stroop-124,L,
RED,incongruent,b,blue,,,,,0,2,2,1,,,,,b,1,0.617228851188,,,,,2018_May_09_1043,60.000976815,Stroop,Stroop-124,L,
BLUE,incongruent,r,red,,,,,0,3,3,2,,,,,r,1,1.05049114465,,,,,2018_May_09_1043,60.000976815,Stroop,Stroop-124,L,
BLUE,congruent,b,blue,,,,,0,4,4,3,,,,,b,1,0.533879356342,,,,,2018_May_09_1043,60.000976815,Stroop,Stroop-124,L,
RED,congruent,r,red,,,,,0,5,5,0,,,,,r,1,0.550534320762,,,,,2018_May_09_1043,60.000976815,Stroop,Stroop-124,L,
BLUE,congruent,b,blue,,,,,1,0,6,3,,,,,b,1,0.56718928495,,,,,2018_May_09_1043,60.000976815,Stroop,Stroop-124,L,
BLUE,incongruent,r,red,,,,,1,1,7,2,,,,,b,0,0.533863430843,,,,,2018_May_09_1043,60.000976815,Stroop,Stroop-124,L,
XXXX,neutral,r,red,,,,,1,2,8,4,,,,,r,1,0.617178243236,,,,,2018_May_09_1043,60.000976815,Stroop,Stroop-124,L,
BLUE,congruent,b,blue,,,,,1,3,9,3,,,,,b,1,0.533880771953,,,,,2018_May_09_1043,60.000976815,Stroop,Stroop-124,L,
XXXX,neutral,b,blue,,,,,1,4,10,5,,,,,b,1,0.583885655738,,,,,2018_May_09_1043,60.000976815,Stroop,Stroop-124,L,
BLUE,congruent,b,blue,,,,,1,5,11,3,,,,,b,1,0.73385571572,,,,,2018_May_09_1043,60.000976815,Stroop,Stroop-124,L,
RED,congruent,r,red,,,,,2,0,12,0,,,,,r,1,0.533832287416,,,,,2018_May_09_1043,60.000976815,Stroop,Stroop-124,L,
RED,congruent,r,red,,,,,2,1,13,0,,,,,r,1,0.567187515553,,,,,2018_May_09_1043,60.000976815,Stroop,Stroop-124,L,
RED,congruent,r,red,,,,,2,2,14,0,,,,,r,1,0.450543663697,,,,,2018_May_09_1043,60.000976815,Stroop,Stroop-124,L,
RED,congruent,r,red,,,,,2,3,15,0,,,,,r,1,0.367209386663,,,,,2018_May_09_1043,60.000976815,Stroop,Stroop-124,L,
XXXX,neutral,r,red,,,,,2,4,16,4,,,,,r,1,0.567172651645,,,,,2018_May_09_1043,60.000976815,Stroop,Stroop-124,L,
BLUE,congruent,b,blue,,,,,2,5,17,3,,,,,b,1,0.583880347316,,,,,2018_May_09_1043,60.000976815,Stroop,Stroop-124,L,
XXXX,neutral,b,blue,,,,,3,0,18,5,,,,,b,1,0.683506131754,,,,,2018_May_09_1043,60.000976815,Stroop,Stroop-124,L,
BLUE,congruent,b,blue,,,,,3,1,19,3,,,,,b,1,0.500539700035,,,,,2018_May_09_1043,60.000976815,Stroop,Stroop-124,L,
BLUE,incongruent,r,red,,,,,3,2,20,2,,,,,r,1,0.700530569302,,,,,2018_May_09_1043,60.000976815,Stroop,Stroop-124,L,
XXXX,neutral,b,blue,,,,,3,3,21,5,,,,,b,1,0.51721766789,,,,,2018_May_09_1043,60.000976815,Stroop,Stroop-124,L,
RED,incongruent,b,blue,,,,,3,4,22,1,,,,,b,1,0.80053078162,,,,,2018_May_09_1043,60.000976815,Stroop,Stroop-124,L,
BLUE,congruent,b,blue,,,,,3,5,23,3,,,,,b,1,0.716824907926,,,,,2018_May_09_1043,60.000976815,Stroop,Stroop-124,L,
XXXX,neutral,b,blue,,,,,4,0,24,5,,,,,b,1,0.400549396873,,,,,2018_May_09_1043,60.000976815,Stroop,Stroop-124,L,
XXXX,neutral,r,red,,,,,4,1,25,4,,,,,r,1,0.467201813124,,,,,2018_May_09_1043,60.000976815,Stroop,Stroop-124,L,
RED,incongruent,b,blue,,,,,4,2,26,1,,,,,b,1,0.683954171254,,,,,2018_May_09_1043,60.000976815,Stroop,Stroop-124,L,
XXXX,neutral,r,red,,,,,4,3,27,4,,,,,r,1,0.533858122304,,,,,2018_May_09_1043,60.000976815,Stroop,Stroop-124,L,
BLUE,congruent,b,blue,,,,,4,4,28,3,,,,,b,1,0.417204007274,,,,,2018_May_09_1043,60.000976815,Stroop,Stroop-124,L,
XXXX,neutral,r,red,,,,,4,5,29,4,,,,,r,1,0.633857626701,,,,,2018_May_09_1043,60.000976815,Stroop,Stroop-124,L,
BLUE,congruent,b,blue,,,,,5,0,30,3,,,,,b,1,0.46721490752,,,,,2018_May_09_1043,60.000976815,Stroop,Stroop-124,L,
RED,congruent,r,red,,,,,5,1,31,0,,,,,r,1,0.53384927474,,,,,2018_May_09_1043,60.000976815,Stroop,Stroop-124,L,
BLUE,incongruent,r,red,,,,,5,2,32,2,,,,,r,1,0.76720811252,,,,,2018_May_09_1043,60.000976815,Stroop,Stroop-124,L,
BLUE,incongruent,r,red,,,,,5,3,33,2,,,,,r,1,0.51719891117,,,,,2018_May_09_1043,60.000976815,Stroop,Stroop-124,L,
RED,congruent,r,red,,,,,5,4,34,0,,,,,r,1,0.567197070923,,,,,2018_May_09_1043,60.000976815,Stroop,Stroop-124,L,
RED,incongruent,b,blue,,,,,5,5,35,1,,,,,b,1,0.733901369036,,,,,2018_May_09_1043,60.000976815,Stroop,Stroop-124,L,
BLUE,congruent,b,blue,,,,,6,0,36,3,,,,,b,1,0.933877374511,,,,,2018_May_09_1043,60.000976815,Stroop,Stroop-124,L,
XXXX,neutral,r,red,,,,,6,1,37,4,,,,,r,1,0.550562278833,,,,,2018_May_09_1043,60.000976815,Stroop,Stroop-124,L,
RED,congruent,r,red,,,,,6,2,38,0,,,,,r,1,0.417191974702,,,,,2018_May_09_1043,60.000976815,Stroop,Stroop-124,L,
XXXX,neutral,b,blue,,,,,6,3,39,5,,,,,b,1,0.517203511787,,,,,2018_May_09_1043,60.000976815,Stroop,Stroop-124,L,
RED,congruent,r,red,,,,,6,4,40,0,,,,,r,1,0.883851610473,,,,,2018_May_09_1043,60.000976815,Stroop,Stroop-124,L,
RED,incongruent,b,blue,,,,,6,5,41,1,,,,,b,1,0.817180083483,,,,,2018_May_09_1043,60.000976815,Stroop,Stroop-124,L,
BLUE,congruent,b,blue,,,,,7,0,42,3,,,,,b,1,0.73384616035,,,,,2018_May_09_1043,60.000976815,Stroop,Stroop-124,L,
RED,congruent,r,red,,,,,7,1,43,0,,,,,r,1,0.683834552416,,,,,2018_May_09_1043,60.000976815,Stroop,Stroop-124,L,
XXXX,neutral,r,red,,,,,7,2,44,4,,,,,r,1,0.733869163902,,,,,2018_May_09_1043,60.000976815,Stroop,Stroop-124,L,
BLUE,congruent,b,blue,,,,,7,3,45,3,,,,,b,1,0.43388409866,,,,,2018_May_09_1043,60.000976815,Stroop,Stroop-124,L,
RED,incongruent,b,blue,,,,,7,4,46,1,,,,,b,1,0.750512803439,,,,,2018_May_09_1043,60.000976815,Stroop,Stroop-124,L,
RED,incongruent,b,blue,,,,,7,5,47,1,,,,,b,1,0.667213916546,,,,,2018_May_09_1043,60.000976815,Stroop,Stroop-124,L,
XXXX,neutral,b,blue,,,,,8,0,48,5,,,,,b,1,0.617207970936,,,,,2018_May_09_1043,60.000976815,Stroop,Stroop-124,L,
RED,incongruent,b,blue,,,,,8,1,49,1,,,,,b,1,0.733893229277,,,,,2018_May_09_1043,60.000976815,Stroop,Stroop-124,L,
BLUE,incongruent,r,red,,,,,8,2,50,2,,,,,r,1,1.16717321787,,,,,2018_May_09_1043,60.000976815,Stroop,Stroop-124,L,
XXXX,neutral,r,red,,,,,8,3,51,4,,,,,r,1,0.483865624992,,,,,2018_May_09_1043,60.000976815,Stroop,Stroop-124,L,
BLUE,incongruent,r,red,,,,,8,4,52,2,,,,,r,1,1.18379173032,,,,,2018_May_09_1043,60.000976815,Stroop,Stroop-124,L,
XXXX,neutral,r,red,,,,,8,5,53,4,,,,,r,1,0.417184542748,,,,,2018_May_09_1043,60.000976815,Stroop,Stroop-124,L,
BLUE,incongruent,r,red,,,,,9,0,54,2,,,,,r,1,0.467185179703,,,,,2018_May_09_1043,60.000976815,Stroop,Stroop-124,L,
XXXX,neutral,r,red,,,,,9,1,55,4,,,,,r,1,0.400537010282,,,,,2018_May_09_1043,60.000976815,Stroop,Stroop-124,L,
BLUE,congruent,b,blue,,,,,9,2,56,3,,,,,b,1,0.733779626898,,,,,2018_May_09_1043,60.000976815,Stroop,Stroop-124,L,
RED,congruent,r,red,,,,,9,3,57,0,,,,,r,1,0.767181569943,,,,,2018_May_09_1043,60.000976815,Stroop,Stroop-124,L,
XXXX,neutral,r,red,,,,,9,4,58,4,,,,,r,1,0.450548618333,,,,,2018_May_09_1043,60.000976815,Stroop,Stroop-124,L,
BLUE,incongruent,r,red,,,,,9,5,59,2,,,,,r,1,0.60052575625,,,,,2018_May_09_1043,60.000976815,Stroop,Stroop-124,L,
RED,congruent,r,red,,,,,10,0,60,0,,,,,r,1,0.383882045979,,,,,2018_May_09_1043,60.000976815,Stroop,Stroop-124,L,
RED,congruent,r,red,,,,,10,1,61,0,,,,,r,1,0.433857909986,,,,,2018_May_09_1043,60.000976815,Stroop,Stroop-124,L,
BLUE,incongruent,r,red,,,,,10,2,62,2,,,,,r,1,0.433885160368,,,,,2018_May_09_1043,60.000976815,Stroop,Stroop-124,L,
XXXX,neutral,r,red,,,,,10,3,63,4,,,,,r,1,0.450561712612,,,,,2018_May_09_1043,60.000976815,Stroop,Stroop-124,L,
XXXX,neutral,b,blue,,,,,10,4,64,5,,,,,b,1,0.783868031576,,,,,2018_May_09_1043,60.000976815,Stroop,Stroop-124,L,
BLUE,congruent,b,blue,,,,,10,5,65,3,,,,,b,1,0.616816909751,,,,,2018_May_09_1043,60.000976815,Stroop,Stroop-124,L,
RED,incongruent,b,blue,,,,,11,0,66,1,,,,,b,1,0.683874189388,,,,,2018_May_09_1043,60.000976815,Stroop,Stroop-124,L,
XXXX,neutral,b,blue,,,,,11,1,67,5,,,,,b,1,0.733471378568,,,,,2018_May_09_1043,60.000976815,Stroop,Stroop-124,L,
XXXX,neutral,r,red,,,,,11,2,68,4,,,,,r,1,0.483879780979,,,,,2018_May_09_1043,60.000976815,Stroop,Stroop-124,L,
BLUE,congruent,b,blue,,,,,11,3,69,3,,,,,b,1,0.600545574795,,,,,2018_May_09_1043,60.000976815,Stroop,Stroop-124,L,
XXXX,neutral,b,blue,,,,,11,4,70,5,,,,,b,1,0.567195301293,,,,,2018_May_09_1043,60.000976815,Stroop,Stroop-124,L,
BLUE,incongruent,r,red,,,,,11,5,71,2,,,,,b,0,0.633866828168,,,,,2018_May_09_1043,60.000976815,Stroop,Stroop-124,L,
XXXX,neutral,b,blue,,,,,12,0,72,5,,,,,b,1,0.583483269671,,,,,2018_May_09_1043,60.000976815,Stroop,Stroop-124,L,
BLUE,incongruent,r,red,,,,,12,1,73,2,,,,,r,1,0.633877445245,,,,,2018_May_09_1043,60.000976815,Stroop,Stroop-124,L,
RED,incongruent,b,blue,,,,,12,2,74,1,,,,,b,1,1.05013511959,,,,,2018_May_09_1043,60.000976815,Stroop,Stroop-124,L,
RED,incongruent,b,blue,,,,,12,3,75,1,,,,,b,1,0.700533754425,,,,,2018_May_09_1043,60.000976815,Stroop,Stroop-124,L,
BLUE,incongruent,r,red,,,,,12,4,76,2,,,,,r,1,0.33387539268,,,,,2018_May_09_1043,60.000976815,Stroop,Stroop-124,L,
RED,congruent,r,red,,,,,12,5,77,0,,,,,r,1,0.733845098643,,,,,2018_May_09_1043,60.000976815,Stroop,Stroop-124,L,
BLUE,congruent,b,blue,,,,,13,0,78,3,,,,,b,1,0.600526817958,,,,,2018_May_09_1043,60.000976815,Stroop,Stroop-124,L,
XXXX,neutral,b,blue,,,,,13,1,79,5,,,,,b,1,0.650521084666,,,,,2018_May_09_1043,60.000976815,Stroop,Stroop-124,L,
XXXX,neutral,b,blue,,,,,13,2,80,5,,,,,b,1,0.467254190473,,,,,2018_May_09_1043,60.000976815,Stroop,Stroop-124,L,
XXXX,neutral,b,blue,,,,,13,3,81,5,,,,,b,1,0.567268205108,,,,,2018_May_09_1043,60.000976815,Stroop,Stroop-124,L,
XXXX,neutral,b,blue,,,,,13,4,82,5,,,,,b,1,0.383863289142,,,,,2018_May_09_1043,60.000976815,Stroop,Stroop-124,L,
XXXX,neutral,r,red,,,,,13,5,83,4,,,,,r,1,0.467211368377,,,,,2018_May_09_1043,60.000976815,Stroop,Stroop-124,L,
XXXX,neutral,r,red,,,,,14,0,84,4,,,,,r,1,0.483625325724,,,,,2018_May_09_1043,60.000976815,Stroop,Stroop-124,L,
BLUE,congruent,b,blue,,,,,14,1,85,3,,,,,b,1,0.667213208741,,,,,2018_May_09_1043,60.000976815,Stroop,Stroop-124,L,
BLUE,congruent,b,blue,,,,,14,2,86,3,,,,,b,1,0.550540690892,,,,,2018_May_09_1043,60.000976815,Stroop,Stroop-124,L,
RED,incongruent,b,blue,,,,,14,3,87,1,,,,,b,1,1.16714915261,,,,,2018_May_09_1043,60.000976815,Stroop,Stroop-124,L,
RED,incongruent,b,blue,,,,,14,4,88,1,,,,,b,1,1.26717413811,,,,,2018_May_09_1043,60.000976815,Stroop,Stroop-124,L,
RED,incongruent,b,blue,,,,,14,5,89,1,,,,,b,1,0.73383377376,,,,,2018_May_09_1043,60.000976815,Stroop,Stroop-124,L,
RED,congruent,r,red,,,,,15,0,90,0,,,,,r,1,0.667197637027,,,,,2018_May_09_1043,60.000976815,Stroop,Stroop-124,L,
RED,incongruent,b,blue,,,,,15,1,91,1,,,,,b,1,0.633866474265,,,,,2018_May_09_1043,60.000976815,Stroop,Stroop-124,L,
BLUE,incongruent,r,red,,,,,15,2,92,2,,,,,r,1,0.617214341182,,,,,2018_May_09_1043,60.000976815,Stroop,Stroop-124,L,
XXXX,neutral,r,red,,,,,15,3,93,4,,,,,r,1,0.700535877841,,,,,2018_May_09_1043,60.000976815,Stroop,Stroop-124,L,
RED,congruent,r,red,,,,,15,4,94,0,,,,,r,1,0.583871853654,,,,,2018_May_09_1043,60.000976815,Stroop,Stroop-124,L,
XXXX,neutral,r,red,,,,,15,5,95,4,,,,,r,1,0.467209245078,,,,,2018_May_09_1043,60.000976815,Stroop,Stroop-124,L,
BLUE,congruent,b,blue,,,,,16,0,96,3,,,,,b,1,0.633489923086,,,,,2018_May_09_1043,60.000976815,Stroop,Stroop-124,L,
RED,incongruent,b,blue,,,,,16,1,97,1,,,,,b,1,0.966767221922,,,,,2018_May_09_1043,60.000976815,Stroop,Stroop-124,L,
XXXX,neutral,r,red,,,,,16,2,98,4,,,,,r,1,0.750544300769,,,,,2018_May_09_1043,60.000976815,Stroop,Stroop-124,L,
BLUE,incongruent,r,red,,,,,16,3,99,2,,,,,r,1,0.850518324296,,,,,2018_May_09_1043,60.000976815,Stroop,Stroop-124,L,
BLUE,congruent,b,blue,,,,,16,4,100,3,,,,,b,1,0.483892875374,,,,,2018_May_09_1043,60.000976815,Stroop,Stroop-124,L,
RED,congruent,r,red,,,,,16,5,101,0,,,,,r,1,0.550529366126,,,,,2018_May_09_1043,60.000976815,Stroop,Stroop-124,L,
RED,incongruent,b,blue,,,,,17,0,102,1,,,,,b,1,0.483884381829,,,,,2018_May_09_1043,60.000976815,Stroop,Stroop-124,L,
RED,congruent,r,red,,,,,17,1,103,0,,,,,r,1,0.450546494802,,,,,2018_May_09_1043,60.000976815,Stroop,Stroop-124,L,
XXXX,neutral,b,blue,,,,,17,2,104,5,,,,,b,1,0.483867394505,,,,,2018_May_09_1043,60.000976815,Stroop,Stroop-124,L,
XXXX,neutral,r,red,,,,,17,3,105,4,,,,,r,1,0.767193248728,,,,,2018_May_09_1043,60.000976815,Stroop,Stroop-124,L,
RED,congruent,r,red,,,,,17,4,106,0,,,,,r,1,1.05053609016,,,,,2018_May_09_1043,60.000976815,Stroop,Stroop-124,L,
RED,incongruent,b,blue,,,,,17,5,107,1,,,,,b,1,0.583873269265,,,,,2018_May_09_1043,60.000976815,Stroop,Stroop-124,L,
RED,incongruent,b,blue,,,,,18,0,108,1,,,,,b,1,0.667193744215,,,,,2018_May_09_1043,60.000976815,Stroop,Stroop-124,L,
XXXX,neutral,b,blue,,,,,18,1,109,5,,,,,b,1,0.567176544457,,,,,2018_May_09_1043,60.000976815,Stroop,Stroop-124,L,
BLUE,congruent,b,blue,,,,,18,2,110,3,,,,,b,1,0.483875888167,,,,,2018_May_09_1043,60.000976815,Stroop,Stroop-124,L,
BLUE,incongruent,r,red,,,,,18,3,111,2,,,,,r,1,0.950496594771,,,,,2018_May_09_1043,60.000976815,Stroop,Stroop-124,L,
BLUE,incongruent,r,red,,,,,18,4,112,2,,,,,r,1,1.13388027647,,,,,2018_May_09_1043,60.000976815,Stroop,Stroop-124,L,
BLUE,congruent,b,blue,,,,,18,5,113,3,,,,,b,1,0.467207475565,,,,,2018_May_09_1043,60.000976815,Stroop,Stroop-124,L,
RED,incongruent,b,blue,,,,,19,0,114,1,,,,,b,1,1.00055350212,,,,,2018_May_09_1043,60.000976815,Stroop,Stroop-124,L,
RED,congruent,r,red,,,,,19,1,115,0,,,,,r,1,0.883892663056,,,,,2018_May_09_1043,60.000976815,Stroop,Stroop-124,L,
XXXX,neutral,b,blue,,,,,19,2,116,5,,,,,b,1,0.500530852471,,,,,2018_May_09_1043,60.000976815,Stroop,Stroop-124,L,
RED,congruent,r,red,,,,,19,3,117,0,,,,,r,1,0.583872207557,,,,,2018_May_09_1043,60.000976815,Stroop,Stroop-124,L,
XXXX,neutral,b,blue,,,,,19,4,118,5,,,,,b,1,0.750521651004,,,,,2018_May_09_1043,60.000976815,Stroop,Stroop-124,L,
XXXX,neutral,r,red,,,,,19,5,119,4,,,,,r,1,0.783859891817,,,,,2018_May_09_1043,60.000976815,Stroop,Stroop-124,L,
BLUE,incongruent,r,red,,,,,20,0,120,2,,,,,r,1,1.20013278397,,,,,2018_May_09_1043,60.000976815,Stroop,Stroop-124,L,
XXXX,neutral,b,blue,,,,,20,1,121,5,,,,,b,1,1.40007304528,,,,,2018_May_09_1043,60.000976815,Stroop,Stroop-124,L,
RED,congruent,r,red,,,,,20,2,122,0,,,,,r,1,0.600528587471,,,,,2018_May_09_1043,60.000976815,Stroop,Stroop-124,L,
RED,incongruent,b,blue,,,,,20,3,123,1,,,,,b,1,0.767197141657,,,,,2018_May_09_1043,60.000976815,Stroop,Stroop-124,L,
RED,incongruent,b,blue,,,,,20,4,124,1,,,,,b,1,0.717282502679,,,,,2018_May_09_1043,60.000976815,Stroop,Stroop-124,L,
XXXX,neutral,r,red,,,,,20,5,125,4,,,,,r,1,0.383906465257,,,,,2018_May_09_1043,60.000976815,Stroop,Stroop-124,L,
XXXX,neutral,r,red,,,,,21,0,126,4,,,,,r,1,0.450535523938,,,,,2018_May_09_1043,60.000976815,Stroop,Stroop-124,L,
BLUE,congruent,b,blue,,,,,21,1,127,3,,,,,b,1,0.983838728396,,,,,2018_May_09_1043,60.000976815,Stroop,Stroop-124,L,
BLUE,congruent,b,blue,,,,,21,2,128,3,,,,,b,1,0.550164139597,,,,,2018_May_09_1043,60.000976815,Stroop,Stroop-124,L,
RED,congruent,r,red,,,,,21,3,129,0,,,,,r,1,0.450553572853,,,,,2018_May_09_1043,60.000976815,Stroop,Stroop-124,L,
XXXX,neutral,b,blue,,,,,21,4,130,5,,,,,b,1,0.450566667248,,,,,2018_May_09_1043,60.000976815,Stroop,Stroop-124,L,
RED,incongruent,b,blue,,,,,21,5,131,1,,,,,b,1,0.633865766576,,,,,2018_May_09_1043,60.000976815,Stroop,Stroop-124,L,
RED,incongruent,b,blue,,,,,22,0,132,1,,,,,b,1,0.533860599622,,,,,2018_May_09_1043,60.000976815,Stroop,Stroop-124,L,
XXXX,neutral,b,blue,,,,,22,1,133,5,,,,,b,1,0.417207900202,,,,,2018_May_09_1043,60.000976815,Stroop,Stroop-124,L,
BLUE,congruent,b,blue,,,,,22,2,134,3,,,,,b,1,0.683880913537,,,,,2018_May_09_1043,60.000976815,Stroop,Stroop-124,L,
XXXX,neutral,r,red,,,,,22,3,135,4,,,,,r,1,0.317239538999,,,,,2018_May_09_1043,60.000976815,Stroop,Stroop-124,L,
RED,congruent,r,red,,,,,22,4,136,0,,,,,r,1,0.500511387945,,,,,2018_May_09_1043,60.000976815,Stroop,Stroop-124,L,
XXXX,neutral,b,blue,,,,,22,5,137,5,,,,,b,1,0.400551520288,,,,,2018_May_09_1043,60.000976815,Stroop,Stroop-124,L,
RED,congruent,r,red,,,,,23,0,138,0,,,,,r,1,0.433889053296,,,,,2018_May_09_1043,60.000976815,Stroop,Stroop-124,L,
BLUE,incongruent,r,red,,,,,23,1,139,2,,,,,r,1,1.11718815251,,,,,2018_May_09_1043,60.000976815,Stroop,Stroop-124,L,
BLUE,incongruent,r,red,,,,,23,2,140,2,,,,,r,1,0.650529932347,,,,,2018_May_09_1043,60.000976815,Stroop,Stroop-124,L,
BLUE,incongruent,r,red,,,,,23,3,141,2,,,,,r,1,0.383499478339,,,,,2018_May_09_1043,60.000976815,Stroop,Stroop-124,L,
XXXX,neutral,b,blue,,,,,23,4,142,5,,,,,b,1,0.450544725405,,,,,2018_May_09_1043,60.000976815,Stroop,Stroop-124,L,
RED,incongruent,b,blue,,,,,23,5,143,1,,,,,b,1,0.367195584462,,,,,2018_May_09_1043,60.000976815,Stroop,Stroop-124,L,
XXXX,neutral,r,red,,,,,24,0,144,4,,,,,r,1,0.433867111336,,,,,2018_May_09_1043,60.000976815,Stroop,Stroop-124,L,
XXXX,neutral,b,blue,,,,,24,1,145,5,,,,,b,1,0.533889619517,,,,,2018_May_09_1043,60.000976815,Stroop,Stroop-124,L,
BLUE,incongruent,r,red,,,,,24,2,146,2,,,,,r,1,0.700158264721,,,,,2018_May_09_1043,60.000976815,Stroop,Stroop-124,L,
XXXX,neutral,b,blue,,,,,24,3,147,5,,,,,b,1,0.500519527588,,,,,2018_May_09_1043,60.000976815,Stroop,Stroop-124,L,
XXXX,neutral,r,red,,,,,24,4,148,4,,,,,r,1,0.45056135871,,,,,2018_May_09_1043,60.000976815,Stroop,Stroop-124,L,
BLUE,incongruent,r,red,,,,,24,5,149,2,,,,,r,1,1.15051648405,,,,,2018_May_09_1043,60.000976815,Stroop,Stroop-124,L,
,,,,,,,,,,,,,,,,,,,,,escape,96.5622534191,2018_May_09_1043,60.000976815,Stroop,Stroop-124,L,
