word,type,correct,ink,Practice.thisRepN,Practice.thisTrialN,Practice.thisN,Practice.thisIndex,trials.thisRepN,trials.thisTrialN,trials.thisN,trials.thisIndex,ready_to_continue.keys,ready_to_continue.rt,key_resp_2.keys,key_resp_2.rt,Response.keys,Response.corr,Response.rt,begin_exp.keys,begin_exp.rt,finished.keys,finished.rt,date,frameRate,expName,participant,condition
,,,,,,,,,,,,b,8.566762007,,,,,,,,,,2018_May_01_1312,59.97389361,Stroop,Stroop-122,N
,,,,,,,,,,,,,,b,4.133261775,,,,,,,,2018_May_01_1312,59.97389361,Stroop,Stroop-122,N
RED,incongruent,b,blue,0,0,0,1,,,,,,,,,b,1,7.200184452,,,,,2018_May_01_1312,59.97389361,Stroop,Stroop-122,N
RED,congruent,r,red,0,1,1,0,,,,,,,,,b,0,1.367191216,,,,,2018_May_01_1312,59.97389361,Stroop,Stroop-122,N
BLUE,congruent,b,blue,0,2,2,3,,,,,,,,,b,1,1.417188314,,,,,2018_May_01_1312,59.97389361,Stroop,Stroop-122,N
XXXX,neutral,r,red,0,3,3,4,,,,,,,,,r,1,1.183844576,,,,,2018_May_01_1312,59.97389361,Stroop,Stroop-122,N
XXXX,neutral,b,blue,0,4,4,5,,,,,,,,,b,1,0.483525996,,,,,2018_May_01_1312,59.97389361,Stroop,Stroop-122,N
BLUE,incongruent,r,red,0,5,5,2,,,,,,,,,r,1,1.066823232,,,,,2018_May_01_1312,59.97389361,Stroop,Stroop-122,N
RED,congruent,r,red,1,0,6,0,,,,,,,,,r,1,0.583871968,,,,,2018_May_01_1312,59.97389361,Stroop,Stroop-122,N
XXXX,neutral,r,red,1,1,7,4,,,,,,,,,r,1,0.60054911,,,,,2018_May_01_1312,59.97389361,Stroop,Stroop-122,N
RED,incongruent,b,blue,1,2,8,1,,,,,,,,,r,0,0.750152531,,,,,2018_May_01_1312,59.97389361,Stroop,Stroop-122,N
BLUE,incongruent,r,red,1,3,9,2,,,,,,,,,r,1,0.883859864,,,,,2018_May_01_1312,59.97389361,Stroop,Stroop-122,N
XXXX,neutral,b,blue,1,4,10,5,,,,,,,,,b,1,0.367305171,,,,,2018_May_01_1312,59.97389361,Stroop,Stroop-122,N
BLUE,congruent,b,blue,1,5,11,3,,,,,,,,,b,1,0.450563478,,,,,2018_May_01_1312,59.97389361,Stroop,Stroop-122,N
,,,,,,,,,,,,,,,,,,,b,3.517063246,,,2018_May_01_1312,59.97389361,Stroop,Stroop-122,N
XXXX,neutral,r,red,,,,,0,0,0,4,,,,,r,1,0.550502112,,,,,2018_May_01_1312,59.97389361,Stroop,Stroop-122,N
BLUE,congruent,b,blue,,,,,0,1,1,3,,,,,b,1,0.400585845,,,,,2018_May_01_1312,59.97389361,Stroop,Stroop-122,N
RED,congruent,r,red,,,,,0,2,2,0,,,,,r,1,0.51722427,,,,,2018_May_01_1312,59.97389361,Stroop,Stroop-122,N
BLUE,incongruent,r,red,,,,,0,3,3,2,,,,,r,1,0.783870269,,,,,2018_May_01_1312,59.97389361,Stroop,Stroop-122,N
RED,incongruent,b,blue,,,,,0,4,4,1,,,,,b,1,0.367257749,,,,,2018_May_01_1312,59.97389361,Stroop,Stroop-122,N
BLUE,congruent,b,blue,,,,,0,5,5,3,,,,,b,1,0.483915639,,,,,2018_May_01_1312,59.97389361,Stroop,Stroop-122,N
XXXX,neutral,b,blue,,,,,1,0,6,5,,,,,b,1,0.500211986,,,,,2018_May_01_1312,59.97389361,Stroop,Stroop-122,N
XXXX,neutral,b,blue,,,,,1,1,7,5,,,,,b,1,0.450592852,,,,,2018_May_01_1312,59.97389361,Stroop,Stroop-122,N
XXXX,neutral,r,red,,,,,1,2,8,4,,,,,r,1,0.317242956,,,,,2018_May_01_1312,59.97389361,Stroop,Stroop-122,N
XXXX,neutral,b,blue,,,,,1,3,9,5,,,,,b,1,0.3505845,,,,,2018_May_01_1312,59.97389361,Stroop,Stroop-122,N
RED,incongruent,b,blue,,,,,1,4,10,1,,,,,b,1,0.83386949,,,,,2018_May_01_1312,59.97389361,Stroop,Stroop-122,N
RED,congruent,r,red,,,,,1,5,11,0,,,,,r,1,0.483869632,,,,,2018_May_01_1312,59.97389361,Stroop,Stroop-122,N
BLUE,incongruent,r,red,,,,,2,0,12,2,,,,,r,1,0.75053191,,,,,2018_May_01_1312,59.97389361,Stroop,Stroop-122,N
XXXX,neutral,b,blue,,,,,2,1,13,5,,,,,b,1,0.500577563,,,,,2018_May_01_1312,59.97389361,Stroop,Stroop-122,N
XXXX,neutral,b,blue,,,,,2,2,14,5,,,,,b,1,0.400548685,,,,,2018_May_01_1312,59.97389361,Stroop,Stroop-122,N
XXXX,neutral,b,blue,,,,,2,3,15,5,,,,,b,1,0.400593276,,,,,2018_May_01_1312,59.97389361,Stroop,Stroop-122,N
XXXX,neutral,b,blue,,,,,2,4,16,5,,,,,b,1,0.550553781,,,,,2018_May_01_1312,59.97389361,Stroop,Stroop-122,N
XXXX,neutral,r,red,,,,,2,5,17,4,,,,,r,1,0.300492557,,,,,2018_May_01_1312,59.97389361,Stroop,Stroop-122,N
BLUE,incongruent,r,red,,,,,3,0,18,2,,,,,r,1,0.783927601,,,,,2018_May_01_1312,59.97389361,Stroop,Stroop-122,N
BLUE,congruent,b,blue,,,,,3,1,19,3,,,,,b,1,0.350581315,,,,,2018_May_01_1312,59.97389361,Stroop,Stroop-122,N
XXXX,neutral,r,red,,,,,3,2,20,4,,,,,r,1,0.417206363,,,,,2018_May_01_1312,59.97389361,Stroop,Stroop-122,N
XXXX,neutral,b,blue,,,,,3,3,21,5,,,,,b,1,0.400482506,,,,,2018_May_01_1312,59.97389361,Stroop,Stroop-122,N
BLUE,congruent,b,blue,,,,,3,4,22,3,,,,,b,1,0.483778326,,,,,2018_May_01_1312,59.97389361,Stroop,Stroop-122,N
BLUE,congruent,b,blue,,,,,3,5,23,3,,,,,b,1,0.400576289,,,,,2018_May_01_1312,59.97389361,Stroop,Stroop-122,N
BLUE,incongruent,r,red,,,,,4,0,24,2,,,,,r,1,0.700573387,,,,,2018_May_01_1312,59.97389361,Stroop,Stroop-122,N
RED,incongruent,b,blue,,,,,4,1,25,1,,,,,b,1,0.767248689,,,,,2018_May_01_1312,59.97389361,Stroop,Stroop-122,N
BLUE,congruent,b,blue,,,,,4,2,26,3,,,,,b,1,0.450550738,,,,,2018_May_01_1312,59.97389361,Stroop,Stroop-122,N
BLUE,congruent,b,blue,,,,,4,3,27,3,,,,,b,1,0.433928096,,,,,2018_May_01_1312,59.97389361,Stroop,Stroop-122,N
BLUE,incongruent,r,red,,,,,4,4,28,2,,,,,r,1,0.667236798,,,,,2018_May_01_1312,59.97389361,Stroop,Stroop-122,N
BLUE,incongruent,r,red,,,,,4,5,29,2,,,,,r,1,0.667231136,,,,,2018_May_01_1312,59.97389361,Stroop,Stroop-122,N
XXXX,neutral,r,red,,,,,5,0,30,4,,,,,r,1,0.467222925,,,,,2018_May_01_1312,59.97389361,Stroop,Stroop-122,N
RED,incongruent,b,blue,,,,,5,1,31,1,,,,,b,1,0.700545075,,,,,2018_May_01_1312,59.97389361,Stroop,Stroop-122,N
RED,congruent,r,red,,,,,5,2,32,0,,,,,r,1,0.71720063,,,,,2018_May_01_1312,59.97389361,Stroop,Stroop-122,N
XXXX,neutral,r,red,,,,,5,3,33,4,,,,,r,1,0.450557462,,,,,2018_May_01_1312,59.97389361,Stroop,Stroop-122,N
RED,incongruent,b,blue,,,,,5,4,34,1,,,,,b,1,0.617241824,,,,,2018_May_01_1312,59.97389361,Stroop,Stroop-122,N
RED,congruent,r,red,,,,,5,5,35,0,,,,,r,1,0.433502356,,,,,2018_May_01_1312,59.97389361,Stroop,Stroop-122,N
BLUE,congruent,b,blue,,,,,6,0,36,3,,,,,b,1,0.533912737,,,,,2018_May_01_1312,59.97389361,Stroop,Stroop-122,N
RED,congruent,r,red,,,,,6,1,37,0,,,,,r,1,0.45055817,,,,,2018_May_01_1312,59.97389361,Stroop,Stroop-122,N
RED,congruent,r,red,,,,,6,2,38,0,,,,,r,1,0.483895821,,,,,2018_May_01_1312,59.97389361,Stroop,Stroop-122,N
RED,congruent,r,red,,,,,6,3,39,0,,,,,r,1,0.567127231,,,,,2018_May_01_1312,59.97389361,Stroop,Stroop-122,N
RED,incongruent,b,blue,,,,,6,4,40,1,,,,,b,1,0.567247557,,,,,2018_May_01_1312,59.97389361,Stroop,Stroop-122,N
XXXX,neutral,r,red,,,,,6,5,41,4,,,,,r,1,0.317261713,,,,,2018_May_01_1312,59.97389361,Stroop,Stroop-122,N
XXXX,neutral,r,red,,,,,7,0,42,4,,,,,r,1,0.450568079,,,,,2018_May_01_1312,59.97389361,Stroop,Stroop-122,N
XXXX,neutral,b,blue,,,,,7,1,43,5,,,,,b,1,0.383929936,,,,,2018_May_01_1312,59.97389361,Stroop,Stroop-122,N
BLUE,incongruent,r,red,,,,,7,2,44,2,,,,,r,1,0.600544509,,,,,2018_May_01_1312,59.97389361,Stroop,Stroop-122,N
XXXX,neutral,r,red,,,,,7,3,45,4,,,,,r,1,0.450537997,,,,,2018_May_01_1312,59.97389361,Stroop,Stroop-122,N
XXXX,neutral,b,blue,,,,,7,4,46,5,,,,,b,1,0.41722335,,,,,2018_May_01_1312,59.97389361,Stroop,Stroop-122,N
RED,congruent,r,red,,,,,7,5,47,0,,,,,r,1,0.333921514,,,,,2018_May_01_1312,59.97389361,Stroop,Stroop-122,N
RED,congruent,r,red,,,,,8,0,48,0,,,,,r,1,0.450690174,,,,,2018_May_01_1312,59.97389361,Stroop,Stroop-122,N
XXXX,neutral,r,red,,,,,8,1,49,4,,,,,r,1,0.450537644,,,,,2018_May_01_1312,59.97389361,Stroop,Stroop-122,N
RED,congruent,r,red,,,,,8,2,50,0,,,,,r,1,0.400555763,,,,,2018_May_01_1312,59.97389361,Stroop,Stroop-122,N
XXXX,neutral,b,blue,,,,,8,3,51,5,,,,,b,1,0.450568787,,,,,2018_May_01_1312,59.97389361,Stroop,Stroop-122,N
BLUE,incongruent,r,red,,,,,8,4,52,2,,,,,r,1,0.817203319,,,,,2018_May_01_1312,59.97389361,Stroop,Stroop-122,N
XXXX,neutral,r,red,,,,,8,5,53,4,,,,,r,1,0.350559727,,,,,2018_May_01_1312,59.97389361,Stroop,Stroop-122,N
RED,incongruent,b,blue,,,,,9,0,54,1,,,,,b,1,0.750521293,,,,,2018_May_01_1312,59.97389361,Stroop,Stroop-122,N
BLUE,incongruent,r,red,,,,,9,1,55,2,,,,,r,1,0.717192844,,,,,2018_May_01_1312,59.97389361,Stroop,Stroop-122,N
XXXX,neutral,b,blue,,,,,9,2,56,5,,,,,b,1,0.333512406,,,,,2018_May_01_1312,59.97389361,Stroop,Stroop-122,N
BLUE,incongruent,r,red,,,,,9,3,57,2,,,,,r,1,0.433968795,,,,,2018_May_01_1312,59.97389361,Stroop,Stroop-122,N
BLUE,congruent,b,blue,,,,,9,4,58,3,,,,,b,1,0.550536086,,,,,2018_May_01_1312,59.97389361,Stroop,Stroop-122,N
RED,incongruent,b,blue,,,,,9,5,59,1,,,,,b,1,0.817205797,,,,,2018_May_01_1312,59.97389361,Stroop,Stroop-122,N
XXXX,neutral,r,red,,,,,10,0,60,4,,,,,r,1,0.500555268,,,,,2018_May_01_1312,59.97389361,Stroop,Stroop-122,N
RED,incongruent,b,blue,,,,,10,1,61,1,,,,,b,1,0.633867296,,,,,2018_May_01_1312,59.97389361,Stroop,Stroop-122,N
BLUE,congruent,b,blue,,,,,10,2,62,3,,,,,b,1,0.350673682,,,,,2018_May_01_1312,59.97389361,Stroop,Stroop-122,N
RED,congruent,r,red,,,,,10,3,63,0,,,,,r,1,0.317247911,,,,,2018_May_01_1312,59.97389361,Stroop,Stroop-122,N
BLUE,incongruent,r,red,,,,,10,4,64,2,,,,,r,1,0.517198082,,,,,2018_May_01_1312,59.97389361,Stroop,Stroop-122,N
XXXX,neutral,r,red,,,,,10,5,65,4,,,,,r,1,0.483994912,,,,,2018_May_01_1312,59.97389361,Stroop,Stroop-122,N
RED,incongruent,b,blue,,,,,11,0,66,1,,,,,b,1,0.317221368,,,,,2018_May_01_1312,59.97389361,Stroop,Stroop-122,N
BLUE,incongruent,r,red,,,,,11,1,67,2,,,,,r,1,0.367257041,,,,,2018_May_01_1312,59.97389361,Stroop,Stroop-122,N
RED,incongruent,b,blue,,,,,11,2,68,1,,,,,b,1,0.417255909,,,,,2018_May_01_1312,59.97389361,Stroop,Stroop-122,N
RED,congruent,r,red,,,,,11,3,69,0,,,,,r,1,0.383902332,,,,,2018_May_01_1312,59.97389361,Stroop,Stroop-122,N
BLUE,incongruent,r,red,,,,,11,4,70,2,,,,,r,1,0.917161772,,,,,2018_May_01_1312,59.97389361,Stroop,Stroop-122,N
BLUE,congruent,b,blue,,,,,11,5,71,3,,,,,b,1,0.383853848,,,,,2018_May_01_1312,59.97389361,Stroop,Stroop-122,N
RED,congruent,r,red,,,,,12,0,72,0,,,,,r,1,0.467206292,,,,,2018_May_01_1312,59.97389361,Stroop,Stroop-122,N
RED,congruent,r,red,,,,,12,1,73,0,,,,,r,1,0.483907499,,,,,2018_May_01_1312,59.97389361,Stroop,Stroop-122,N
XXXX,neutral,b,blue,,,,,12,2,74,5,,,,,b,1,0.350553711,,,,,2018_May_01_1312,59.97389361,Stroop,Stroop-122,N
BLUE,incongruent,r,red,,,,,12,3,75,2,,,,,r,1,0.617206434,,,,,2018_May_01_1312,59.97389361,Stroop,Stroop-122,N
RED,congruent,r,red,,,,,12,4,76,0,,,,,r,1,0.483909269,,,,,2018_May_01_1312,59.97389361,Stroop,Stroop-122,N
BLUE,incongruent,r,red,,,,,12,5,77,2,,,,,r,1,0.683883151,,,,,2018_May_01_1312,59.97389361,Stroop,Stroop-122,N
RED,incongruent,b,blue,,,,,13,0,78,1,,,,,b,1,0.433891645,,,,,2018_May_01_1312,59.97389361,Stroop,Stroop-122,N
RED,congruent,r,red,,,,,13,1,79,0,,,,,r,1,0.433903677,,,,,2018_May_01_1312,59.97389361,Stroop,Stroop-122,N
XXXX,neutral,r,red,,,,,13,2,80,4,,,,,r,1,0.667197869,,,,,2018_May_01_1312,59.97389361,Stroop,Stroop-122,N
RED,incongruent,b,blue,,,,,13,3,81,1,,,,,b,1,0.717223987,,,,,2018_May_01_1312,59.97389361,Stroop,Stroop-122,N
BLUE,incongruent,r,red,,,,,13,4,82,2,,,,,r,1,0.550564752,,,,,2018_May_01_1312,59.97389361,Stroop,Stroop-122,N
BLUE,incongruent,r,red,,,,,13,5,83,2,,,,,r,1,0.883845708,,,,,2018_May_01_1312,59.97389361,Stroop,Stroop-122,N
XXXX,neutral,r,red,,,,,14,0,84,4,,,,,r,1,0.450578342,,,,,2018_May_01_1312,59.97389361,Stroop,Stroop-122,N
RED,congruent,r,red,,,,,14,1,85,0,,,,,r,1,0.583876568,,,,,2018_May_01_1312,59.97389361,Stroop,Stroop-122,N
BLUE,incongruent,r,red,,,,,14,2,86,2,,,,,b,0,0.550541749,,,,,2018_May_01_1312,59.97389361,Stroop,Stroop-122,N
RED,incongruent,b,blue,,,,,14,3,87,1,,,,,b,1,1.000483426,,,,,2018_May_01_1312,59.97389361,Stroop,Stroop-122,N
BLUE,incongruent,r,red,,,,,14,4,88,2,,,,,r,1,0.767202682,,,,,2018_May_01_1312,59.97389361,Stroop,Stroop-122,N
BLUE,congruent,b,blue,,,,,14,5,89,3,,,,,b,1,0.650548685,,,,,2018_May_01_1312,59.97389361,Stroop,Stroop-122,N
BLUE,congruent,b,blue,,,,,15,0,90,3,,,,,b,1,0.450163218,,,,,2018_May_01_1312,59.97389361,Stroop,Stroop-122,N
RED,incongruent,b,blue,,,,,15,1,91,1,,,,,b,1,0.483892282,,,,,2018_May_01_1312,59.97389361,Stroop,Stroop-122,N
XXXX,neutral,b,blue,,,,,15,2,92,5,,,,,b,1,0.400503032,,,,,2018_May_01_1312,59.97389361,Stroop,Stroop-122,N
BLUE,incongruent,r,red,,,,,15,3,93,2,,,,,r,1,0.417220519,,,,,2018_May_01_1312,59.97389361,Stroop,Stroop-122,N
RED,congruent,r,red,,,,,15,4,94,0,,,,,r,1,0.467211601,,,,,2018_May_01_1312,59.97389361,Stroop,Stroop-122,N
RED,incongruent,b,blue,,,,,15,5,95,1,,,,,b,1,0.367220943,,,,,2018_May_01_1312,59.97389361,Stroop,Stroop-122,N
BLUE,congruent,b,blue,,,,,16,0,96,3,,,,,b,1,0.550573246,,,,,2018_May_01_1312,59.97389361,Stroop,Stroop-122,N
BLUE,congruent,b,blue,,,,,16,1,97,3,,,,,b,1,0.500542527,,,,,2018_May_01_1312,59.97389361,Stroop,Stroop-122,N
XXXX,neutral,r,red,,,,,16,2,98,4,,,,,r,1,0.533909198,,,,,2018_May_01_1312,59.97389361,Stroop,Stroop-122,N
XXXX,neutral,b,blue,,,,,16,3,99,5,,,,,b,1,0.483859369,,,,,2018_May_01_1312,59.97389361,Stroop,Stroop-122,N
XXXX,neutral,b,blue,,,,,16,4,100,5,,,,,b,1,0.367212804,,,,,2018_May_01_1312,59.97389361,Stroop,Stroop-122,N
RED,incongruent,b,blue,,,,,16,5,101,1,,,,,b,1,0.433884567,,,,,2018_May_01_1312,59.97389361,Stroop,Stroop-122,N
XXXX,neutral,b,blue,,,,,17,0,102,5,,,,,b,1,0.383873667,,,,,2018_May_01_1312,59.97389361,Stroop,Stroop-122,N
XXXX,neutral,b,blue,,,,,17,1,103,5,,,,,b,1,0.383889592,,,,,2018_May_01_1312,59.97389361,Stroop,Stroop-122,N
RED,incongruent,b,blue,,,,,17,2,104,1,,,,,b,1,0.333819945,,,,,2018_May_01_1312,59.97389361,Stroop,Stroop-122,N
BLUE,congruent,b,blue,,,,,17,3,105,3,,,,,b,1,0.350571052,,,,,2018_May_01_1312,59.97389361,Stroop,Stroop-122,N
RED,congruent,r,red,,,,,17,4,106,0,,,,,r,1,0.467216555,,,,,2018_May_01_1312,59.97389361,Stroop,Stroop-122,N
RED,congruent,r,red,,,,,17,5,107,0,,,,,r,1,0.500558453,,,,,2018_May_01_1312,59.97389361,Stroop,Stroop-122,N
BLUE,congruent,b,blue,,,,,18,0,108,3,,,,,b,1,0.467305384,,,,,2018_May_01_1312,59.97389361,Stroop,Stroop-122,N
XXXX,neutral,b,blue,,,,,18,1,109,5,,,,,b,1,0.433918895,,,,,2018_May_01_1312,59.97389361,Stroop,Stroop-122,N
XXXX,neutral,r,red,,,,,18,2,110,4,,,,,r,1,0.467254068,,,,,2018_May_01_1312,59.97389361,Stroop,Stroop-122,N
XXXX,neutral,b,blue,,,,,18,3,111,5,,,,,b,1,0.56721429,,,,,2018_May_01_1312,59.97389361,Stroop,Stroop-122,N
RED,incongruent,b,blue,,,,,18,4,112,1,,,,,b,1,0.750532972,,,,,2018_May_01_1312,59.97389361,Stroop,Stroop-122,N
XXXX,neutral,r,red,,,,,18,5,113,4,,,,,r,1,0.90053736,,,,,2018_May_01_1312,59.97389361,Stroop,Stroop-122,N
BLUE,incongruent,r,red,,,,,19,0,114,2,,,,,r,1,1.717195321,,,,,2018_May_01_1312,59.97389361,Stroop,Stroop-122,N
RED,incongruent,b,blue,,,,,19,1,115,1,,,,,b,1,0.983833888,,,,,2018_May_01_1312,59.97389361,Stroop,Stroop-122,N
BLUE,congruent,b,blue,,,,,19,2,116,3,,,,,b,1,0.383883222,,,,,2018_May_01_1312,59.97389361,Stroop,Stroop-122,N
RED,incongruent,b,blue,,,,,19,3,117,1,,,,,b,1,0.583897802,,,,,2018_May_01_1312,59.97389361,Stroop,Stroop-122,N
RED,incongruent,b,blue,,,,,19,4,118,1,,,,,b,1,0.467225403,,,,,2018_May_01_1312,59.97389361,Stroop,Stroop-122,N
RED,incongruent,b,blue,,,,,19,5,119,1,,,,,b,1,0.650546916,,,,,2018_May_01_1312,59.97389361,Stroop,Stroop-122,N
BLUE,incongruent,r,red,,,,,20,0,120,2,,,,,r,1,0.483873171,,,,,2018_May_01_1312,59.97389361,Stroop,Stroop-122,N
RED,incongruent,b,blue,,,,,20,1,121,1,,,,,b,1,0.567209336,,,,,2018_May_01_1312,59.97389361,Stroop,Stroop-122,N
BLUE,incongruent,r,red,,,,,20,2,122,2,,,,,r,1,0.433888813,,,,,2018_May_01_1312,59.97389361,Stroop,Stroop-122,N
RED,congruent,r,red,,,,,20,3,123,0,,,,,r,1,0.450561355,,,,,2018_May_01_1312,59.97389361,Stroop,Stroop-122,N
BLUE,incongruent,r,red,,,,,20,4,124,2,,,,,r,1,0.500571193,,,,,2018_May_01_1312,59.97389361,Stroop,Stroop-122,N
XXXX,neutral,b,blue,,,,,20,5,125,5,,,,,b,1,0.300569707,,,,,2018_May_01_1312,59.97389361,Stroop,Stroop-122,N
RED,incongruent,b,blue,,,,,21,0,126,1,,,,,b,1,0.550392757,,,,,2018_May_01_1312,59.97389361,Stroop,Stroop-122,N
XXXX,neutral,b,blue,,,,,21,1,127,5,,,,,b,1,0.567236232,,,,,2018_May_01_1312,59.97389361,Stroop,Stroop-122,N
XXXX,neutral,r,red,,,,,21,2,128,4,,,,,r,1,0.533884071,,,,,2018_May_01_1312,59.97389361,Stroop,Stroop-122,N
BLUE,congruent,b,blue,,,,,21,3,129,3,,,,,b,1,0.550541041,,,,,2018_May_01_1312,59.97389361,Stroop,Stroop-122,N
XXXX,neutral,r,red,,,,,21,4,130,4,,,,,r,1,0.650576643,,,,,2018_May_01_1312,59.97389361,Stroop,Stroop-122,N
BLUE,congruent,b,blue,,,,,21,5,131,3,,,,,b,1,0.517273108,,,,,2018_May_01_1312,59.97389361,Stroop,Stroop-122,N
XXXX,neutral,b,blue,,,,,22,0,132,5,,,,,b,1,0.533876993,,,,,2018_May_01_1312,59.97389361,Stroop,Stroop-122,N
XXXX,neutral,r,red,,,,,22,1,133,4,,,,,r,1,0.650566026,,,,,2018_May_01_1312,59.97389361,Stroop,Stroop-122,N
RED,congruent,r,red,,,,,22,2,134,0,,,,,r,1,0.516808439,,,,,2018_May_01_1312,59.97389361,Stroop,Stroop-122,N
XXXX,neutral,r,red,,,,,22,3,135,4,,,,,r,1,0.433875719,,,,,2018_May_01_1312,59.97389361,Stroop,Stroop-122,N
BLUE,congruent,b,blue,,,,,22,4,136,3,,,,,b,1,0.467239205,,,,,2018_May_01_1312,59.97389361,Stroop,Stroop-122,N
XXXX,neutral,r,red,,,,,22,5,137,4,,,,,r,1,0.467214786,,,,,2018_May_01_1312,59.97389361,Stroop,Stroop-122,N
BLUE,congruent,b,blue,,,,,23,0,138,3,,,,,b,1,0.383888176,,,,,2018_May_01_1312,59.97389361,Stroop,Stroop-122,N
XXXX,neutral,b,blue,,,,,23,1,139,5,,,,,r,0,0.267249751,,,,,2018_May_01_1312,59.97389361,Stroop,Stroop-122,N
BLUE,incongruent,r,red,,,,,23,2,140,2,,,,,r,1,0.783847266,,,,,2018_May_01_1312,59.97389361,Stroop,Stroop-122,N
XXXX,neutral,b,blue,,,,,23,3,141,5,,,,,b,1,1.033817184,,,,,2018_May_01_1312,59.97389361,Stroop,Stroop-122,N
RED,congruent,r,red,,,,,23,4,142,0,,,,,b,0,0.517227455,,,,,2018_May_01_1312,59.97389361,Stroop,Stroop-122,N
XXXX,neutral,r,red,,,,,23,5,143,4,,,,,r,1,0.417246707,,,,,2018_May_01_1312,59.97389361,Stroop,Stroop-122,N
RED,congruent,r,red,,,,,24,0,144,0,,,,,r,1,0.617272613,,,,,2018_May_01_1312,59.97389361,Stroop,Stroop-122,N
BLUE,congruent,b,blue,,,,,24,1,145,3,,,,,b,1,0.450629303,,,,,2018_May_01_1312,59.97389361,Stroop,Stroop-122,N
XXXX,neutral,r,red,,,,,24,2,146,4,,,,,r,1,0.683891998,,,,,2018_May_01_1312,59.97389361,Stroop,Stroop-122,N
BLUE,congruent,b,blue,,,,,24,3,147,3,,,,,b,1,0.467218679,,,,,2018_May_01_1312,59.97389361,Stroop,Stroop-122,N
BLUE,congruent,b,blue,,,,,24,4,148,3,,,,,b,1,0.550529716,,,,,2018_May_01_1312,59.97389361,Stroop,Stroop-122,N
RED,congruent,r,red,,,,,24,5,149,0,,,,,r,1,0.383884637,,,,,2018_May_01_1312,59.97389361,Stroop,Stroop-122,N
,,,,,,,,,,,,,,,,,,,,,escape,133.1260451,2018_May_01_1312,59.97389361,Stroop,Stroop-122,N