word,type,correct,ink,Practice.thisRepN,Practice.thisTrialN,Practice.thisN,Practice.thisIndex,trials.thisRepN,trials.thisTrialN,trials.thisN,trials.thisIndex,ready_to_continue.keys,ready_to_continue.rt,key_resp_2.keys,key_resp_2.rt,Response.keys,Response.corr,Response.rt,begin_exp.keys,begin_exp.rt,finished.keys,finished.rt,date,frameRate,expName,participant,condition,
,,,,,,,,,,,,r,44.7649413726,,,,,,,,,,2018_May_03_0933,60.0111712152,Stroop,Stroop-123,L,
,,,,,,,,,,,,,,r,4.81700631785,,,,,,,,2018_May_03_0933,60.0111712152,Stroop,Stroop-123,L,
RED,congruent,r,red,0,0,0,0,,,,,,,,,r,1,0.983836958942,,,,,2018_May_03_0933,60.0111712152,Stroop,Stroop-123,L,
XXXX,neutral,b,blue,0,1,1,5,,,,,,,,,b,1,0.650509052095,,,,,2018_May_03_0933,60.0111712152,Stroop,Stroop-123,L,
BLUE,incongruent,r,red,0,2,2,2,,,,,,,,,r,1,0.633835330984,,,,,2018_May_03_0933,60.0111712152,Stroop,Stroop-123,L,
BLUE,congruent,b,blue,0,3,3,3,,,,,,,,,b,1,0.367191691519,,,,,2018_May_03_0933,60.0111712152,Stroop,Stroop-123,L,
XXXX,neutral,r,red,0,4,4,4,,,,,,,,,r,1,0.433897192997,,,,,2018_May_03_0933,60.0111712152,Stroop,Stroop-123,L,
RED,incongruent,b,blue,0,5,5,1,,,,,,,,,b,1,0.350531418677,,,,,2018_May_03_0933,60.0111712152,Stroop,Stroop-123,L,
RED,incongruent,b,blue,1,0,6,1,,,,,,,,,b,1,0.533849628613,,,,,2018_May_03_0933,60.0111712152,Stroop,Stroop-123,L,
BLUE,congruent,b,blue,1,1,7,3,,,,,,,,,b,1,0.517168475562,,,,,2018_May_03_0933,60.0111712152,Stroop,Stroop-123,L,
BLUE,incongruent,r,red,1,2,8,2,,,,,,,,,r,1,0.283869447099,,,,,2018_May_03_0933,60.0111712152,Stroop,Stroop-123,L,
XXXX,neutral,r,red,1,3,9,4,,,,,,,,,r,1,0.400510467705,,,,,2018_May_03_0933,60.0111712152,Stroop,Stroop-123,L,
RED,congruent,r,red,1,4,10,0,,,,,,,,,r,1,0.36719593835,,,,,2018_May_03_0933,60.0111712152,Stroop,Stroop-123,L,
XXXX,neutral,b,blue,1,5,11,5,,,,,,,,,b,1,0.46719438117,,,,,2018_May_03_0933,60.0111712152,Stroop,Stroop-123,L,
,,,,,,,,,,,,,,,,,,,b,6.95017560599,,,2018_May_03_0933,60.0111712152,Stroop,Stroop-123,L,
XXXX,neutral,r,red,,,,,0,0,0,4,,,,,r,1,0.383857626788,,,,,2018_May_03_0933,60.0111712152,Stroop,Stroop-123,L,
RED,congruent,r,red,,,,,0,1,1,0,,,,,r,1,0.333905474297,,,,,2018_May_03_0933,60.0111712152,Stroop,Stroop-123,L,
RED,incongruent,b,blue,,,,,0,2,2,1,,,,,b,1,0.367369350148,,,,,2018_May_03_0933,60.0111712152,Stroop,Stroop-123,L,
RED,incongruent,b,blue,,,,,0,3,3,1,,,,,b,1,0.267208820354,,,,,2018_May_03_0933,60.0111712152,Stroop,Stroop-123,L,
XXXX,neutral,r,red,,,,,0,4,4,4,,,,,r,1,0.367146746023,,,,,2018_May_03_0933,60.0111712152,Stroop,Stroop-123,L,
RED,incongruent,b,blue,,,,,0,5,5,1,,,,,b,1,0.38384559413,,,,,2018_May_03_0933,60.0111712152,Stroop,Stroop-123,L,
BLUE,congruent,b,blue,,,,,1,0,6,3,,,,,b,1,0.31720167154,,,,,2018_May_03_0933,60.0111712152,Stroop,Stroop-123,L,
BLUE,incongruent,r,red,,,,,1,1,7,2,,,,,r,1,0.317211934685,,,,,2018_May_03_0933,60.0111712152,Stroop,Stroop-123,L,
RED,incongruent,b,blue,,,,,1,2,8,1,,,,,b,1,0.333901581384,,,,,2018_May_03_0933,60.0111712152,Stroop,Stroop-123,L,
BLUE,congruent,b,blue,,,,,1,3,9,3,,,,,b,1,0.367256809419,,,,,2018_May_03_0933,60.0111712152,Stroop,Stroop-123,L,
BLUE,incongruent,r,red,,,,,1,4,10,2,,,,,r,1,0.300550600135,,,,,2018_May_03_0933,60.0111712152,Stroop,Stroop-123,L,
XXXX,neutral,r,red,,,,,1,5,11,4,,,,,r,1,0.400495957729,,,,,2018_May_03_0933,60.0111712152,Stroop,Stroop-123,L,
RED,congruent,r,red,,,,,2,0,12,0,,,,,r,1,0.400527101068,,,,,2018_May_03_0933,60.0111712152,Stroop,Stroop-123,L,
RED,congruent,r,red,,,,,2,1,13,0,,,,,r,1,0.400548689067,,,,,2018_May_03_0933,60.0111712152,Stroop,Stroop-123,L,
RED,incongruent,b,blue,,,,,2,2,14,1,,,,,b,1,0.233851822806,,,,,2018_May_03_0933,60.0111712152,Stroop,Stroop-123,L,
RED,congruent,r,red,,,,,2,3,15,0,,,,,r,1,0.383863289215,,,,,2018_May_03_0933,60.0111712152,Stroop,Stroop-123,L,
XXXX,neutral,b,blue,,,,,2,4,16,5,,,,,b,1,0.300687560069,,,,,2018_May_03_0933,60.0111712152,Stroop,Stroop-123,L,
XXXX,neutral,r,red,,,,,2,5,17,4,,,,,r,1,0.40052533157,,,,,2018_May_03_0933,60.0111712152,Stroop,Stroop-123,L,
XXXX,neutral,b,blue,,,,,3,0,18,5,,,,,b,1,0.433826766573,,,,,2018_May_03_0933,60.0111712152,Stroop,Stroop-123,L,
RED,congruent,r,red,,,,,3,1,19,0,,,,,r,1,0.35051903213,,,,,2018_May_03_0933,60.0111712152,Stroop,Stroop-123,L,
XXXX,neutral,b,blue,,,,,3,2,20,5,,,,,b,1,0.250536868771,,,,,2018_May_03_0933,60.0111712152,Stroop,Stroop-123,L,
BLUE,congruent,b,blue,,,,,3,3,21,3,,,,,b,1,0.433851893584,,,,,2018_May_03_0933,60.0111712152,Stroop,Stroop-123,L,
XXXX,neutral,b,blue,,,,,3,4,22,5,,,,,b,1,0.567188931091,,,,,2018_May_03_0933,60.0111712152,Stroop,Stroop-123,L,
RED,congruent,r,red,,,,,3,5,23,0,,,,,r,1,0.483893937097,,,,,2018_May_03_0933,60.0111712152,Stroop,Stroop-123,L,
RED,congruent,r,red,,,,,4,0,24,0,,,,,r,1,0.317213704213,,,,,2018_May_03_0933,60.0111712152,Stroop,Stroop-123,L,
BLUE,congruent,b,blue,,,,,4,1,25,3,,,,,b,1,0.400517545728,,,,,2018_May_03_0933,60.0111712152,Stroop,Stroop-123,L,
BLUE,incongruent,r,red,,,,,4,2,26,2,,,,,r,1,0.383855857275,,,,,2018_May_03_0933,60.0111712152,Stroop,Stroop-123,L,
RED,congruent,r,red,,,,,4,3,27,0,,,,,r,1,0.433850831876,,,,,2018_May_03_0933,60.0111712152,Stroop,Stroop-123,L,
RED,incongruent,b,blue,,,,,4,4,28,1,,,,,b,1,0.267204927441,,,,,2018_May_03_0933,60.0111712152,Stroop,Stroop-123,L,
RED,incongruent,b,blue,,,,,4,5,29,1,,,,,r,0,0.350524694542,,,,,2018_May_03_0933,60.0111712152,Stroop,Stroop-123,L,
BLUE,congruent,b,blue,,,,,5,0,30,3,,,,,b,1,0.300529366054,,,,,2018_May_03_0933,60.0111712152,Stroop,Stroop-123,L,
XXXX,neutral,b,blue,,,,,5,1,31,5,,,,,b,1,0.383861873604,,,,,2018_May_03_0933,60.0111712152,Stroop,Stroop-123,L,
XXXX,neutral,b,blue,,,,,5,2,32,5,,,,,b,1,0.350509122887,,,,,2018_May_03_0933,60.0111712152,Stroop,Stroop-123,L,
BLUE,incongruent,r,red,,,,,5,3,33,2,,,,,r,1,0.433843046048,,,,,2018_May_03_0933,60.0111712152,Stroop,Stroop-123,L,
BLUE,congruent,b,blue,,,,,5,4,34,3,,,,,b,1,0.66718525051,,,,,2018_May_03_0933,60.0111712152,Stroop,Stroop-123,L,
XXXX,neutral,r,red,,,,,5,5,35,4,,,,,r,1,0.333884947991,,,,,2018_May_03_0933,60.0111712152,Stroop,Stroop-123,L,
BLUE,incongruent,r,red,,,,,6,0,36,2,,,,,r,1,0.400524977667,,,,,2018_May_03_0933,60.0111712152,Stroop,Stroop-123,L,
XXXX,neutral,b,blue,,,,,6,1,37,5,,,,,b,1,0.250527667318,,,,,2018_May_03_0933,60.0111712152,Stroop,Stroop-123,L,
BLUE,incongruent,r,red,,,,,6,2,38,2,,,,,r,1,0.43386357234,,,,,2018_May_03_0933,60.0111712152,Stroop,Stroop-123,L,
BLUE,incongruent,r,red,,,,,6,3,39,2,,,,,r,1,0.350587335124,,,,,2018_May_03_0933,60.0111712152,Stroop,Stroop-123,L,
BLUE,incongruent,r,red,,,,,6,4,40,2,,,,,r,1,0.517165998259,,,,,2018_May_03_0933,60.0111712152,Stroop,Stroop-123,L,
BLUE,congruent,b,blue,,,,,6,5,41,3,,,,,b,1,0.36719523053,,,,,2018_May_03_0933,60.0111712152,Stroop,Stroop-123,L,
RED,incongruent,b,blue,,,,,7,0,42,1,,,,,b,1,0.400549396887,,,,,2018_May_03_0933,60.0111712152,Stroop,Stroop-123,L,
XXXX,neutral,r,red,,,,,7,1,43,4,,,,,r,1,0.417176756877,,,,,2018_May_03_0933,60.0111712152,Stroop,Stroop-123,L,
XXXX,neutral,b,blue,,,,,7,2,44,5,,,,,b,1,0.400518607436,,,,,2018_May_03_0933,60.0111712152,Stroop,Stroop-123,L,
RED,congruent,r,red,,,,,7,3,45,0,,,,,r,1,0.383869305544,,,,,2018_May_03_0933,60.0111712152,Stroop,Stroop-123,L,
BLUE,congruent,b,blue,,,,,7,4,46,3,,,,,b,1,0.367222127054,,,,,2018_May_03_0933,60.0111712152,Stroop,Stroop-123,L,
XXXX,neutral,r,red,,,,,7,5,47,4,,,,,r,1,0.417191974644,,,,,2018_May_03_0933,60.0111712152,Stroop,Stroop-123,L,
RED,incongruent,b,blue,,,,,8,0,48,1,,,,,b,1,0.467203582608,,,,,2018_May_03_0933,60.0111712152,Stroop,Stroop-123,L,
RED,incongruent,b,blue,,,,,8,1,49,1,,,,,b,1,0.300562986711,,,,,2018_May_03_0933,60.0111712152,Stroop,Stroop-123,L,
RED,congruent,r,red,,,,,8,2,50,0,,,,,r,1,0.417190912936,,,,,2018_May_03_0933,60.0111712152,Stroop,Stroop-123,L,
BLUE,congruent,b,blue,,,,,8,3,51,3,,,,,b,1,0.283875463429,,,,,2018_May_03_0933,60.0111712152,Stroop,Stroop-123,L,
RED,congruent,r,red,,,,,8,4,52,0,,,,,r,1,0.183854016985,,,,,2018_May_03_0933,60.0111712152,Stroop,Stroop-123,L,
BLUE,congruent,b,blue,,,,,8,5,53,3,,,,,b,1,0.400515422327,,,,,2018_May_03_0933,60.0111712152,Stroop,Stroop-123,L,
RED,congruent,r,red,,,,,9,0,54,0,,,,,r,1,0.333846372712,,,,,2018_May_03_0933,60.0111712152,Stroop,Stroop-123,L,
BLUE,incongruent,r,red,,,,,9,1,55,2,,,,,b,0,0.233747067919,,,,,2018_May_03_0933,60.0111712152,Stroop,Stroop-123,L,
BLUE,incongruent,r,red,,,,,9,2,56,2,,,,,r,1,0.417189497341,,,,,2018_May_03_0933,60.0111712152,Stroop,Stroop-123,L,
XXXX,neutral,r,red,,,,,9,3,57,4,,,,,b,0,0.200544725376,,,,,2018_May_03_0933,60.0111712152,Stroop,Stroop-123,L,
BLUE,incongruent,r,red,,,,,9,4,58,2,,,,,r,1,0.550606870514,,,,,2018_May_03_0933,60.0111712152,Stroop,Stroop-123,L,
XXXX,neutral,b,blue,,,,,9,5,59,5,,,,,b,1,0.350536727201,,,,,2018_May_03_0933,60.0111712152,Stroop,Stroop-123,L,
RED,congruent,r,red,,,,,10,0,60,0,,,,,r,1,0.53399508218,,,,,2018_May_03_0933,60.0111712152,Stroop,Stroop-123,L,
XXXX,neutral,b,blue,,,,,10,1,61,5,,,,,b,1,0.400541257142,,,,,2018_May_03_0933,60.0111712152,Stroop,Stroop-123,L,
BLUE,incongruent,r,red,,,,,10,2,62,2,,,,,r,1,0.533542088102,,,,,2018_May_03_0933,60.0111712152,Stroop,Stroop-123,L,
BLUE,congruent,b,blue,,,,,10,3,63,3,,,,,b,1,0.367001646358,,,,,2018_May_03_0933,60.0111712152,Stroop,Stroop-123,L,
XXXX,neutral,r,red,,,,,10,4,64,4,,,,,b,0,0.483843329159,,,,,2018_May_03_0933,60.0111712152,Stroop,Stroop-123,L,
RED,congruent,r,red,,,,,10,5,65,0,,,,,r,1,0.533882187563,,,,,2018_May_03_0933,60.0111712152,Stroop,Stroop-123,L,
XXXX,neutral,b,blue,,,,,11,0,66,5,,,,,b,1,0.267168829479,,,,,2018_May_03_0933,60.0111712152,Stroop,Stroop-123,L,
BLUE,incongruent,r,red,,,,,11,1,67,2,,,,,r,1,0.283863076882,,,,,2018_May_03_0933,60.0111712152,Stroop,Stroop-123,L,
RED,congruent,r,red,,,,,11,2,68,0,,,,,r,1,0.400525685473,,,,,2018_May_03_0933,60.0111712152,Stroop,Stroop-123,L,
BLUE,congruent,b,blue,,,,,11,3,69,3,,,,,b,1,0.450520660073,,,,,2018_May_03_0933,60.0111712152,Stroop,Stroop-123,L,
RED,incongruent,b,blue,,,,,11,4,70,1,,,,,b,1,0.333805674032,,,,,2018_May_03_0933,60.0111712152,Stroop,Stroop-123,L,
BLUE,congruent,b,blue,,,,,11,5,71,3,,,,,b,1,0.383907173018,,,,,2018_May_03_0933,60.0111712152,Stroop,Stroop-123,L,
XXXX,neutral,r,red,,,,,12,0,72,4,,,,,r,1,0.433850477973,,,,,2018_May_03_0933,60.0111712152,Stroop,Stroop-123,L,
XXXX,neutral,b,blue,,,,,12,1,73,5,,,,,b,1,0.51717980043,,,,,2018_May_03_0933,60.0111712152,Stroop,Stroop-123,L,
BLUE,incongruent,r,red,,,,,12,2,74,2,,,,,r,1,0.283776370983,,,,,2018_May_03_0933,60.0111712152,Stroop,Stroop-123,L,
XXXX,neutral,b,blue,,,,,12,3,75,5,,,,,b,1,0.48386597888,,,,,2018_May_03_0933,60.0111712152,Stroop,Stroop-123,L,
BLUE,congruent,b,blue,,,,,12,4,76,3,,,,,b,1,0.267197141613,,,,,2018_May_03_0933,60.0111712152,Stroop,Stroop-123,L,
BLUE,incongruent,r,red,,,,,12,5,77,2,,,,,r,1,0.333848496128,,,,,2018_May_03_0933,60.0111712152,Stroop,Stroop-123,L,
XXXX,neutral,b,blue,,,,,13,0,78,5,,,,,b,1,0.36717895107,,,,,2018_May_03_0933,60.0111712152,Stroop,Stroop-123,L,
RED,congruent,r,red,,,,,13,1,79,0,,,,,r,1,0.467144481052,,,,,2018_May_03_0933,60.0111712152,Stroop,Stroop-123,L,
XXXX,neutral,r,red,,,,,13,2,80,4,,,,,r,1,0.450540832462,,,,,2018_May_03_0933,60.0111712152,Stroop,Stroop-123,L,
RED,congruent,r,red,,,,,13,3,81,0,,,,,r,1,0.383888770142,,,,,2018_May_03_0933,60.0111712152,Stroop,Stroop-123,L,
XXXX,neutral,b,blue,,,,,13,4,82,5,,,,,b,1,0.267168475577,,,,,2018_May_03_0933,60.0111712152,Stroop,Stroop-123,L,
RED,incongruent,b,blue,,,,,13,5,83,1,,,,,b,1,0.300537859686,,,,,2018_May_03_0933,60.0111712152,Stroop,Stroop-123,L,
XXXX,neutral,r,red,,,,,14,0,84,4,,,,,r,1,0.350515847007,,,,,2018_May_03_0933,60.0111712152,Stroop,Stroop-123,L,
XXXX,neutral,r,red,,,,,14,1,85,4,,,,,r,1,0.250549255317,,,,,2018_May_03_0933,60.0111712152,Stroop,Stroop-123,L,
BLUE,congruent,b,blue,,,,,14,2,86,3,,,,,b,1,0.300550954038,,,,,2018_May_03_0933,60.0111712152,Stroop,Stroop-123,L,
BLUE,congruent,b,blue,,,,,14,3,87,3,,,,,b,1,0.467189072646,,,,,2018_May_03_0933,60.0111712152,Stroop,Stroop-123,L,
BLUE,incongruent,r,red,,,,,14,4,88,2,,,,,r,1,0.350546282541,,,,,2018_May_03_0933,60.0111712152,Stroop,Stroop-123,L,
XXXX,neutral,r,red,,,,,14,5,89,4,,,,,r,1,0.533852813736,,,,,2018_May_03_0933,60.0111712152,Stroop,Stroop-123,L,
RED,congruent,r,red,,,,,15,0,90,0,,,,,r,1,0.350524694557,,,,,2018_May_03_0933,60.0111712152,Stroop,Stroop-123,L,
RED,congruent,r,red,,,,,15,1,91,0,,,,,r,1,0.36720124686,,,,,2018_May_03_0933,60.0111712152,Stroop,Stroop-123,L,
XXXX,neutral,r,red,,,,,15,2,92,4,,,,,r,1,0.400533825217,,,,,2018_May_03_0933,60.0111712152,Stroop,Stroop-123,L,
RED,incongruent,b,blue,,,,,15,3,93,1,,,,,b,1,0.250535099258,,,,,2018_May_03_0933,60.0111712152,Stroop,Stroop-123,L,
XXXX,neutral,r,red,,,,,15,4,94,4,,,,,r,1,0.317212288603,,,,,2018_May_03_0933,60.0111712152,Stroop,Stroop-123,L,
BLUE,congruent,b,blue,,,,,15,5,95,3,,,,,b,1,0.350532834287,,,,,2018_May_03_0933,60.0111712152,Stroop,Stroop-123,L,
RED,congruent,r,red,,,,,16,0,96,0,,,,,r,1,0.600506291667,,,,,2018_May_03_0933,60.0111712152,Stroop,Stroop-123,L,
BLUE,incongruent,r,red,,,,,16,1,97,2,,,,,r,1,0.483856777428,,,,,2018_May_03_0933,60.0111712152,Stroop,Stroop-123,L,
XXXX,neutral,r,red,,,,,16,2,98,4,,,,,r,1,0.433850477973,,,,,2018_May_03_0933,60.0111712152,Stroop,Stroop-123,L,
XXXX,neutral,b,blue,,,,,16,3,99,5,,,,,b,1,0.367197353946,,,,,2018_May_03_0933,60.0111712152,Stroop,Stroop-123,L,
RED,incongruent,b,blue,,,,,16,4,100,1,,,,,b,1,0.367204431983,,,,,2018_May_03_0933,60.0111712152,Stroop,Stroop-123,L,
XXXX,neutral,b,blue,,,,,16,5,101,5,,,,,b,1,0.600140003487,,,,,2018_May_03_0933,60.0111712152,Stroop,Stroop-123,L,
XXXX,neutral,b,blue,,,,,17,0,102,5,,,,,b,1,0.467190134354,,,,,2018_May_03_0933,60.0111712152,Stroop,Stroop-123,L,
RED,congruent,r,red,,,,,17,1,103,0,,,,,r,1,0.533489356763,,,,,2018_May_03_0933,60.0111712152,Stroop,Stroop-123,L,
RED,incongruent,b,blue,,,,,17,2,104,1,,,,,r,0,0.767168475577,,,,,2018_May_03_0933,60.0111712152,Stroop,Stroop-123,L,
RED,incongruent,b,blue,,,,,17,3,105,1,,,,,b,1,0.600520093823,,,,,2018_May_03_0933,60.0111712152,Stroop,Stroop-123,L,
RED,congruent,r,red,,,,,17,4,106,0,,,,,r,1,0.5838407103,,,,,2018_May_03_0933,60.0111712152,Stroop,Stroop-123,L,
RED,incongruent,b,blue,,,,,17,5,107,1,,,,,b,1,0.450138446322,,,,,2018_May_03_0933,60.0111712152,Stroop,Stroop-123,L,
XXXX,neutral,b,blue,,,,,18,0,108,5,,,,,b,1,0.433841630438,,,,,2018_May_03_0933,60.0111712152,Stroop,Stroop-123,L,
BLUE,incongruent,r,red,,,,,18,1,109,2,,,,,r,1,0.600534249897,,,,,2018_May_03_0933,60.0111712152,Stroop,Stroop-123,L,
RED,incongruent,b,blue,,,,,18,2,110,1,,,,,b,1,0.650539841547,,,,,2018_May_03_0933,60.0111712152,Stroop,Stroop-123,L,
BLUE,congruent,b,blue,,,,,18,3,111,3,,,,,b,1,0.433837383622,,,,,2018_May_03_0933,60.0111712152,Stroop,Stroop-123,L,
XXXX,neutral,r,red,,,,,18,4,112,4,,,,,r,1,0.400520730851,,,,,2018_May_03_0933,60.0111712152,Stroop,Stroop-123,L,
BLUE,incongruent,r,red,,,,,18,5,113,2,,,,,r,1,0.35051620091,,,,,2018_May_03_0933,60.0111712152,Stroop,Stroop-123,L,
RED,congruent,r,red,,,,,19,0,114,0,,,,,r,1,0.31718751548,,,,,2018_May_03_0933,60.0111712152,Stroop,Stroop-123,L,
XXXX,neutral,b,blue,,,,,19,1,115,5,,,,,b,1,0.467181994609,,,,,2018_May_03_0933,60.0111712152,Stroop,Stroop-123,L,
BLUE,incongruent,r,red,,,,,19,2,116,2,,,,,r,1,0.283888203892,,,,,2018_May_03_0933,60.0111712152,Stroop,Stroop-123,L,
XXXX,neutral,r,red,,,,,19,3,117,4,,,,,r,1,0.367203370275,,,,,2018_May_03_0933,60.0111712152,Stroop,Stroop-123,L,
RED,incongruent,b,blue,,,,,19,4,118,1,,,,,b,1,0.566801054913,,,,,2018_May_03_0933,60.0111712152,Stroop,Stroop-123,L,
BLUE,incongruent,r,red,,,,,19,5,119,2,,,,,r,1,0.250557748965,,,,,2018_May_03_0933,60.0111712152,Stroop,Stroop-123,L,
BLUE,congruent,b,blue,,,,,20,0,120,3,,,,,b,1,0.417194451948,,,,,2018_May_03_0933,60.0111712152,Stroop,Stroop-123,L,
XXXX,neutral,b,blue,,,,,20,1,121,5,,,,,b,1,0.817173713323,,,,,2018_May_03_0933,60.0111712152,Stroop,Stroop-123,L,
BLUE,congruent,b,blue,,,,,20,2,122,3,,,,,b,1,0.317198486431,,,,,2018_May_03_0933,60.0111712152,Stroop,Stroop-123,L,
RED,incongruent,b,blue,,,,,20,3,123,1,,,,,b,1,0.350518678213,,,,,2018_May_03_0933,60.0111712152,Stroop,Stroop-123,L,
RED,incongruent,b,blue,,,,,20,4,124,1,,,,,r,0,0.183852955292,,,,,2018_May_03_0933,60.0111712152,Stroop,Stroop-123,L,
BLUE,congruent,b,blue,,,,,20,5,125,3,,,,,b,1,0.383866120435,,,,,2018_May_03_0933,60.0111712152,Stroop,Stroop-123,L,
BLUE,incongruent,r,red,,,,,21,0,126,2,,,,,r,1,0.417182419304,,,,,2018_May_03_0933,60.0111712152,Stroop,Stroop-123,L,
XXXX,neutral,b,blue,,,,,21,1,127,5,,,,,b,1,0.400517545742,,,,,2018_May_03_0933,60.0111712152,Stroop,Stroop-123,L,
RED,incongruent,b,blue,,,,,21,2,128,1,,,,,r,0,0.983824926283,,,,,2018_May_03_0933,60.0111712152,Stroop,Stroop-123,L,
XXXX,neutral,r,red,,,,,21,3,129,4,,,,,r,1,0.28383971937,,,,,2018_May_03_0933,60.0111712152,Stroop,Stroop-123,L,
BLUE,congruent,b,blue,,,,,21,4,130,3,,,,,b,1,0.383866474323,,,,,2018_May_03_0933,60.0111712152,Stroop,Stroop-123,L,
BLUE,incongruent,r,red,,,,,21,5,131,2,,,,,r,1,0.267200326722,,,,,2018_May_03_0933,60.0111712152,Stroop,Stroop-123,L,
BLUE,congruent,b,blue,,,,,22,0,132,3,,,,,r,0,0.250534391453,,,,,2018_May_03_0933,60.0111712152,Stroop,Stroop-123,L,
BLUE,incongruent,r,red,,,,,22,1,133,2,,,,,r,1,0.333856281955,,,,,2018_May_03_0933,60.0111712152,Stroop,Stroop-123,L,
XXXX,neutral,r,red,,,,,22,2,134,4,,,,,r,1,0.383844178534,,,,,2018_May_03_0933,60.0111712152,Stroop,Stroop-123,L,
XXXX,neutral,b,blue,,,,,22,3,135,5,,,,,b,1,0.367197000043,,,,,2018_May_03_0933,60.0111712152,Stroop,Stroop-123,L,
RED,incongruent,b,blue,,,,,22,4,136,1,,,,,b,1,0.30052618093,,,,,2018_May_03_0933,60.0111712152,Stroop,Stroop-123,L,
XXXX,neutral,r,red,,,,,22,5,137,4,,,,,r,1,0.283866261991,,,,,2018_May_03_0933,60.0111712152,Stroop,Stroop-123,L,
BLUE,congruent,b,blue,,,,,23,0,138,3,,,,,b,1,0.317192824004,,,,,2018_May_03_0933,60.0111712152,Stroop,Stroop-123,L,
XXXX,neutral,b,blue,,,,,23,1,139,5,,,,,r,0,0.267190417464,,,,,2018_May_03_0933,60.0111712152,Stroop,Stroop-123,L,
XXXX,neutral,r,red,,,,,23,2,140,4,,,,,r,1,0.400580186324,,,,,2018_May_03_0933,60.0111712152,Stroop,Stroop-123,L,
RED,incongruent,b,blue,,,,,23,3,141,1,,,,,b,1,0.350532834287,,,,,2018_May_03_0933,60.0111712152,Stroop,Stroop-123,L,
RED,congruent,r,red,,,,,23,4,142,0,,,,,r,1,0.28387086271,,,,,2018_May_03_0933,60.0111712152,Stroop,Stroop-123,L,
BLUE,congruent,b,blue,,,,,23,5,143,3,,,,,b,1,0.4005334713,,,,,2018_May_03_0933,60.0111712152,Stroop,Stroop-123,L,
XXXX,neutral,r,red,,,,,24,0,144,4,,,,,r,1,0.517177323112,,,,,2018_May_03_0933,60.0111712152,Stroop,Stroop-123,L,
XXXX,neutral,b,blue,,,,,24,1,145,5,,,,,b,1,0.367160194277,,,,,2018_May_03_0933,60.0111712152,Stroop,Stroop-123,L,
RED,incongruent,b,blue,,,,,24,2,146,1,,,,,b,1,0.483447313251,,,,,2018_May_03_0933,60.0111712152,Stroop,Stroop-123,L,
RED,congruent,r,red,,,,,24,3,147,0,,,,,r,1,0.367720420545,,,,,2018_May_03_0933,60.0111712152,Stroop,Stroop-123,L,
XXXX,neutral,r,red,,,,,24,4,148,4,,,,,r,1,0.467202167012,,,,,2018_May_03_0933,60.0111712152,Stroop,Stroop-123,L,
BLUE,incongruent,r,red,,,,,24,5,149,2,,,,,r,1,0.383935839054,,,,,2018_May_03_0933,60.0111712152,Stroop,Stroop-123,L,
,,,,,,,,,,,,,,,,,,,,,escape,125.860769085,2018_May_03_0933,60.0111712152,Stroop,Stroop-123,L,
