word,type,correct,ink,Practice.thisRepN,Practice.thisTrialN,Practice.thisN,Practice.thisIndex,trials.thisRepN,trials.thisTrialN,trials.thisN,trials.thisIndex,ready_to_continue.keys,ready_to_continue.rt,key_resp_2.keys,key_resp_2.rt,Response.keys,Response.corr,Response.rt,begin_exp.keys,begin_exp.rt,finished.keys,finished.rt,date,frameRate,expName,participant,condition,
,,,,,,,,,,,,r,192.255240079,,,,,,,,,,2018_May_10_1510,60.0022296402,Stroop,stroop-125,L,
,,,,,,,,,,,,,,r,1.3338319756,,,,,,,,2018_May_10_1510,60.0022296402,Stroop,stroop-125,L,
XXXX,neutral,b,blue,0,0,0,5,,,,,,,,,b,1,1.25049006024,,,,,2018_May_10_1510,60.0022296402,Stroop,stroop-125,L,
RED,congruent,r,red,0,1,1,0,,,,,,,,,r,1,1.08384055763,,,,,2018_May_10_1510,60.0022296402,Stroop,stroop-125,L,
BLUE,congruent,b,blue,0,2,2,3,,,,,,,,,b,1,0.967159328061,,,,,2018_May_10_1510,60.0022296402,Stroop,stroop-125,L,
RED,incongruent,b,blue,0,3,3,1,,,,,,,,,b,1,0.933832400281,,,,,2018_May_10_1510,60.0022296402,Stroop,stroop-125,L,
XXXX,neutral,r,red,0,4,4,4,,,,,,,,,r,1,0.867162265414,,,,,2018_May_10_1510,60.0022296402,Stroop,stroop-125,L,
BLUE,incongruent,r,red,0,5,5,2,,,,,,,,,r,1,0.83383427594,,,,,2018_May_10_1510,60.0022296402,Stroop,stroop-125,L,
XXXX,neutral,r,red,1,0,6,4,,,,,,,,,r,1,0.716799502278,,,,,2018_May_10_1510,60.0022296402,Stroop,stroop-125,L,
BLUE,congruent,b,blue,1,1,7,3,,,,,,,,,b,1,0.267213863742,,,,,2018_May_10_1510,60.0022296402,Stroop,stroop-125,L,
RED,congruent,r,red,1,2,8,0,,,,,,,,,r,1,0.367196416571,,,,,2018_May_10_1510,60.0022296402,Stroop,stroop-125,L,
BLUE,incongruent,r,red,1,3,9,2,,,,,,,,,r,1,0.817173820184,,,,,2018_May_10_1510,60.0022296402,Stroop,stroop-125,L,
RED,incongruent,b,blue,1,4,10,1,,,,,,,,,b,1,0.66719291298,,,,,2018_May_10_1510,60.0022296402,Stroop,stroop-125,L,
XXXX,neutral,b,blue,1,5,11,5,,,,,,,,,b,1,0.767174404115,,,,,2018_May_10_1510,60.0022296402,Stroop,stroop-125,L,
,,,,,,,,,,,,,,,,,,,r,2.85027602274,,,2018_May_10_1510,60.0022296402,Stroop,stroop-125,L,
XXXX,neutral,b,blue,,,,,0,0,0,5,,,,,b,1,0.550538933557,,,,,2018_May_10_1510,60.0022296402,Stroop,stroop-125,L,
RED,incongruent,b,blue,,,,,0,1,1,1,,,,,b,1,0.567207528967,,,,,2018_May_10_1510,60.0022296402,Stroop,stroop-125,L,
RED,incongruent,b,blue,,,,,0,2,2,1,,,,,b,1,0.450517805847,,,,,2018_May_10_1510,60.0022296402,Stroop,stroop-125,L,
RED,congruent,r,red,,,,,0,3,3,0,,,,,r,1,0.283876796784,,,,,2018_May_10_1510,60.0022296402,Stroop,stroop-125,L,
RED,congruent,r,red,,,,,0,4,4,0,,,,,r,1,0.633867400793,,,,,2018_May_10_1510,60.0022296402,Stroop,stroop-125,L,
BLUE,congruent,b,blue,,,,,0,5,5,3,,,,,r,0,0.13386262317,,,,,2018_May_10_1510,60.0022296402,Stroop,stroop-125,L,
XXXX,neutral,r,red,,,,,1,0,6,4,,,,,r,1,0.750516779543,,,,,2018_May_10_1510,60.0022296402,Stroop,stroop-125,L,
XXXX,neutral,b,blue,,,,,1,1,7,5,,,,,b,1,0.567185233394,,,,,2018_May_10_1510,60.0022296402,Stroop,stroop-125,L,
RED,incongruent,b,blue,,,,,1,2,8,1,,,,,b,1,0.500526777161,,,,,2018_May_10_1510,60.0022296402,Stroop,stroop-125,L,
BLUE,incongruent,r,red,,,,,1,3,9,2,,,,,r,1,0.767183605463,,,,,2018_May_10_1510,60.0022296402,Stroop,stroop-125,L,
RED,congruent,r,red,,,,,1,4,10,0,,,,,r,1,0.567184525598,,,,,2018_May_10_1510,60.0022296402,Stroop,stroop-125,L,
BLUE,incongruent,r,red,,,,,1,5,11,2,,,,,r,1,0.416808668236,,,,,2018_May_10_1510,60.0022296402,Stroop,stroop-125,L,
BLUE,incongruent,r,red,,,,,2,0,12,2,,,,,r,1,0.533825039203,,,,,2018_May_10_1510,60.0022296402,Stroop,stroop-125,L,
BLUE,congruent,b,blue,,,,,2,1,13,3,,,,,b,1,0.516870848113,,,,,2018_May_10_1510,60.0022296402,Stroop,stroop-125,L,
BLUE,congruent,b,blue,,,,,2,2,14,3,,,,,b,1,0.633870585875,,,,,2018_May_10_1510,60.0022296402,Stroop,stroop-125,L,
RED,incongruent,b,blue,,,,,2,3,15,1,,,,,b,1,0.417191585863,,,,,2018_May_10_1510,60.0022296402,Stroop,stroop-125,L,
BLUE,congruent,b,blue,,,,,2,4,16,3,,,,,b,1,0.583835780007,,,,,2018_May_10_1510,60.0022296402,Stroop,stroop-125,L,
XXXX,neutral,r,red,,,,,2,5,17,4,,,,,r,1,0.567161168331,,,,,2018_May_10_1510,60.0022296402,Stroop,stroop-125,L,
RED,congruent,r,red,,,,,3,0,18,0,,,,,r,1,0.567173908658,,,,,2018_May_10_1510,60.0022296402,Stroop,stroop-125,L,
BLUE,incongruent,r,red,,,,,3,1,19,2,,,,,r,1,0.417182384515,,,,,2018_May_10_1510,60.0022296402,Stroop,stroop-125,L,
XXXX,neutral,r,red,,,,,3,2,20,4,,,,,r,1,0.367208449102,,,,,2018_May_10_1510,60.0022296402,Stroop,stroop-125,L,
XXXX,neutral,r,red,,,,,3,3,21,4,,,,,r,1,0.367175890487,,,,,2018_May_10_1510,60.0022296402,Stroop,stroop-125,L,
XXXX,neutral,r,red,,,,,3,4,22,4,,,,,r,1,0.36721941994,,,,,2018_May_10_1510,60.0022296402,Stroop,stroop-125,L,
RED,congruent,r,red,,,,,3,5,23,0,,,,,r,1,0.367220835532,,,,,2018_May_10_1510,60.0022296402,Stroop,stroop-125,L,
BLUE,incongruent,r,red,,,,,4,0,24,2,,,,,r,1,0.667179110959,,,,,2018_May_10_1510,60.0022296402,Stroop,stroop-125,L,
XXXX,neutral,r,red,,,,,4,1,25,4,,,,,r,1,0.550535040679,,,,,2018_May_10_1510,60.0022296402,Stroop,stroop-125,L,
RED,congruent,r,red,,,,,4,2,26,0,,,,,r,1,0.367205617918,,,,,2018_May_10_1510,60.0022296402,Stroop,stroop-125,L,
BLUE,incongruent,r,red,,,,,4,3,27,2,,,,,r,1,0.417217420416,,,,,2018_May_10_1510,60.0022296402,Stroop,stroop-125,L,
BLUE,congruent,b,blue,,,,,4,4,28,3,,,,,b,1,0.533438228698,,,,,2018_May_10_1510,60.0022296402,Stroop,stroop-125,L,
BLUE,congruent,b,blue,,,,,4,5,29,3,,,,,b,1,0.400525467738,,,,,2018_May_10_1510,60.0022296402,Stroop,stroop-125,L,
BLUE,incongruent,r,red,,,,,5,0,30,2,,,,,r,1,0.350555425203,,,,,2018_May_10_1510,60.0022296402,Stroop,stroop-125,L,
XXXX,neutral,b,blue,,,,,5,1,31,5,,,,,b,1,0.550520884759,,,,,2018_May_10_1510,60.0022296402,Stroop,stroop-125,L,
XXXX,neutral,b,blue,,,,,5,2,32,5,,,,,b,1,0.867180314212,,,,,2018_May_10_1510,60.0022296402,Stroop,stroop-125,L,
XXXX,neutral,r,red,,,,,5,3,33,4,,,,,r,1,0.367213049776,,,,,2018_May_10_1510,60.0022296402,Stroop,stroop-125,L,
RED,congruent,r,red,,,,,5,4,34,0,,,,,r,1,0.467197372095,,,,,2018_May_10_1510,60.0022296402,Stroop,stroop-125,L,
BLUE,congruent,b,blue,,,,,5,5,35,3,,,,,b,1,0.350555071305,,,,,2018_May_10_1510,60.0022296402,Stroop,stroop-125,L,
XXXX,neutral,r,red,,,,,6,0,36,4,,,,,r,1,0.367205971816,,,,,2018_May_10_1510,60.0022296402,Stroop,stroop-125,L,
RED,congruent,r,red,,,,,6,1,37,0,,,,,r,1,0.367220835532,,,,,2018_May_10_1510,60.0022296402,Stroop,stroop-125,L,
XXXX,neutral,b,blue,,,,,6,2,38,5,,,,,b,1,0.517189356306,,,,,2018_May_10_1510,60.0022296402,Stroop,stroop-125,L,
BLUE,incongruent,r,red,,,,,6,3,39,2,,,,,r,1,0.467205157851,,,,,2018_May_10_1510,60.0022296402,Stroop,stroop-125,L,
RED,congruent,r,red,,,,,6,4,40,0,,,,,r,1,0.533858659513,,,,,2018_May_10_1510,60.0022296402,Stroop,stroop-125,L,
BLUE,congruent,b,blue,,,,,6,5,41,3,,,,,b,1,0.48386172073,,,,,2018_May_10_1510,60.0022296402,Stroop,stroop-125,L,
RED,incongruent,b,blue,,,,,7,0,42,1,,,,,b,1,0.500510143955,,,,,2018_May_10_1510,60.0022296402,Stroop,stroop-125,L,
BLUE,congruent,b,blue,,,,,7,1,43,3,,,,,b,1,0.450539039726,,,,,2018_May_10_1510,60.0022296402,Stroop,stroop-125,L,
XXXX,neutral,b,blue,,,,,7,2,44,5,,,,,b,1,0.517198911551,,,,,2018_May_10_1510,60.0022296402,Stroop,stroop-125,L,
BLUE,congruent,b,blue,,,,,7,3,45,3,,,,,b,1,0.450530546174,,,,,2018_May_10_1510,60.0022296402,Stroop,stroop-125,L,
RED,incongruent,b,blue,,,,,7,4,46,1,,,,,b,1,1.00012174091,,,,,2018_May_10_1510,60.0022296402,Stroop,stroop-125,L,
RED,incongruent,b,blue,,,,,7,5,47,1,,,,,b,1,0.400515912492,,,,,2018_May_10_1510,60.0022296402,Stroop,stroop-125,L,
RED,congruent,r,red,,,,,8,0,48,0,,,,,r,1,0.350541623181,,,,,2018_May_10_1510,60.0022296402,Stroop,stroop-125,L,
BLUE,incongruent,r,red,,,,,8,1,49,2,,,,,r,1,0.317203016768,,,,,2018_May_10_1510,60.0022296402,Stroop,stroop-125,L,
XXXX,neutral,b,blue,,,,,8,2,50,5,,,,,b,1,0.433895924971,,,,,2018_May_10_1510,60.0022296402,Stroop,stroop-125,L,
XXXX,neutral,b,blue,,,,,8,3,51,5,,,,,b,1,0.367190754203,,,,,2018_May_10_1510,60.0022296402,Stroop,stroop-125,L,
RED,incongruent,b,blue,,,,,8,4,52,1,,,,,b,1,0.350535606915,,,,,2018_May_10_1510,60.0022296402,Stroop,stroop-125,L,
XXXX,neutral,r,red,,,,,8,5,53,4,,,,,r,1,0.433863720253,,,,,2018_May_10_1510,60.0022296402,Stroop,stroop-125,L,
BLUE,incongruent,r,red,,,,,9,0,54,2,,,,,r,1,0.450152937017,,,,,2018_May_10_1510,60.0022296402,Stroop,stroop-125,L,
RED,congruent,r,red,,,,,9,1,55,0,,,,,r,1,0.433870798213,,,,,2018_May_10_1510,60.0022296402,Stroop,stroop-125,L,
XXXX,neutral,r,red,,,,,9,2,56,4,,,,,r,1,0.517194310878,,,,,2018_May_10_1510,60.0022296402,Stroop,stroop-125,L,
RED,incongruent,b,blue,,,,,9,3,57,1,,,,,b,1,0.250541021555,,,,,2018_May_10_1510,60.0022296402,Stroop,stroop-125,L,
BLUE,incongruent,r,red,,,,,9,4,58,2,,,,,r,1,0.433898402257,,,,,2018_May_10_1510,60.0022296402,Stroop,stroop-125,L,
BLUE,incongruent,r,red,,,,,9,5,59,2,,,,,r,1,0.767255800653,,,,,2018_May_10_1510,60.0022296402,Stroop,stroop-125,L,
BLUE,incongruent,r,red,,,,,10,0,60,2,,,,,r,1,1.00048767143,,,,,2018_May_10_1510,60.0022296402,Stroop,stroop-125,L,
RED,congruent,r,red,,,,,10,1,61,0,,,,,r,1,0.533920591661,,,,,2018_May_10_1510,60.0022296402,Stroop,stroop-125,L,
XXXX,neutral,r,red,,,,,10,2,62,4,,,,,r,1,0.483868444792,,,,,2018_May_10_1510,60.0022296402,Stroop,stroop-125,L,
BLUE,congruent,b,blue,,,,,10,3,63,3,,,,,b,1,0.600515346255,,,,,2018_May_10_1510,60.0022296402,Stroop,stroop-125,L,
XXXX,neutral,b,blue,,,,,10,4,64,5,,,,,b,1,0.650526087059,,,,,2018_May_10_1510,60.0022296402,Stroop,stroop-125,L,
RED,congruent,r,red,,,,,10,5,65,0,,,,,r,1,0.483864551914,,,,,2018_May_10_1510,60.0022296402,Stroop,stroop-125,L,
RED,congruent,r,red,,,,,11,0,66,0,,,,,r,1,0.433867259233,,,,,2018_May_10_1510,60.0022296402,Stroop,stroop-125,L,
XXXX,neutral,b,blue,,,,,11,1,67,5,,,,,b,1,0.70050568484,,,,,2018_May_10_1510,60.0022296402,Stroop,stroop-125,L,
RED,congruent,r,red,,,,,11,2,68,0,,,,,r,1,0.783829905301,,,,,2018_May_10_1510,60.0022296402,Stroop,stroop-125,L,
XXXX,neutral,b,blue,,,,,11,3,69,5,,,,,b,1,0.750500854133,,,,,2018_May_10_1510,60.0022296402,Stroop,stroop-125,L,
XXXX,neutral,r,red,,,,,11,4,70,4,,,,,r,1,0.533862906288,,,,,2018_May_10_1510,60.0022296402,Stroop,stroop-125,L,
RED,congruent,r,red,,,,,11,5,71,0,,,,,r,1,0.717181358211,,,,,2018_May_10_1510,60.0022296402,Stroop,stroop-125,L,
XXXX,neutral,b,blue,,,,,12,0,72,5,,,,,b,1,0.48384579532,,,,,2018_May_10_1510,60.0022296402,Stroop,stroop-125,L,
BLUE,congruent,b,blue,,,,,12,1,73,3,,,,,b,1,0.483904188489,,,,,2018_May_10_1510,60.0022296402,Stroop,stroop-125,L,
BLUE,incongruent,r,red,,,,,12,2,74,2,,,,,r,1,0.583480112525,,,,,2018_May_10_1510,60.0022296402,Stroop,stroop-125,L,
BLUE,incongruent,r,red,,,,,12,3,75,2,,,,,r,1,0.583875062684,,,,,2018_May_10_1510,60.0022296402,Stroop,stroop-125,L,
RED,congruent,r,red,,,,,12,4,76,0,,,,,r,1,0.850519858455,,,,,2018_May_10_1510,60.0022296402,Stroop,stroop-125,L,
XXXX,neutral,b,blue,,,,,12,5,77,5,,,,,r,0,1.10050738355,,,,,2018_May_10_1510,60.0022296402,Stroop,stroop-125,L,
RED,incongruent,b,blue,,,,,13,0,78,1,,,,,b,1,1.78378354466,,,,,2018_May_10_1510,60.0022296402,Stroop,stroop-125,L,
RED,congruent,r,red,,,,,13,1,79,0,,,,,r,1,0.700499314677,,,,,2018_May_10_1510,60.0022296402,Stroop,stroop-125,L,
BLUE,congruent,b,blue,,,,,13,2,80,3,,,,,b,1,0.550526547127,,,,,2018_May_10_1510,60.0022296402,Stroop,stroop-125,L,
XXXX,neutral,r,red,,,,,13,3,81,4,,,,,r,1,0.500528900548,,,,,2018_May_10_1510,60.0022296402,Stroop,stroop-125,L,
BLUE,congruent,b,blue,,,,,13,4,82,3,,,,,b,1,0.367206679613,,,,,2018_May_10_1510,60.0022296402,Stroop,stroop-125,L,
RED,incongruent,b,blue,,,,,13,5,83,1,,,,,b,1,0.433868674826,,,,,2018_May_10_1510,60.0022296402,Stroop,stroop-125,L,
RED,congruent,r,red,,,,,14,0,84,0,,,,,r,1,0.567202928294,,,,,2018_May_10_1510,60.0022296402,Stroop,stroop-125,L,
RED,incongruent,b,blue,,,,,14,1,85,1,,,,,b,1,0.750518195134,,,,,2018_May_10_1510,60.0022296402,Stroop,stroop-125,L,
BLUE,congruent,b,blue,,,,,14,2,86,3,,,,,b,1,0.833814457653,,,,,2018_May_10_1510,60.0022296402,Stroop,stroop-125,L,
BLUE,incongruent,r,red,,,,,14,3,87,2,,,,,r,1,1.6171074997,,,,,2018_May_10_1510,60.0022296402,Stroop,stroop-125,L,
XXXX,neutral,b,blue,,,,,14,4,88,5,,,,,b,1,0.667172032999,,,,,2018_May_10_1510,60.0022296402,Stroop,stroop-125,L,
RED,congruent,r,red,,,,,14,5,89,0,,,,,r,1,0.917161681482,,,,,2018_May_10_1510,60.0022296402,Stroop,stroop-125,L,
BLUE,incongruent,r,red,,,,,15,0,90,2,,,,,r,1,0.450516744153,,,,,2018_May_10_1510,60.0022296402,Stroop,stroop-125,L,
XXXX,neutral,r,red,,,,,15,1,91,4,,,,,r,1,0.933454791124,,,,,2018_May_10_1510,60.0022296402,Stroop,stroop-125,L,
RED,congruent,r,red,,,,,15,2,92,0,,,,,r,1,1.08383984983,,,,,2018_May_10_1510,60.0022296402,Stroop,stroop-125,L,
XXXX,neutral,b,blue,,,,,15,3,93,5,,,,,b,1,0.633853244873,,,,,2018_May_10_1510,60.0022296402,Stroop,stroop-125,L,
BLUE,congruent,b,blue,,,,,15,4,94,3,,,,,b,1,0.567160460535,,,,,2018_May_10_1510,60.0022296402,Stroop,stroop-125,L,
RED,incongruent,b,blue,,,,,15,5,95,1,,,,,r,0,0.683455233497,,,,,2018_May_10_1510,60.0022296402,Stroop,stroop-125,L,
RED,incongruent,b,blue,,,,,16,0,96,1,,,,,b,1,0.717190559559,,,,,2018_May_10_1510,60.0022296402,Stroop,stroop-125,L,
XXXX,neutral,r,red,,,,,16,1,97,4,,,,,r,1,0.517321714154,,,,,2018_May_10_1510,60.0022296402,Stroop,stroop-125,L,
RED,incongruent,b,blue,,,,,16,2,98,1,,,,,b,1,0.750508993787,,,,,2018_May_10_1510,60.0022296402,Stroop,stroop-125,L,
XXXX,neutral,r,red,,,,,16,3,99,4,,,,,r,1,0.66719291298,,,,,2018_May_10_1510,60.0022296402,Stroop,stroop-125,L,
RED,congruent,r,red,,,,,16,4,100,0,,,,,r,1,1.15048061117,,,,,2018_May_10_1510,60.0022296402,Stroop,stroop-125,L,
BLUE,congruent,b,blue,,,,,16,5,101,3,,,,,b,1,0.717185604987,,,,,2018_May_10_1510,60.0022296402,Stroop,stroop-125,L,
RED,incongruent,b,blue,,,,,17,0,102,1,,,,,b,1,1.300473197,,,,,2018_May_10_1510,60.0022296402,Stroop,stroop-125,L,
BLUE,incongruent,r,red,,,,,17,1,103,2,,,,,r,1,0.900411689534,,,,,2018_May_10_1510,60.0022296402,Stroop,stroop-125,L,
BLUE,incongruent,r,red,,,,,17,2,104,2,,,,,r,1,1.26719687664,,,,,2018_May_10_1510,60.0022296402,Stroop,stroop-125,L,
BLUE,incongruent,r,red,,,,,17,3,105,2,,,,,r,1,1.20049807603,,,,,2018_May_10_1510,60.0022296402,Stroop,stroop-125,L,
XXXX,neutral,r,red,,,,,17,4,106,4,,,,,r,1,1.88347377775,,,,,2018_May_10_1510,60.0022296402,Stroop,stroop-125,L,
RED,incongruent,b,blue,,,,,17,5,107,1,,,,,b,1,0.550531147801,,,,,2018_May_10_1510,60.0022296402,Stroop,stroop-125,L,
XXXX,neutral,b,blue,,,,,18,0,108,5,,,,,b,1,0.867183499294,,,,,2018_May_10_1510,60.0022296402,Stroop,stroop-125,L,
BLUE,congruent,b,blue,,,,,18,1,109,3,,,,,b,1,0.683850183656,,,,,2018_May_10_1510,60.0022296402,Stroop,stroop-125,L,
BLUE,congruent,b,blue,,,,,18,2,110,3,,,,,b,1,0.417256703093,,,,,2018_May_10_1510,60.0022296402,Stroop,stroop-125,L,
BLUE,congruent,b,blue,,,,,18,3,111,3,,,,,b,1,0.28388812152,,,,,2018_May_10_1510,60.0022296402,Stroop,stroop-125,L,
XXXX,neutral,r,red,,,,,18,4,112,4,,,,,r,1,0.483835178381,,,,,2018_May_10_1510,60.0022296402,Stroop,stroop-125,L,
RED,congruent,r,red,,,,,18,5,113,0,,,,,r,1,11.8498509913,,,,,2018_May_10_1510,60.0022296402,Stroop,stroop-125,L,
XXXX,neutral,b,blue,,,,,19,0,114,5,,,,,b,1,0.567189834068,,,,,2018_May_10_1510,60.0022296402,Stroop,stroop-125,L,
XXXX,neutral,b,blue,,,,,19,1,115,5,,,,,b,1,0.850559141132,,,,,2018_May_10_1510,60.0022296402,Stroop,stroop-125,L,
BLUE,congruent,b,blue,,,,,19,2,116,3,,,,,b,1,0.783823181239,,,,,2018_May_10_1510,60.0022296402,Stroop,stroop-125,L,
RED,congruent,r,red,,,,,19,3,117,0,,,,,r,1,0.383860057409,,,,,2018_May_10_1510,60.0022296402,Stroop,stroop-125,L,
BLUE,incongruent,r,red,,,,,19,4,118,2,,,,,r,1,0.483907019673,,,,,2018_May_10_1510,60.0022296402,Stroop,stroop-125,L,
XXXX,neutral,r,red,,,,,19,5,119,4,,,,,r,1,0.433870444315,,,,,2018_May_10_1510,60.0022296402,Stroop,stroop-125,L,
RED,congruent,r,red,,,,,20,0,120,0,,,,,r,1,0.667183711633,,,,,2018_May_10_1510,60.0022296402,Stroop,stroop-125,L,
BLUE,congruent,b,blue,,,,,20,1,121,3,,,,,b,1,0.600557814014,,,,,2018_May_10_1510,60.0022296402,Stroop,stroop-125,L,
XXXX,neutral,r,red,,,,,20,2,122,4,,,,,r,1,2.18386557822,,,,,2018_May_10_1510,60.0022296402,Stroop,stroop-125,L,
XXXX,neutral,b,blue,,,,,20,3,123,5,,,,,b,1,1.03381566091,,,,,2018_May_10_1510,60.0022296402,Stroop,stroop-125,L,
BLUE,incongruent,r,red,,,,,20,4,124,2,,,,,r,1,0.483843318034,,,,,2018_May_10_1510,60.0022296402,Stroop,stroop-125,L,
XXXX,neutral,b,blue,,,,,20,5,125,5,,,,,b,1,1.48380191197,,,,,2018_May_10_1510,60.0022296402,Stroop,stroop-125,L,
RED,incongruent,b,blue,,,,,21,0,126,1,,,,,b,1,1.60048632662,,,,,2018_May_10_1510,60.0022296402,Stroop,stroop-125,L,
BLUE,incongruent,r,red,,,,,21,1,127,2,,,,,r,1,1.13382404829,,,,,2018_May_10_1510,60.0022296402,Stroop,stroop-125,L,
RED,incongruent,b,blue,,,,,21,2,128,1,,,,,b,1,0.333904524692,,,,,2018_May_10_1510,60.0022296402,Stroop,stroop-125,L,
BLUE,congruent,b,blue,,,,,21,3,129,3,,,,,b,1,0.550518407473,,,,,2018_May_10_1510,60.0022296402,Stroop,stroop-125,L,
BLUE,congruent,b,blue,,,,,21,4,130,3,,,,,b,1,0.500512975139,,,,,2018_May_10_1510,60.0022296402,Stroop,stroop-125,L,
XXXX,neutral,b,blue,,,,,21,5,131,5,,,,,b,1,0.400545286026,,,,,2018_May_10_1510,60.0022296402,Stroop,stroop-125,L,
XXXX,neutral,b,blue,,,,,22,0,132,5,,,,,b,1,0.450527007195,,,,,2018_May_10_1510,60.0022296402,Stroop,stroop-125,L,
XXXX,neutral,r,red,,,,,22,1,133,4,,,,,r,1,1.31713152937,,,,,2018_May_10_1510,60.0022296402,Stroop,stroop-125,L,
XXXX,neutral,b,blue,,,,,22,2,134,5,,,,,b,1,0.86717535964,,,,,2018_May_10_1510,60.0022296402,Stroop,stroop-125,L,
XXXX,neutral,r,red,,,,,22,3,135,4,,,,,r,1,0.650517593508,,,,,2018_May_10_1510,60.0022296402,Stroop,stroop-125,L,
RED,incongruent,b,blue,,,,,22,4,136,1,,,,,b,1,0.950140727536,,,,,2018_May_10_1510,60.0022296402,Stroop,stroop-125,L,
BLUE,congruent,b,blue,,,,,22,5,137,3,,,,,b,1,0.56719832762,,,,,2018_May_10_1510,60.0022296402,Stroop,stroop-125,L,
XXXX,neutral,r,red,,,,,23,0,138,4,,,,,r,1,1.25050952463,,,,,2018_May_10_1510,60.0022296402,Stroop,stroop-125,L,
RED,incongruent,b,blue,,,,,23,1,139,1,,,,,b,1,0.817187268307,,,,,2018_May_10_1510,60.0022296402,Stroop,stroop-125,L,
XXXX,neutral,b,blue,,,,,23,2,140,5,,,,,b,1,0.750517841237,,,,,2018_May_10_1510,60.0022296402,Stroop,stroop-125,L,
BLUE,incongruent,r,red,,,,,23,3,141,2,,,,,r,1,1.26709990859,,,,,2018_May_10_1510,60.0022296402,Stroop,stroop-125,L,
RED,incongruent,b,blue,,,,,23,4,142,1,,,,,b,1,0.700518425168,,,,,2018_May_10_1510,60.0022296402,Stroop,stroop-125,L,
XXXX,neutral,b,blue,,,,,23,5,143,5,,,,,b,1,0.733859154969,,,,,2018_May_10_1510,60.0022296402,Stroop,stroop-125,L,
BLUE,incongruent,r,red,,,,,24,0,144,2,,,,,r,1,0.750125722262,,,,,2018_May_10_1510,60.0022296402,Stroop,stroop-125,L,
XXXX,neutral,r,red,,,,,24,1,145,4,,,,,r,1,0.583851351519,,,,,2018_May_10_1510,60.0022296402,Stroop,stroop-125,L,
RED,incongruent,b,blue,,,,,24,2,146,1,,,,,b,1,0.933452313838,,,,,2018_May_10_1510,60.0022296402,Stroop,stroop-125,L,
RED,incongruent,b,blue,,,,,24,3,147,1,,,,,b,1,1.00048590194,,,,,2018_May_10_1510,60.0022296402,Stroop,stroop-125,L,
RED,incongruent,b,blue,,,,,24,4,148,1,,,,,b,1,0.933822845036,,,,,2018_May_10_1510,60.0022296402,Stroop,stroop-125,L,
XXXX,neutral,r,red,,,,,24,5,149,4,,,,,r,1,0.550478417,,,,,2018_May_10_1510,60.0022296402,Stroop,stroop-125,L,
,,,,,,,,,,,,,,,,,,,,,space,129.62595318,2018_May_10_1510,60.0022296402,Stroop,stroop-125,L,
