word,type,correct,ink,Practice.thisRepN,Practice.thisTrialN,Practice.thisN,Practice.thisIndex,trials.thisRepN,trials.thisTrialN,trials.thisN,trials.thisIndex,ready_to_continue.keys,ready_to_continue.rt,key_resp_2.keys,key_resp_2.rt,Response.keys,Response.corr,Response.rt,begin_exp.keys,begin_exp.rt,finished.keys,finished.rt,date,frameRate,expName,participant,condition,
,,,,,,,,,,,,b,37.7486105822,,,,,,,,,,2018_Apr_09_1007,59.9646872574,Stroop,Stroop-114,L,
,,,,,,,,,,,,,,b,2.8837719826,,,,,,,,2018_Apr_09_1007,59.9646872574,Stroop,Stroop-114,L,
RED,congruent,r,red,0,0,0,0,,,,,,,,,r,1,0.767198911115,,,,,2018_Apr_09_1007,59.9646872574,Stroop,Stroop-114,L,
XXXX,neutral,b,blue,0,1,1,5,,,,,,,,,b,1,0.533888557794,,,,,2018_Apr_09_1007,59.9646872574,Stroop,Stroop-114,L,
RED,incongruent,b,blue,0,2,2,1,,,,,,,,,b,1,0.417231965527,,,,,2018_Apr_09_1007,59.9646872574,Stroop,Stroop-114,L,
XXXX,neutral,r,red,0,3,3,4,,,,,,,,,r,1,0.417202945594,,,,,2018_Apr_09_1007,59.9646872574,Stroop,Stroop-114,L,
BLUE,congruent,b,blue,0,4,4,3,,,,,,,,,b,1,0.36722601998,,,,,2018_Apr_09_1007,59.9646872574,Stroop,Stroop-114,L,
BLUE,incongruent,r,red,0,5,5,2,,,,,,,,,r,1,0.467216323075,,,,,2018_Apr_09_1007,59.9646872574,Stroop,Stroop-114,L,
RED,incongruent,b,blue,1,0,6,1,,,,,,,,,b,1,0.367326174139,,,,,2018_Apr_09_1007,59.9646872574,Stroop,Stroop-114,L,
XXXX,neutral,r,red,1,1,7,4,,,,,,,,,r,1,0.367224250472,,,,,2018_Apr_09_1007,59.9646872574,Stroop,Stroop-114,L,
BLUE,incongruent,r,red,1,2,8,2,,,,,,,,,r,1,0.817190700598,,,,,2018_Apr_09_1007,59.9646872574,Stroop,Stroop-114,L,
RED,congruent,r,red,1,3,9,0,,,,,,,,,r,1,0.53387900245,,,,,2018_Apr_09_1007,59.9646872574,Stroop,Stroop-114,L,
XXXX,neutral,b,blue,1,4,10,5,,,,,,,,,b,1,0.367222127062,,,,,2018_Apr_09_1007,59.9646872574,Stroop,Stroop-114,L,
BLUE,congruent,b,blue,1,5,11,3,,,,,,,,,b,1,0.350585919528,,,,,2018_Apr_09_1007,59.9646872574,Stroop,Stroop-114,L,
,,,,,,,,,,,,,,,,,,,b,2.60042984891,,,2018_Apr_09_1007,59.9646872574,Stroop,Stroop-114,L,
BLUE,incongruent,r,red,,,,,0,0,0,2,,,,,r,1,0.450534816134,,,,,2018_Apr_09_1007,59.9646872574,Stroop,Stroop-114,L,
BLUE,incongruent,r,red,,,,,0,1,1,2,,,,,r,1,0.450578699935,,,,,2018_Apr_09_1007,59.9646872574,Stroop,Stroop-114,L,
BLUE,congruent,b,blue,,,,,0,2,2,3,,,,,b,1,0.333879285572,,,,,2018_Apr_09_1007,59.9646872574,Stroop,Stroop-114,L,
RED,congruent,r,red,,,,,0,3,3,0,,,,,r,1,0.433962310893,,,,,2018_Apr_09_1007,59.9646872574,Stroop,Stroop-114,L,
XXXX,neutral,b,blue,,,,,0,4,4,5,,,,,b,1,0.367212217817,,,,,2018_Apr_09_1007,59.9646872574,Stroop,Stroop-114,L,
BLUE,congruent,b,blue,,,,,0,5,5,3,,,,,b,1,0.317200255942,,,,,2018_Apr_09_1007,59.9646872574,Stroop,Stroop-114,L,
XXXX,neutral,r,red,,,,,1,0,6,4,,,,,r,1,0.383887000627,,,,,2018_Apr_09_1007,59.9646872574,Stroop,Stroop-114,L,
XXXX,neutral,r,red,,,,,1,1,7,4,,,,,r,1,0.417212854839,,,,,2018_Apr_09_1007,59.9646872574,Stroop,Stroop-114,L,
BLUE,congruent,b,blue,,,,,1,2,8,3,,,,,b,1,0.517232885672,,,,,2018_Apr_09_1007,59.9646872574,Stroop,Stroop-114,L,
RED,congruent,r,red,,,,,1,3,9,0,,,,,r,1,0.417206130709,,,,,2018_Apr_09_1007,59.9646872574,Stroop,Stroop-114,L,
RED,incongruent,b,blue,,,,,1,4,10,1,,,,,b,1,0.417225595298,,,,,2018_Apr_09_1007,59.9646872574,Stroop,Stroop-114,L,
XXXX,neutral,b,blue,,,,,1,5,11,5,,,,,b,1,0.467226232321,,,,,2018_Apr_09_1007,59.9646872574,Stroop,Stroop-114,L,
XXXX,neutral,r,red,,,,,2,0,12,4,,,,,r,1,0.350539204514,,,,,2018_Apr_09_1007,59.9646872574,Stroop,Stroop-114,L,
BLUE,incongruent,r,red,,,,,2,1,13,2,,,,,r,1,0.467197212388,,,,,2018_Apr_09_1007,59.9646872574,Stroop,Stroop-114,L,
BLUE,congruent,b,blue,,,,,2,2,14,3,,,,,b,1,0.350573532972,,,,,2018_Apr_09_1007,59.9646872574,Stroop,Stroop-114,L,
BLUE,incongruent,r,red,,,,,2,3,15,2,,,,,r,1,0.617211156112,,,,,2018_Apr_09_1007,59.9646872574,Stroop,Stroop-114,L,
RED,congruent,r,red,,,,,2,4,16,0,,,,,r,1,0.500521297092,,,,,2018_Apr_09_1007,59.9646872574,Stroop,Stroop-114,L,
RED,incongruent,b,blue,,,,,2,5,17,1,,,,,r,0,0.617201954669,,,,,2018_Apr_09_1007,59.9646872574,Stroop,Stroop-114,L,
RED,incongruent,b,blue,,,,,3,0,18,1,,,,,b,1,0.417236212347,,,,,2018_Apr_09_1007,59.9646872574,Stroop,Stroop-114,L,
XXXX,neutral,r,red,,,,,3,1,19,4,,,,,r,1,0.367199477358,,,,,2018_Apr_09_1007,59.9646872574,Stroop,Stroop-114,L,
BLUE,congruent,b,blue,,,,,3,2,20,3,,,,,b,1,0.333879285572,,,,,2018_Apr_09_1007,59.9646872574,Stroop,Stroop-114,L,
XXXX,neutral,r,red,,,,,3,3,21,4,,,,,r,1,0.400534533013,,,,,2018_Apr_09_1007,59.9646872574,Stroop,Stroop-114,L,
RED,congruent,r,red,,,,,3,4,22,0,,,,,r,1,0.367209032702,,,,,2018_Apr_09_1007,59.9646872574,Stroop,Stroop-114,L,
XXXX,neutral,r,red,,,,,3,5,23,4,,,,,r,1,0.417226657003,,,,,2018_Apr_09_1007,59.9646872574,Stroop,Stroop-114,L,
XXXX,neutral,b,blue,,,,,4,0,24,5,,,,,b,1,0.483860316445,,,,,2018_Apr_09_1007,59.9646872574,Stroop,Stroop-114,L,
XXXX,neutral,b,blue,,,,,4,1,25,5,,,,,b,1,0.417268417395,,,,,2018_Apr_09_1007,59.9646872574,Stroop,Stroop-114,L,
BLUE,congruent,b,blue,,,,,4,2,26,3,,,,,b,1,0.400570277076,,,,,2018_Apr_09_1007,59.9646872574,Stroop,Stroop-114,L,
RED,incongruent,b,blue,,,,,4,3,27,1,,,,,b,1,0.566805301729,,,,,2018_Apr_09_1007,59.9646872574,Stroop,Stroop-114,L,
XXXX,neutral,b,blue,,,,,4,4,28,5,,,,,b,1,0.450542955871,,,,,2018_Apr_09_1007,59.9646872574,Stroop,Stroop-114,L,
XXXX,neutral,r,red,,,,,4,5,29,4,,,,,r,1,0.350670148115,,,,,2018_Apr_09_1007,59.9646872574,Stroop,Stroop-114,L,
XXXX,neutral,b,blue,,,,,5,0,30,5,,,,,b,1,0.367229912898,,,,,2018_Apr_09_1007,59.9646872574,Stroop,Stroop-114,L,
BLUE,incongruent,r,red,,,,,5,1,31,2,,,,,r,1,0.383935131248,,,,,2018_Apr_09_1007,59.9646872574,Stroop,Stroop-114,L,
BLUE,incongruent,r,red,,,,,5,2,32,2,,,,,r,1,0.43389188447,,,,,2018_Apr_09_1007,59.9646872574,Stroop,Stroop-114,L,
XXXX,neutral,r,red,,,,,5,3,33,4,,,,,r,1,0.417205422905,,,,,2018_Apr_09_1007,59.9646872574,Stroop,Stroop-114,L,
BLUE,incongruent,r,red,,,,,5,4,34,2,,,,,r,1,0.483876595919,,,,,2018_Apr_09_1007,59.9646872574,Stroop,Stroop-114,L,
XXXX,neutral,r,red,,,,,5,5,35,4,,,,,r,1,0.450105533464,,,,,2018_Apr_09_1007,59.9646872574,Stroop,Stroop-114,L,
XXXX,neutral,r,red,,,,,6,0,36,4,,,,,r,1,0.350592997561,,,,,2018_Apr_09_1007,59.9646872574,Stroop,Stroop-114,L,
XXXX,neutral,b,blue,,,,,6,1,37,5,,,,,b,1,0.383940793674,,,,,2018_Apr_09_1007,59.9646872574,Stroop,Stroop-114,L,
RED,congruent,r,red,,,,,6,2,38,0,,,,,r,1,0.317205918368,,,,,2018_Apr_09_1007,59.9646872574,Stroop,Stroop-114,L,
BLUE,incongruent,r,red,,,,,6,3,39,2,,,,,r,1,0.35054274353,,,,,2018_Apr_09_1007,59.9646872574,Stroop,Stroop-114,L,
XXXX,neutral,b,blue,,,,,6,4,40,5,,,,,b,1,0.400546211766,,,,,2018_Apr_09_1007,59.9646872574,Stroop,Stroop-114,L,
XXXX,neutral,b,blue,,,,,6,5,41,5,,,,,b,1,0.350539204514,,,,,2018_Apr_09_1007,59.9646872574,Stroop,Stroop-114,L,
BLUE,congruent,b,blue,,,,,7,0,42,3,,,,,b,1,0.300554846966,,,,,2018_Apr_09_1007,59.9646872574,Stroop,Stroop-114,L,
BLUE,incongruent,r,red,,,,,7,1,43,2,,,,,r,1,0.483468901249,,,,,2018_Apr_09_1007,59.9646872574,Stroop,Stroop-114,L,
RED,congruent,r,red,,,,,7,2,44,0,,,,,r,1,0.350549467661,,,,,2018_Apr_09_1007,59.9646872574,Stroop,Stroop-114,L,
XXXX,neutral,b,blue,,,,,7,3,45,5,,,,,b,1,0.383897263774,,,,,2018_Apr_09_1007,59.9646872574,Stroop,Stroop-114,L,
RED,congruent,r,red,,,,,7,4,46,0,,,,,r,1,0.417217809462,,,,,2018_Apr_09_1007,59.9646872574,Stroop,Stroop-114,L,
XXXX,neutral,r,red,,,,,7,5,47,4,,,,,r,1,0.417213208741,,,,,2018_Apr_09_1007,59.9646872574,Stroop,Stroop-114,L,
BLUE,incongruent,r,red,,,,,8,0,48,2,,,,,r,1,0.367219295849,,,,,2018_Apr_09_1007,59.9646872574,Stroop,Stroop-114,L,
BLUE,incongruent,r,red,,,,,8,1,49,2,,,,,r,1,0.467205706027,,,,,2018_Apr_09_1007,59.9646872574,Stroop,Stroop-114,L,
BLUE,incongruent,r,red,,,,,8,2,50,2,,,,,r,1,0.433914888075,,,,,2018_Apr_09_1007,59.9646872574,Stroop,Stroop-114,L,
RED,congruent,r,red,,,,,8,3,51,0,,,,,r,1,0.317219720531,,,,,2018_Apr_09_1007,59.9646872574,Stroop,Stroop-114,L,
XXXX,neutral,b,blue,,,,,8,4,52,5,,,,,b,1,0.367214341226,,,,,2018_Apr_09_1007,59.9646872574,Stroop,Stroop-114,L,
BLUE,congruent,b,blue,,,,,8,5,53,3,,,,,b,1,0.33386796072,,,,,2018_Apr_09_1007,59.9646872574,Stroop,Stroop-114,L,
XXXX,neutral,b,blue,,,,,9,0,54,5,,,,,b,1,0.366803815342,,,,,2018_Apr_09_1007,59.9646872574,Stroop,Stroop-114,L,
BLUE,congruent,b,blue,,,,,9,1,55,3,,,,,b,1,0.500557041156,,,,,2018_Apr_09_1007,59.9646872574,Stroop,Stroop-114,L,
RED,incongruent,b,blue,,,,,9,2,56,1,,,,,b,1,0.383888770135,,,,,2018_Apr_09_1007,59.9646872574,Stroop,Stroop-114,L,
XXXX,neutral,r,red,,,,,9,3,57,4,,,,,r,1,0.333889548719,,,,,2018_Apr_09_1007,59.9646872574,Stroop,Stroop-114,L,
BLUE,congruent,b,blue,,,,,9,4,58,3,,,,,b,1,0.467219154288,,,,,2018_Apr_09_1007,59.9646872574,Stroop,Stroop-114,L,
RED,congruent,r,red,,,,,9,5,59,0,,,,,r,1,0.450535523938,,,,,2018_Apr_09_1007,59.9646872574,Stroop,Stroop-114,L,
XXXX,neutral,r,red,,,,,10,0,60,4,,,,,r,1,0.483493674362,,,,,2018_Apr_09_1007,59.9646872574,Stroop,Stroop-114,L,
RED,incongruent,b,blue,,,,,10,1,61,1,,,,,b,1,0.650545503963,,,,,2018_Apr_09_1007,59.9646872574,Stroop,Stroop-114,L,
RED,incongruent,b,blue,,,,,10,2,62,1,,,,,b,1,0.400543734455,,,,,2018_Apr_09_1007,59.9646872574,Stroop,Stroop-114,L,
XXXX,neutral,r,red,,,,,10,3,63,4,,,,,r,1,0.317243078038,,,,,2018_Apr_09_1007,59.9646872574,Stroop,Stroop-114,L,
XXXX,neutral,r,red,,,,,10,4,64,4,,,,,r,1,0.383902572299,,,,,2018_Apr_09_1007,59.9646872574,Stroop,Stroop-114,L,
XXXX,neutral,r,red,,,,,10,5,65,4,,,,,r,1,0.433874897192,,,,,2018_Apr_09_1007,59.9646872574,Stroop,Stroop-114,L,
RED,congruent,r,red,,,,,11,0,66,0,,,,,r,1,0.400160812898,,,,,2018_Apr_09_1007,59.9646872574,Stroop,Stroop-114,L,
XXXX,neutral,r,red,,,,,11,1,67,4,,,,,r,1,0.367243715061,,,,,2018_Apr_09_1007,59.9646872574,Stroop,Stroop-114,L,
BLUE,congruent,b,blue,,,,,11,2,68,3,,,,,b,1,0.38349310812,,,,,2018_Apr_09_1007,59.9646872574,Stroop,Stroop-114,L,
RED,incongruent,b,blue,,,,,11,3,69,1,,,,,b,1,0.700538001248,,,,,2018_Apr_09_1007,59.9646872574,Stroop,Stroop-114,L,
BLUE,congruent,b,blue,,,,,11,4,70,3,,,,,b,1,0.416805867972,,,,,2018_Apr_09_1007,59.9646872574,Stroop,Stroop-114,L,
BLUE,incongruent,r,red,,,,,11,5,71,2,,,,,r,1,0.367198769555,,,,,2018_Apr_09_1007,59.9646872574,Stroop,Stroop-114,L,
XXXX,neutral,b,blue,,,,,12,0,72,5,,,,,b,1,0.450539770757,,,,,2018_Apr_09_1007,59.9646872574,Stroop,Stroop-114,L,
BLUE,incongruent,r,red,,,,,12,1,73,2,,,,,r,1,0.56724343194,,,,,2018_Apr_09_1007,59.9646872574,Stroop,Stroop-114,L,
XXXX,neutral,b,blue,,,,,12,2,74,5,,,,,b,1,0.483492258756,,,,,2018_Apr_09_1007,59.9646872574,Stroop,Stroop-114,L,
BLUE,congruent,b,blue,,,,,12,3,75,3,,,,,b,1,0.383882753807,,,,,2018_Apr_09_1007,59.9646872574,Stroop,Stroop-114,L,
BLUE,incongruent,r,red,,,,,12,4,76,2,,,,,r,1,0.483880842739,,,,,2018_Apr_09_1007,59.9646872574,Stroop,Stroop-114,L,
RED,congruent,r,red,,,,,12,5,77,0,,,,,r,1,0.450162157724,,,,,2018_Apr_09_1007,59.9646872574,Stroop,Stroop-114,L,
RED,congruent,r,red,,,,,13,0,78,0,,,,,r,1,0.467208891141,,,,,2018_Apr_09_1007,59.9646872574,Stroop,Stroop-114,L,
RED,congruent,r,red,,,,,13,1,79,0,,,,,r,1,0.383887354529,,,,,2018_Apr_09_1007,59.9646872574,Stroop,Stroop-114,L,
XXXX,neutral,b,blue,,,,,13,2,80,5,,,,,b,1,0.383866474333,,,,,2018_Apr_09_1007,59.9646872574,Stroop,Stroop-114,L,
BLUE,congruent,b,blue,,,,,13,3,81,3,,,,,r,0,0.317224675154,,,,,2018_Apr_09_1007,59.9646872574,Stroop,Stroop-114,L,
BLUE,congruent,b,blue,,,,,13,4,82,3,,,,,b,1,0.466834109322,,,,,2018_Apr_09_1007,59.9646872574,Stroop,Stroop-114,L,
RED,incongruent,b,blue,,,,,13,5,83,1,,,,,b,1,0.350552652776,,,,,2018_Apr_09_1007,59.9646872574,Stroop,Stroop-114,L,
XXXX,neutral,r,red,,,,,14,0,84,4,,,,,r,1,0.400572754388,,,,,2018_Apr_09_1007,59.9646872574,Stroop,Stroop-114,L,
RED,congruent,r,red,,,,,14,1,85,0,,,,,r,1,0.517203511837,,,,,2018_Apr_09_1007,59.9646872574,Stroop,Stroop-114,L,
XXXX,neutral,b,blue,,,,,14,2,86,5,,,,,b,1,0.350506291663,,,,,2018_Apr_09_1007,59.9646872574,Stroop,Stroop-114,L,
XXXX,neutral,r,red,,,,,14,3,87,4,,,,,r,1,0.450578699935,,,,,2018_Apr_09_1007,59.9646872574,Stroop,Stroop-114,L,
XXXX,neutral,b,blue,,,,,14,4,88,5,,,,,b,1,0.450562420461,,,,,2018_Apr_09_1007,59.9646872574,Stroop,Stroop-114,L,
RED,incongruent,b,blue,,,,,14,5,89,1,,,,,b,1,0.367217880243,,,,,2018_Apr_09_1007,59.9646872574,Stroop,Stroop-114,L,
BLUE,incongruent,r,red,,,,,15,0,90,2,,,,,r,1,0.583865483408,,,,,2018_Apr_09_1007,59.9646872574,Stroop,Stroop-114,L,
RED,congruent,r,red,,,,,15,1,91,0,,,,,r,1,0.433378373214,,,,,2018_Apr_09_1007,59.9646872574,Stroop,Stroop-114,L,
BLUE,incongruent,r,red,,,,,15,2,92,2,,,,,r,1,0.383881338201,,,,,2018_Apr_09_1007,59.9646872574,Stroop,Stroop-114,L,
RED,congruent,r,red,,,,,15,3,93,0,,,,,r,1,0.383883107709,,,,,2018_Apr_09_1007,59.9646872574,Stroop,Stroop-114,L,
RED,incongruent,b,blue,,,,,15,4,94,1,,,,,b,1,0.317224675153,,,,,2018_Apr_09_1007,59.9646872574,Stroop,Stroop-114,L,
BLUE,congruent,b,blue,,,,,15,5,95,3,,,,,b,1,0.417245059887,,,,,2018_Apr_09_1007,59.9646872574,Stroop,Stroop-114,L,
BLUE,congruent,b,blue,,,,,16,0,96,3,,,,,b,1,0.367220357554,,,,,2018_Apr_09_1007,59.9646872574,Stroop,Stroop-114,L,
RED,incongruent,b,blue,,,,,16,1,97,1,,,,,b,1,0.333894503342,,,,,2018_Apr_09_1007,59.9646872574,Stroop,Stroop-114,L,
XXXX,neutral,r,red,,,,,16,2,98,4,,,,,r,1,0.333875746555,,,,,2018_Apr_09_1007,59.9646872574,Stroop,Stroop-114,L,
XXXX,neutral,b,blue,,,,,16,3,99,5,,,,,b,1,0.317233522694,,,,,2018_Apr_09_1007,59.9646872574,Stroop,Stroop-114,L,
RED,congruent,r,red,,,,,16,4,100,0,,,,,r,1,0.317228568072,,,,,2018_Apr_09_1007,59.9646872574,Stroop,Stroop-114,L,
BLUE,congruent,b,blue,,,,,16,5,101,3,,,,,b,1,0.350569286152,,,,,2018_Apr_09_1007,59.9646872574,Stroop,Stroop-114,L,
RED,congruent,r,red,,,,,17,0,102,0,,,,,r,1,0.333918214751,,,,,2018_Apr_09_1007,59.9646872574,Stroop,Stroop-114,L,
RED,congruent,r,red,,,,,17,1,103,0,,,,,r,1,0.383890539643,,,,,2018_Apr_09_1007,59.9646872574,Stroop,Stroop-114,L,
XXXX,neutral,b,blue,,,,,17,2,104,5,,,,,b,1,0.383901864495,,,,,2018_Apr_09_1007,59.9646872574,Stroop,Stroop-114,L,
RED,incongruent,b,blue,,,,,17,3,105,1,,,,,b,1,0.467218800386,,,,,2018_Apr_09_1007,59.9646872574,Stroop,Stroop-114,L,
BLUE,incongruent,r,red,,,,,17,4,106,2,,,,,r,1,0.483880488837,,,,,2018_Apr_09_1007,59.9646872574,Stroop,Stroop-114,L,
RED,congruent,r,red,,,,,17,5,107,0,,,,,r,1,0.533851398124,,,,,2018_Apr_09_1007,59.9646872574,Stroop,Stroop-114,L,
BLUE,incongruent,r,red,,,,,18,0,108,2,,,,,r,1,0.567229629777,,,,,2018_Apr_09_1007,59.9646872574,Stroop,Stroop-114,L,
RED,incongruent,b,blue,,,,,18,1,109,1,,,,,b,1,0.383891601348,,,,,2018_Apr_09_1007,59.9646872574,Stroop,Stroop-114,L,
RED,congruent,r,red,,,,,18,2,110,0,,,,,r,1,0.450530569314,,,,,2018_Apr_09_1007,59.9646872574,Stroop,Stroop-114,L,
BLUE,congruent,b,blue,,,,,18,3,111,3,,,,,b,1,0.333891318227,,,,,2018_Apr_09_1007,59.9646872574,Stroop,Stroop-114,L,
BLUE,congruent,b,blue,,,,,18,4,112,3,,,,,b,1,0.367203016374,,,,,2018_Apr_09_1007,59.9646872574,Stroop,Stroop-114,L,
RED,incongruent,b,blue,,,,,18,5,113,1,,,,,b,1,0.450523845183,,,,,2018_Apr_09_1007,59.9646872574,Stroop,Stroop-114,L,
XXXX,neutral,b,blue,,,,,19,0,114,5,,,,,b,1,0.383506910283,,,,,2018_Apr_09_1007,59.9646872574,Stroop,Stroop-114,L,
RED,congruent,r,red,,,,,19,1,115,0,,,,,r,1,0.350550529366,,,,,2018_Apr_09_1007,59.9646872574,Stroop,Stroop-114,L,
XXXX,neutral,b,blue,,,,,19,2,116,5,,,,,b,1,0.383922036888,,,,,2018_Apr_09_1007,59.9646872574,Stroop,Stroop-114,L,
BLUE,congruent,b,blue,,,,,19,3,117,3,,,,,b,1,0.367213987325,,,,,2018_Apr_09_1007,59.9646872574,Stroop,Stroop-114,L,
RED,incongruent,b,blue,,,,,19,4,118,1,,,,,b,1,0.333873977047,,,,,2018_Apr_09_1007,59.9646872574,Stroop,Stroop-114,L,
XXXX,neutral,r,red,,,,,19,5,119,4,,,,,r,1,0.433895777388,,,,,2018_Apr_09_1007,59.9646872574,Stroop,Stroop-114,L,
XXXX,neutral,b,blue,,,,,20,0,120,5,,,,,b,1,0.383863289218,,,,,2018_Apr_09_1007,59.9646872574,Stroop,Stroop-114,L,
XXXX,neutral,b,blue,,,,,20,1,121,5,,,,,b,1,0.40054479616,,,,,2018_Apr_09_1007,59.9646872574,Stroop,Stroop-114,L,
RED,incongruent,b,blue,,,,,20,2,122,1,,,,,b,1,0.350591228053,,,,,2018_Apr_09_1007,59.9646872574,Stroop,Stroop-114,L,
BLUE,incongruent,r,red,,,,,20,3,123,2,,,,,r,1,0.383890893545,,,,,2018_Apr_09_1007,59.9646872574,Stroop,Stroop-114,L,
XXXX,neutral,b,blue,,,,,20,4,124,5,,,,,b,1,0.433908871747,,,,,2018_Apr_09_1007,59.9646872574,Stroop,Stroop-114,L,
RED,congruent,r,red,,,,,20,5,125,0,,,,,r,1,0.40052957839,,,,,2018_Apr_09_1007,59.9646872574,Stroop,Stroop-114,L,
RED,incongruent,b,blue,,,,,21,0,126,1,,,,,b,1,0.250559518467,,,,,2018_Apr_09_1007,59.9646872574,Stroop,Stroop-114,L,
BLUE,incongruent,r,red,,,,,21,1,127,2,,,,,r,1,0.317241662432,,,,,2018_Apr_09_1007,59.9646872574,Stroop,Stroop-114,L,
BLUE,incongruent,r,red,,,,,21,2,128,2,,,,,r,1,0.750128112388,,,,,2018_Apr_09_1007,59.9646872574,Stroop,Stroop-114,L,
RED,incongruent,b,blue,,,,,21,3,129,1,,,,,b,1,0.350545928645,,,,,2018_Apr_09_1007,59.9646872574,Stroop,Stroop-114,L,
RED,incongruent,b,blue,,,,,21,4,130,1,,,,,b,1,0.383507971988,,,,,2018_Apr_09_1007,59.9646872574,Stroop,Stroop-114,L,
RED,incongruent,b,blue,,,,,21,5,131,1,,,,,b,1,0.500535807058,,,,,2018_Apr_09_1007,59.9646872574,Stroop,Stroop-114,L,
BLUE,congruent,b,blue,,,,,22,0,132,3,,,,,b,1,0.367206909292,,,,,2018_Apr_09_1007,59.9646872574,Stroop,Stroop-114,L,
XXXX,neutral,r,red,,,,,22,1,133,4,,,,,r,1,0.483898183918,,,,,2018_Apr_09_1007,59.9646872574,Stroop,Stroop-114,L,
RED,congruent,r,red,,,,,22,2,134,0,,,,,r,1,0.46709953554,,,,,2018_Apr_09_1007,59.9646872574,Stroop,Stroop-114,L,
BLUE,congruent,b,blue,,,,,22,3,135,3,,,,,b,1,0.400545150061,,,,,2018_Apr_09_1007,59.9646872574,Stroop,Stroop-114,L,
XXXX,neutral,r,red,,,,,22,4,136,4,,,,,r,1,0.617183551785,,,,,2018_Apr_09_1007,59.9646872574,Stroop,Stroop-114,L,
RED,incongruent,b,blue,,,,,22,5,137,1,,,,,b,1,0.350572471266,,,,,2018_Apr_09_1007,59.9646872574,Stroop,Stroop-114,L,
BLUE,congruent,b,blue,,,,,23,0,138,3,,,,,b,1,0.533878648549,,,,,2018_Apr_09_1007,59.9646872574,Stroop,Stroop-114,L,
RED,congruent,r,red,,,,,23,1,139,0,,,,,r,1,0.367222480963,,,,,2018_Apr_09_1007,59.9646872574,Stroop,Stroop-114,L,
BLUE,incongruent,r,red,,,,,23,2,140,2,,,,,b,0,0.300567233523,,,,,2018_Apr_09_1007,59.9646872574,Stroop,Stroop-114,L,
XXXX,neutral,r,red,,,,,23,3,141,4,,,,,r,1,0.483893583197,,,,,2018_Apr_09_1007,59.9646872574,Stroop,Stroop-114,L,
XXXX,neutral,r,red,,,,,23,4,142,4,,,,,r,1,0.350577779791,,,,,2018_Apr_09_1007,59.9646872574,Stroop,Stroop-114,L,
BLUE,incongruent,r,red,,,,,23,5,143,2,,,,,r,1,0.350563269824,,,,,2018_Apr_09_1007,59.9646872574,Stroop,Stroop-114,L,
XXXX,neutral,b,blue,,,,,24,0,144,5,,,,,b,1,0.433877728404,,,,,2018_Apr_09_1007,59.9646872574,Stroop,Stroop-114,L,
RED,incongruent,b,blue,,,,,24,1,145,1,,,,,b,1,0.40057098488,,,,,2018_Apr_09_1007,59.9646872574,Stroop,Stroop-114,L,
RED,incongruent,b,blue,,,,,24,2,146,1,,,,,b,1,0.383868951644,,,,,2018_Apr_09_1007,59.9646872574,Stroop,Stroop-114,L,
BLUE,incongruent,r,red,,,,,24,3,147,2,,,,,r,1,0.417203653397,,,,,2018_Apr_09_1007,59.9646872574,Stroop,Stroop-114,L,
RED,incongruent,b,blue,,,,,24,4,148,1,,,,,b,1,0.450629661769,,,,,2018_Apr_09_1007,59.9646872574,Stroop,Stroop-114,L,
BLUE,congruent,b,blue,,,,,24,5,149,3,,,,,b,1,0.350560792513,,,,,2018_Apr_09_1007,59.9646872574,Stroop,Stroop-114,L,
,,,,,,,,,,,,,,,,,,,,,escape,188.924117829,2018_Apr_09_1007,59.9646872574,Stroop,Stroop-114,L,
