word,type,correct,ink,Practice.thisRepN,Practice.thisTrialN,Practice.thisN,Practice.thisIndex,trials.thisRepN,trials.thisTrialN,trials.thisN,trials.thisIndex,ready_to_continue.keys,ready_to_continue.rt,key_resp_2.keys,key_resp_2.rt,Response.keys,Response.corr,Response.rt,begin_exp.keys,begin_exp.rt,finished.keys,finished.rt,date,frameRate,expName,participant,condition,
,,,,,,,,,,,,r,22.7826538564,,,,,,,,,,2018_Apr_24_1234,60.0232390177,Stroop,Stroop-118,L,
,,,,,,,,,,,,,,r,2.56711083523,,,,,,,,2018_Apr_24_1234,60.0232390177,Stroop,Stroop-118,L,
BLUE,congruent,b,blue,0,0,0,3,,,,,,,,,b,1,1.71676857818,,,,,2018_Apr_24_1234,60.0232390177,Stroop,Stroop-118,L,
RED,congruent,r,red,0,1,1,0,,,,,,,,,r,1,0.850518853335,,,,,2018_Apr_24_1234,60.0232390177,Stroop,Stroop-118,L,
XXXX,neutral,r,red,0,2,2,4,,,,,,,,,r,1,0.783856763779,,,,,2018_Apr_24_1234,60.0232390177,Stroop,Stroop-118,L,
RED,incongruent,b,blue,0,3,3,1,,,,,,,,,b,1,0.767195842095,,,,,2018_Apr_24_1234,60.0232390177,Stroop,Stroop-118,L,
XXXX,neutral,b,blue,0,4,4,5,,,,,,,,,b,1,0.683858674841,,,,,2018_Apr_24_1234,60.0232390177,Stroop,Stroop-118,L,
BLUE,incongruent,r,red,0,5,5,2,,,,,,,,,r,1,0.98381896722,,,,,2018_Apr_24_1234,60.0232390177,Stroop,Stroop-118,L,
BLUE,incongruent,r,red,1,0,6,2,,,,,,,,,r,1,1.10048116295,,,,,2018_Apr_24_1234,60.0232390177,Stroop,Stroop-118,L,
RED,incongruent,b,blue,1,1,7,1,,,,,,,,,b,1,1.11717782857,,,,,2018_Apr_24_1234,60.0232390177,Stroop,Stroop-118,L,
XXXX,neutral,b,blue,1,2,8,5,,,,,,,,,b,1,0.783855702078,,,,,2018_Apr_24_1234,60.0232390177,Stroop,Stroop-118,L,
XXXX,neutral,r,red,1,3,9,4,,,,,,,,,r,1,0.600528585595,,,,,2018_Apr_24_1234,60.0232390177,Stroop,Stroop-118,L,
RED,congruent,r,red,1,4,10,0,,,,,,,,,r,1,0.517208759459,,,,,2018_Apr_24_1234,60.0232390177,Stroop,Stroop-118,L,
BLUE,congruent,b,blue,1,5,11,3,,,,,,,,,b,1,0.767178147077,,,,,2018_Apr_24_1234,60.0232390177,Stroop,Stroop-118,L,
,,,,,,,,,,,,,,,,,,,r,3.48367351417,,,2018_Apr_24_1234,60.0232390177,Stroop,Stroop-118,L,
RED,incongruent,b,blue,,,,,0,0,0,1,,,,,b,1,0.800506360651,,,,,2018_Apr_24_1234,60.0232390177,Stroop,Stroop-118,L,
RED,incongruent,b,blue,,,,,0,1,1,1,,,,,b,1,0.983812597013,,,,,2018_Apr_24_1234,60.0232390177,Stroop,Stroop-118,L,
RED,incongruent,b,blue,,,,,0,2,2,1,,,,,b,1,0.70014269263,,,,,2018_Apr_24_1234,60.0232390177,Stroop,Stroop-118,L,
XXXX,neutral,r,red,,,,,0,3,3,4,,,,,r,1,0.500544652672,,,,,2018_Apr_24_1234,60.0232390177,Stroop,Stroop-118,L,
XXXX,neutral,b,blue,,,,,0,4,4,5,,,,,b,1,0.600532124598,,,,,2018_Apr_24_1234,60.0232390177,Stroop,Stroop-118,L,
RED,congruent,r,red,,,,,0,5,5,0,,,,,r,1,0.650538600975,,,,,2018_Apr_24_1234,60.0232390177,Stroop,Stroop-118,L,
BLUE,incongruent,r,red,,,,,1,0,6,2,,,,,r,1,1.11718596827,,,,,2018_Apr_24_1234,60.0232390177,Stroop,Stroop-118,L,
XXXX,neutral,r,red,,,,,1,1,7,4,,,,,r,1,0.433871592205,,,,,2018_Apr_24_1234,60.0232390177,Stroop,Stroop-118,L,
BLUE,congruent,b,blue,,,,,1,2,8,3,,,,,b,1,1.05051644681,,,,,2018_Apr_24_1234,60.0232390177,Stroop,Stroop-118,L,
RED,incongruent,b,blue,,,,,1,3,9,1,,,,,b,1,0.750540228917,,,,,2018_Apr_24_1234,60.0232390177,Stroop,Stroop-118,L,
RED,congruent,r,red,,,,,1,4,10,0,,,,,r,1,0.867262941606,,,,,2018_Apr_24_1234,60.0232390177,Stroop,Stroop-118,L,
RED,incongruent,b,blue,,,,,1,5,11,1,,,,,b,1,1.00049156762,,,,,2018_Apr_24_1234,60.0232390177,Stroop,Stroop-118,L,
XXXX,neutral,b,blue,,,,,2,0,12,5,,,,,b,1,0.533932321509,,,,,2018_Apr_24_1234,60.0232390177,Stroop,Stroop-118,L,
XXXX,neutral,r,red,,,,,2,1,13,4,,,,,r,1,0.717192904722,,,,,2018_Apr_24_1234,60.0232390177,Stroop,Stroop-118,L,
BLUE,incongruent,r,red,,,,,2,2,14,2,,,,,r,1,1.11719906259,,,,,2018_Apr_24_1234,60.0232390177,Stroop,Stroop-118,L,
XXXX,neutral,b,blue,,,,,2,3,15,5,,,,,b,1,0.700511810717,,,,,2018_Apr_24_1234,60.0232390177,Stroop,Stroop-118,L,
XXXX,neutral,b,blue,,,,,2,4,16,5,,,,,b,1,0.717179456508,,,,,2018_Apr_24_1234,60.0232390177,Stroop,Stroop-118,L,
XXXX,neutral,r,red,,,,,2,5,17,4,,,,,r,1,0.617191984581,,,,,2018_Apr_24_1234,60.0232390177,Stroop,Stroop-118,L,
RED,incongruent,b,blue,,,,,3,0,18,1,,,,,b,1,0.983882315386,,,,,2018_Apr_24_1234,60.0232390177,Stroop,Stroop-118,L,
RED,congruent,r,red,,,,,3,1,19,0,,,,,r,1,1.2001143806,,,,,2018_Apr_24_1234,60.0232390177,Stroop,Stroop-118,L,
RED,incongruent,b,blue,,,,,3,2,20,1,,,,,b,1,0.833889074883,,,,,2018_Apr_24_1234,60.0232390177,Stroop,Stroop-118,L,
XXXX,neutral,b,blue,,,,,3,3,21,5,,,,,b,1,0.383913600179,,,,,2018_Apr_24_1234,60.0232390177,Stroop,Stroop-118,L,
BLUE,incongruent,r,red,,,,,3,4,22,2,,,,,r,1,0.950509864265,,,,,2018_Apr_24_1234,60.0232390177,Stroop,Stroop-118,L,
RED,congruent,r,red,,,,,3,5,23,0,,,,,r,1,1.35004781194,,,,,2018_Apr_24_1234,60.0232390177,Stroop,Stroop-118,L,
BLUE,congruent,b,blue,,,,,4,0,24,3,,,,,b,1,0.933832663164,,,,,2018_Apr_24_1234,60.0232390177,Stroop,Stroop-118,L,
BLUE,congruent,b,blue,,,,,4,1,25,3,,,,,b,1,0.56717205999,,,,,2018_Apr_24_1234,60.0232390177,Stroop,Stroop-118,L,
BLUE,congruent,b,blue,,,,,4,2,26,3,,,,,b,1,0.467204406484,,,,,2018_Apr_24_1234,60.0232390177,Stroop,Stroop-118,L,
BLUE,incongruent,r,red,,,,,4,3,27,2,,,,,r,1,1.350107975,,,,,2018_Apr_24_1234,60.0232390177,Stroop,Stroop-118,L,
RED,incongruent,b,blue,,,,,4,4,28,1,,,,,b,1,0.617201893792,,,,,2018_Apr_24_1234,60.0232390177,Stroop,Stroop-118,L,
RED,incongruent,b,blue,,,,,4,5,29,1,,,,,b,1,1.18389264928,,,,,2018_Apr_24_1234,60.0232390177,Stroop,Stroop-118,L,
BLUE,congruent,b,blue,,,,,5,0,30,3,,,,,b,1,0.467188480968,,,,,2018_Apr_24_1234,60.0232390177,Stroop,Stroop-118,L,
RED,congruent,r,red,,,,,5,1,31,0,,,,,r,1,0.734027591489,,,,,2018_Apr_24_1234,60.0232390177,Stroop,Stroop-118,L,
XXXX,neutral,r,red,,,,,5,2,32,4,,,,,r,1,0.500519171845,,,,,2018_Apr_24_1234,60.0232390177,Stroop,Stroop-118,L,
XXXX,neutral,b,blue,,,,,5,3,33,5,,,,,b,1,0.583860585903,,,,,2018_Apr_24_1234,60.0232390177,Stroop,Stroop-118,L,
RED,incongruent,b,blue,,,,,5,4,34,1,,,,,b,1,1.00051811014,,,,,2018_Apr_24_1234,60.0232390177,Stroop,Stroop-118,L,
XXXX,neutral,b,blue,,,,,5,5,35,5,,,,,b,1,0.433856728389,,,,,2018_Apr_24_1234,60.0232390177,Stroop,Stroop-118,L,
XXXX,neutral,r,red,,,,,6,0,36,4,,,,,r,1,0.750544121821,,,,,2018_Apr_24_1234,60.0232390177,Stroop,Stroop-118,L,
XXXX,neutral,r,red,,,,,6,1,37,4,,,,,r,1,0.533868265541,,,,,2018_Apr_24_1234,60.0232390177,Stroop,Stroop-118,L,
BLUE,incongruent,r,red,,,,,6,2,38,2,,,,,r,1,1.13385963037,,,,,2018_Apr_24_1234,60.0232390177,Stroop,Stroop-118,L,
RED,congruent,r,red,,,,,6,3,39,0,,,,,r,1,0.533328567475,,,,,2018_Apr_24_1234,60.0232390177,Stroop,Stroop-118,L,
RED,congruent,r,red,,,,,6,4,40,0,,,,,r,1,0.817167282335,,,,,2018_Apr_24_1234,60.0232390177,Stroop,Stroop-118,L,
BLUE,incongruent,r,red,,,,,6,5,41,2,,,,,r,1,0.817165512833,,,,,2018_Apr_24_1234,60.0232390177,Stroop,Stroop-118,L,
RED,incongruent,b,blue,,,,,7,0,42,1,,,,,b,1,0.467201221381,,,,,2018_Apr_24_1234,60.0232390177,Stroop,Stroop-118,L,
RED,congruent,r,red,,,,,7,1,43,0,,,,,r,1,0.583859878103,,,,,2018_Apr_24_1234,60.0232390177,Stroop,Stroop-118,L,
BLUE,congruent,b,blue,,,,,7,2,44,3,,,,,b,1,0.683433286595,,,,,2018_Apr_24_1234,60.0232390177,Stroop,Stroop-118,L,
XXXX,neutral,b,blue,,,,,7,3,45,5,,,,,b,1,0.617197646987,,,,,2018_Apr_24_1234,60.0232390177,Stroop,Stroop-118,L,
BLUE,incongruent,r,red,,,,,7,4,46,2,,,,,r,1,0.983842324644,,,,,2018_Apr_24_1234,60.0232390177,Stroop,Stroop-118,L,
RED,incongruent,b,blue,,,,,7,5,47,1,,,,,b,1,0.93383867947,,,,,2018_Apr_24_1234,60.0232390177,Stroop,Stroop-118,L,
XXXX,neutral,r,red,,,,,8,0,48,4,,,,,r,1,0.550549005646,,,,,2018_Apr_24_1234,60.0232390177,Stroop,Stroop-118,L,
BLUE,incongruent,r,red,,,,,8,1,49,2,,,,,r,1,0.750515101991,,,,,2018_Apr_24_1234,60.0232390177,Stroop,Stroop-118,L,
BLUE,congruent,b,blue,,,,,8,2,50,3,,,,,b,1,0.433853189386,,,,,2018_Apr_24_1234,60.0232390177,Stroop,Stroop-118,L,
XXXX,neutral,r,red,,,,,8,3,51,4,,,,,r,1,0.767195488195,,,,,2018_Apr_24_1234,60.0232390177,Stroop,Stroop-118,L,
XXXX,neutral,r,red,,,,,8,4,52,4,,,,,r,1,0.517217606968,,,,,2018_Apr_24_1234,60.0232390177,Stroop,Stroop-118,L,
BLUE,incongruent,r,red,,,,,8,5,53,2,,,,,r,1,0.867198177838,,,,,2018_Apr_24_1234,60.0232390177,Stroop,Stroop-118,L,
BLUE,congruent,b,blue,,,,,9,0,54,3,,,,,b,1,0.317224260295,,,,,2018_Apr_24_1234,60.0232390177,Stroop,Stroop-118,L,
BLUE,congruent,b,blue,,,,,9,1,55,3,,,,,b,1,0.433873007806,,,,,2018_Apr_24_1234,60.0232390177,Stroop,Stroop-118,L,
RED,incongruent,b,blue,,,,,9,2,56,1,,,,,b,1,0.483880899785,,,,,2018_Apr_24_1234,60.0232390177,Stroop,Stroop-118,L,
XXXX,neutral,b,blue,,,,,9,3,57,5,,,,,b,1,0.383868300931,,,,,2018_Apr_24_1234,60.0232390177,Stroop,Stroop-118,L,
BLUE,congruent,b,blue,,,,,9,4,58,3,,,,,b,1,0.417216332927,,,,,2018_Apr_24_1234,60.0232390177,Stroop,Stroop-118,L,
RED,incongruent,b,blue,,,,,9,5,59,1,,,,,b,1,0.900491001375,,,,,2018_Apr_24_1234,60.0232390177,Stroop,Stroop-118,L,
BLUE,incongruent,r,red,,,,,10,0,60,2,,,,,r,1,0.900645655838,,,,,2018_Apr_24_1234,60.0232390177,Stroop,Stroop-118,L,
XXXX,neutral,r,red,,,,,10,1,61,4,,,,,r,1,0.483880899785,,,,,2018_Apr_24_1234,60.0232390177,Stroop,Stroop-118,L,
BLUE,incongruent,r,red,,,,,10,2,62,2,,,,,r,1,0.533853401726,,,,,2018_Apr_24_1234,60.0232390177,Stroop,Stroop-118,L,
RED,congruent,r,red,,,,,10,3,63,0,,,,,r,1,0.5838574008,,,,,2018_Apr_24_1234,60.0232390177,Stroop,Stroop-118,L,
RED,congruent,r,red,,,,,10,4,64,0,,,,,r,1,0.567269028692,,,,,2018_Apr_24_1234,60.0232390177,Stroop,Stroop-118,L,
BLUE,congruent,b,blue,,,,,10,5,65,3,,,,,b,1,0.583871556815,,,,,2018_Apr_24_1234,60.0232390177,Stroop,Stroop-118,L,
RED,incongruent,b,blue,,,,,11,0,66,1,,,,,b,1,0.717099828925,,,,,2018_Apr_24_1234,60.0232390177,Stroop,Stroop-118,L,
RED,incongruent,b,blue,,,,,11,1,67,1,,,,,b,1,0.500460778284,,,,,2018_Apr_24_1234,60.0232390177,Stroop,Stroop-118,L,
BLUE,congruent,b,blue,,,,,11,2,68,3,,,,,b,1,0.483891162895,,,,,2018_Apr_24_1234,60.0232390177,Stroop,Stroop-118,L,
RED,congruent,r,red,,,,,11,3,69,0,,,,,r,1,0.38381910878,,,,,2018_Apr_24_1234,60.0232390177,Stroop,Stroop-118,L,
RED,congruent,r,red,,,,,11,4,70,0,,,,,r,1,0.517197080747,,,,,2018_Apr_24_1234,60.0232390177,Stroop,Stroop-118,L,
BLUE,incongruent,r,red,,,,,11,5,71,2,,,,,r,1,0.917183066292,,,,,2018_Apr_24_1234,60.0232390177,Stroop,Stroop-118,L,
XXXX,neutral,r,red,,,,,12,0,72,4,,,,,r,1,0.433860621293,,,,,2018_Apr_24_1234,60.0232390177,Stroop,Stroop-118,L,
XXXX,neutral,b,blue,,,,,12,1,73,5,,,,,b,1,0.600534248001,,,,,2018_Apr_24_1234,60.0232390177,Stroop,Stroop-118,L,
BLUE,congruent,b,blue,,,,,12,2,74,3,,,,,b,1,0.667191382951,,,,,2018_Apr_24_1234,60.0232390177,Stroop,Stroop-118,L,
BLUE,incongruent,r,red,,,,,12,3,75,2,,,,,r,1,0.833891552186,,,,,2018_Apr_24_1234,60.0232390177,Stroop,Stroop-118,L,
XXXX,neutral,r,red,,,,,12,4,76,4,,,,,r,1,0.450538530195,,,,,2018_Apr_24_1234,60.0232390177,Stroop,Stroop-118,L,
XXXX,neutral,b,blue,,,,,12,5,77,5,,,,,b,1,0.483890101194,,,,,2018_Apr_24_1234,60.0232390177,Stroop,Stroop-118,L,
RED,congruent,r,red,,,,,13,0,78,0,,,,,r,1,0.700519242625,,,,,2018_Apr_24_1234,60.0232390177,Stroop,Stroop-118,L,
BLUE,congruent,b,blue,,,,,13,1,79,3,,,,,b,1,0.61719092288,,,,,2018_Apr_24_1234,60.0232390177,Stroop,Stroop-118,L,
XXXX,neutral,b,blue,,,,,13,2,80,5,,,,,b,1,0.400527453113,,,,,2018_Apr_24_1234,60.0232390177,Stroop,Stroop-118,L,
BLUE,incongruent,r,red,,,,,13,3,81,2,,,,,r,1,0.933836556068,,,,,2018_Apr_24_1234,60.0232390177,Stroop,Stroop-118,L,
XXXX,neutral,b,blue,,,,,13,4,82,5,,,,,b,1,0.600530355097,,,,,2018_Apr_24_1234,60.0232390177,Stroop,Stroop-118,L,
BLUE,incongruent,r,red,,,,,13,5,83,2,,,,,r,1,0.500557746985,,,,,2018_Apr_24_1234,60.0232390177,Stroop,Stroop-118,L,
XXXX,neutral,b,blue,,,,,14,0,84,5,,,,,b,1,0.366814195935,,,,,2018_Apr_24_1234,60.0232390177,Stroop,Stroop-118,L,
XXXX,neutral,r,red,,,,,14,1,85,4,,,,,r,1,0.517216899167,,,,,2018_Apr_24_1234,60.0232390177,Stroop,Stroop-118,L,
XXXX,neutral,r,red,,,,,14,2,86,4,,,,,r,1,0.883842112304,,,,,2018_Apr_24_1234,60.0232390177,Stroop,Stroop-118,L,
RED,incongruent,b,blue,,,,,14,3,87,1,,,,,b,1,0.367224012565,,,,,2018_Apr_24_1234,60.0232390177,Stroop,Stroop-118,L,
RED,incongruent,b,blue,,,,,14,4,88,1,,,,,b,1,1.00020349271,,,,,2018_Apr_24_1234,60.0232390177,Stroop,Stroop-118,L,
RED,congruent,r,red,,,,,14,5,89,0,,,,,r,1,0.65052373716,,,,,2018_Apr_24_1234,60.0232390177,Stroop,Stroop-118,L,
XXXX,neutral,r,red,,,,,15,0,90,4,,,,,r,1,0.517206282156,,,,,2018_Apr_24_1234,60.0232390177,Stroop,Stroop-118,L,
BLUE,incongruent,r,red,,,,,15,1,91,2,,,,,r,1,0.850516022132,,,,,2018_Apr_24_1234,60.0232390177,Stroop,Stroop-118,L,
XXXX,neutral,b,blue,,,,,15,2,92,5,,,,,b,1,0.383847066909,,,,,2018_Apr_24_1234,60.0232390177,Stroop,Stroop-118,L,
RED,incongruent,b,blue,,,,,15,3,93,1,,,,,b,1,1.0338318138,,,,,2018_Apr_24_1234,60.0232390177,Stroop,Stroop-118,L,
BLUE,congruent,b,blue,,,,,15,4,94,3,,,,,b,1,0.383868654832,,,,,2018_Apr_24_1234,60.0232390177,Stroop,Stroop-118,L,
RED,incongruent,b,blue,,,,,15,5,95,1,,,,,b,1,0.600534248001,,,,,2018_Apr_24_1234,60.0232390177,Stroop,Stroop-118,L,
RED,congruent,r,red,,,,,16,0,96,0,,,,,r,1,0.383860869024,,,,,2018_Apr_24_1234,60.0232390177,Stroop,Stroop-118,L,
XXXX,neutral,r,red,,,,,16,1,97,4,,,,,r,1,0.433491149306,,,,,2018_Apr_24_1234,60.0232390177,Stroop,Stroop-118,L,
XXXX,neutral,b,blue,,,,,16,2,98,5,,,,,b,1,0.567187277706,,,,,2018_Apr_24_1234,60.0232390177,Stroop,Stroop-118,L,
RED,congruent,r,red,,,,,16,3,99,0,,,,,r,1,0.58387615752,,,,,2018_Apr_24_1234,60.0232390177,Stroop,Stroop-118,L,
BLUE,incongruent,r,red,,,,,16,4,100,2,,,,,r,1,0.550151929429,,,,,2018_Apr_24_1234,60.0232390177,Stroop,Stroop-118,L,
RED,incongruent,b,blue,,,,,16,5,101,1,,,,,b,1,0.767173900272,,,,,2018_Apr_24_1234,60.0232390177,Stroop,Stroop-118,L,
RED,congruent,r,red,,,,,17,0,102,0,,,,,r,1,0.517182570831,,,,,2018_Apr_24_1234,60.0232390177,Stroop,Stroop-118,L,
RED,congruent,r,red,,,,,17,1,103,0,,,,,r,1,0.450537822394,,,,,2018_Apr_24_1234,60.0232390177,Stroop,Stroop-118,L,
XXXX,neutral,r,red,,,,,17,2,104,4,,,,,r,1,0.400542316929,,,,,2018_Apr_24_1234,60.0232390177,Stroop,Stroop-118,L,
XXXX,neutral,r,red,,,,,17,3,105,4,,,,,r,1,0.450511987667,,,,,2018_Apr_24_1234,60.0232390177,Stroop,Stroop-118,L,
XXXX,neutral,r,red,,,,,17,4,106,4,,,,,r,1,0.433860621293,,,,,2018_Apr_24_1234,60.0232390177,Stroop,Stroop-118,L,
XXXX,neutral,b,blue,,,,,17,5,107,5,,,,,b,1,0.650534708071,,,,,2018_Apr_24_1234,60.0232390177,Stroop,Stroop-118,L,
BLUE,congruent,b,blue,,,,,18,0,108,3,,,,,b,1,0.533891269066,,,,,2018_Apr_24_1234,60.0232390177,Stroop,Stroop-118,L,
BLUE,congruent,b,blue,,,,,18,1,109,3,,,,,b,1,0.517183278632,,,,,2018_Apr_24_1234,60.0232390177,Stroop,Stroop-118,L,
BLUE,congruent,b,blue,,,,,18,2,110,3,,,,,b,1,0.483482054066,,,,,2018_Apr_24_1234,60.0232390177,Stroop,Stroop-118,L,
RED,congruent,r,red,,,,,18,3,111,0,,,,,r,1,0.96718140296,,,,,2018_Apr_24_1234,60.0232390177,Stroop,Stroop-118,L,
BLUE,incongruent,r,red,,,,,18,4,112,2,,,,,r,1,0.683862567745,,,,,2018_Apr_24_1234,60.0232390177,Stroop,Stroop-118,L,
BLUE,incongruent,r,red,,,,,18,5,113,2,,,,,r,1,0.667175457434,,,,,2018_Apr_24_1234,60.0232390177,Stroop,Stroop-118,L,
XXXX,neutral,b,blue,,,,,19,0,114,5,,,,,b,1,0.467223163204,,,,,2018_Apr_24_1234,60.0232390177,Stroop,Stroop-118,L,
RED,incongruent,b,blue,,,,,19,1,115,1,,,,,b,1,0.36721021045,,,,,2018_Apr_24_1234,60.0232390177,Stroop,Stroop-118,L,
RED,incongruent,b,blue,,,,,19,2,116,1,,,,,b,1,0.63385750697,,,,,2018_Apr_24_1234,60.0232390177,Stroop,Stroop-118,L,
XXXX,neutral,r,red,,,,,19,3,117,4,,,,,r,1,0.483869928873,,,,,2018_Apr_24_1234,60.0232390177,Stroop,Stroop-118,L,
XXXX,neutral,r,red,,,,,19,4,118,4,,,,,r,1,0.667188905648,,,,,2018_Apr_24_1234,60.0232390177,Stroop,Stroop-118,L,
RED,congruent,r,red,,,,,19,5,119,0,,,,,r,1,0.367205963646,,,,,2018_Apr_24_1234,60.0232390177,Stroop,Stroop-118,L,
XXXX,neutral,b,blue,,,,,20,0,120,5,,,,,b,1,0.433860267393,,,,,2018_Apr_24_1234,60.0232390177,Stroop,Stroop-118,L,
BLUE,congruent,b,blue,,,,,20,1,121,3,,,,,b,1,0.48388585439,,,,,2018_Apr_24_1234,60.0232390177,Stroop,Stroop-118,L,
BLUE,incongruent,r,red,,,,,20,2,122,2,,,,,r,1,0.63386741618,,,,,2018_Apr_24_1234,60.0232390177,Stroop,Stroop-118,L,
RED,congruent,r,red,,,,,20,3,123,0,,,,,r,1,0.367217642358,,,,,2018_Apr_24_1234,60.0232390177,Stroop,Stroop-118,L,
BLUE,congruent,b,blue,,,,,20,4,124,3,,,,,b,1,0.400578060867,,,,,2018_Apr_24_1234,60.0232390177,Stroop,Stroop-118,L,
RED,incongruent,b,blue,,,,,20,5,125,1,,,,,b,1,0.533864372637,,,,,2018_Apr_24_1234,60.0232390177,Stroop,Stroop-118,L,
XXXX,neutral,b,blue,,,,,21,0,126,5,,,,,b,1,0.550518924115,,,,,2018_Apr_24_1234,60.0232390177,Stroop,Stroop-118,L,
RED,incongruent,b,blue,,,,,21,1,127,1,,,,,b,1,0.467217500798,,,,,2018_Apr_24_1234,60.0232390177,Stroop,Stroop-118,L,
BLUE,incongruent,r,red,,,,,21,2,128,2,,,,,r,1,0.817189224158,,,,,2018_Apr_24_1234,60.0232390177,Stroop,Stroop-118,L,
XXXX,neutral,r,red,,,,,21,3,129,4,,,,,r,1,0.454674209935,,,,,2018_Apr_24_1234,60.0232390177,Stroop,Stroop-118,L,
RED,congruent,r,red,,,,,21,4,130,0,,,,,r,1,0.600536371403,,,,,2018_Apr_24_1234,60.0232390177,Stroop,Stroop-118,L,
XXXX,neutral,b,blue,,,,,21,5,131,5,,,,,b,1,0.533852693925,,,,,2018_Apr_24_1234,60.0232390177,Stroop,Stroop-118,L,
BLUE,incongruent,r,red,,,,,22,0,132,2,,,,,r,1,0.833865009658,,,,,2018_Apr_24_1234,60.0232390177,Stroop,Stroop-118,L,
BLUE,incongruent,r,red,,,,,22,1,133,2,,,,,r,1,0.983815428216,,,,,2018_Apr_24_1234,60.0232390177,Stroop,Stroop-118,L,
RED,congruent,r,red,,,,,22,2,134,0,,,,,r,1,0.633891481406,,,,,2018_Apr_24_1234,60.0232390177,Stroop,Stroop-118,L,
BLUE,incongruent,r,red,,,,,22,3,135,2,,,,,r,1,0.633807960918,,,,,2018_Apr_24_1234,60.0232390177,Stroop,Stroop-118,L,
BLUE,congruent,b,blue,,,,,22,4,136,3,,,,,b,1,0.517194603444,,,,,2018_Apr_24_1234,60.0232390177,Stroop,Stroop-118,L,
BLUE,incongruent,r,red,,,,,22,5,137,2,,,,,r,1,0.483882669286,,,,,2018_Apr_24_1234,60.0232390177,Stroop,Stroop-118,L,
XXXX,neutral,b,blue,,,,,23,0,138,5,,,,,b,1,0.517217960868,,,,,2018_Apr_24_1234,60.0232390177,Stroop,Stroop-118,L,
RED,congruent,r,red,,,,,23,1,139,0,,,,,r,1,0.367201009041,,,,,2018_Apr_24_1234,60.0232390177,Stroop,Stroop-118,L,
BLUE,congruent,b,blue,,,,,23,2,140,3,,,,,b,1,0.483869928873,,,,,2018_Apr_24_1234,60.0232390177,Stroop,Stroop-118,L,
XXXX,neutral,b,blue,,,,,23,3,141,5,,,,,b,1,0.467121947698,,,,,2018_Apr_24_1234,60.0232390177,Stroop,Stroop-118,L,
BLUE,congruent,b,blue,,,,,23,4,142,3,,,,,b,1,0.433875839009,,,,,2018_Apr_24_1234,60.0232390177,Stroop,Stroop-118,L,
XXXX,neutral,r,red,,,,,23,5,143,4,,,,,r,1,0.500532620059,,,,,2018_Apr_24_1234,60.0232390177,Stroop,Stroop-118,L,
XXXX,neutral,b,blue,,,,,24,0,144,5,,,,,b,1,0.550604214104,,,,,2018_Apr_24_1234,60.0232390177,Stroop,Stroop-118,L,
XXXX,neutral,r,red,,,,,24,1,145,4,,,,,r,1,0.650535061972,,,,,2018_Apr_24_1234,60.0232390177,Stroop,Stroop-118,L,
XXXX,neutral,b,blue,,,,,24,2,146,5,,,,,b,1,1.15050639604,,,,,2018_Apr_24_1234,60.0232390177,Stroop,Stroop-118,L,
BLUE,congruent,b,blue,,,,,24,3,147,3,,,,,b,1,0.600525754392,,,,,2018_Apr_24_1234,60.0232390177,Stroop,Stroop-118,L,
BLUE,congruent,b,blue,,,,,24,4,148,3,,,,,b,1,0.650129492146,,,,,2018_Apr_24_1234,60.0232390177,Stroop,Stroop-118,L,
RED,congruent,r,red,,,,,24,5,149,0,,,,,r,1,0.767185225084,,,,,2018_Apr_24_1234,60.0232390177,Stroop,Stroop-118,L,
,,,,,,,,,,,,,,,,,,,,,lshift,186.473651763,2018_Apr_24_1234,60.0232390177,Stroop,Stroop-118,L,
