word,type,correct,ink,Practice.thisRepN,Practice.thisTrialN,Practice.thisN,Practice.thisIndex,trials.thisRepN,trials.thisTrialN,trials.thisN,trials.thisIndex,ready_to_continue.keys,ready_to_continue.rt,key_resp_2.keys,key_resp_2.rt,Response.keys,Response.corr,Response.rt,begin_exp.keys,begin_exp.rt,finished.keys,finished.rt,date,frameRate,expName,participant,condition,
,,,,,,,,,,,,b,25.932300022,,,,,,,,,,2018_Feb_21_0950,60.0041408923,Stroop,Stroop-107,N,
,,,,,,,,,,,,,,b,2.55036693913,,,,,,,,2018_Feb_21_0950,60.0041408923,Stroop,Stroop-107,N,
BLUE,incongruent,r,red,0,0,0,2,,,,,,,,,r,1,1.15052060164,,,,,2018_Feb_21_0950,60.0041408923,Stroop,Stroop-107,N,
RED,congruent,r,red,0,1,1,0,,,,,,,,,r,1,0.667202468226,,,,,2018_Feb_21_0950,60.0041408923,Stroop,Stroop-107,N,
RED,incongruent,b,blue,0,2,2,1,,,,,,,,,b,1,1.03344831479,,,,,2018_Feb_21_0950,60.0041408923,Stroop,Stroop-107,N,
XXXX,neutral,b,blue,0,3,3,5,,,,,,,,,b,1,0.583475157953,,,,,2018_Feb_21_0950,60.0041408923,Stroop,Stroop-107,N,
XXXX,neutral,r,red,0,4,4,4,,,,,,,,,r,1,0.56719832762,,,,,2018_Feb_21_0950,60.0041408923,Stroop,Stroop-107,N,
BLUE,congruent,b,blue,0,5,5,3,,,,,,,,,b,1,0.750546153076,,,,,2018_Feb_21_0950,60.0041408923,Stroop,Stroop-107,N,
BLUE,incongruent,r,red,1,0,6,2,,,,,,,,,r,1,0.667178403163,,,,,2018_Feb_21_0950,60.0041408923,Stroop,Stroop-107,N,
RED,incongruent,b,blue,1,1,7,1,,,,,,,,,b,1,1.21713517452,,,,,2018_Feb_21_0950,60.0041408923,Stroop,Stroop-107,N,
BLUE,congruent,b,blue,1,2,8,3,,,,,,,,,b,1,0.683829303674,,,,,2018_Feb_21_0950,60.0041408923,Stroop,Stroop-107,N,
XXXX,neutral,r,red,1,3,9,4,,,,,,,,,r,1,0.583889572502,,,,,2018_Feb_21_0950,60.0041408923,Stroop,Stroop-107,N,
XXXX,neutral,b,blue,1,4,10,5,,,,,,,,,b,1,0.617167308461,,,,,2018_Feb_21_0950,60.0041408923,Stroop,Stroop-107,N,
RED,congruent,r,red,1,5,11,0,,,,,,,,,r,1,0.867162619312,,,,,2018_Feb_21_0950,60.0041408923,Stroop,Stroop-107,N,
,,,,,,,,,,,,,,,,,,,b,3.31701828202,,,2018_Feb_21_0950,60.0041408923,Stroop,Stroop-107,N,
RED,congruent,r,red,,,,,0,0,0,0,,,,,r,1,0.683854784329,,,,,2018_Feb_21_0950,60.0041408923,Stroop,Stroop-107,N,
BLUE,incongruent,r,red,,,,,0,1,1,2,,,,,r,1,0.850510303209,,,,,2018_Feb_21_0950,60.0041408923,Stroop,Stroop-107,N,
BLUE,congruent,b,blue,,,,,0,2,2,3,,,,,b,1,0.683850537553,,,,,2018_Feb_21_0950,60.0041408923,Stroop,Stroop-107,N,
XXXX,neutral,r,red,,,,,0,3,3,4,,,,,r,1,0.817180544246,,,,,2018_Feb_21_0950,60.0041408923,Stroop,Stroop-107,N,
BLUE,congruent,b,blue,,,,,0,4,4,3,,,,,b,1,0.450537624134,,,,,2018_Feb_21_0950,60.0041408923,Stroop,Stroop-107,N,
RED,incongruent,b,blue,,,,,0,5,5,1,,,,,b,1,0.967173837879,,,,,2018_Feb_21_0950,60.0041408923,Stroop,Stroop-107,N,
XXXX,neutral,b,blue,,,,,1,0,6,5,,,,,b,1,0.550513452901,,,,,2018_Feb_21_0950,60.0041408923,Stroop,Stroop-107,N,
BLUE,congruent,b,blue,,,,,1,1,7,3,,,,,b,1,0.467180384991,,,,,2018_Feb_21_0950,60.0041408923,Stroop,Stroop-107,N,
BLUE,incongruent,r,red,,,,,1,2,8,2,,,,,r,1,0.817173820184,,,,,2018_Feb_21_0950,60.0041408923,Stroop,Stroop-107,N,
BLUE,incongruent,r,red,,,,,1,3,9,2,,,,,r,1,0.833819058327,,,,,2018_Feb_21_0950,60.0041408923,Stroop,Stroop-107,N,
RED,congruent,r,red,,,,,1,4,10,0,,,,,r,1,0.683851245349,,,,,2018_Feb_21_0950,60.0041408923,Stroop,Stroop-107,N,
BLUE,congruent,b,blue,,,,,1,5,11,3,,,,,b,1,0.650525025366,,,,,2018_Feb_21_0950,60.0041408923,Stroop,Stroop-107,N,
RED,congruent,r,red,,,,,2,0,12,0,,,,,r,1,0.617177571502,,,,,2018_Feb_21_0950,60.0041408923,Stroop,Stroop-107,N,
XXXX,neutral,r,red,,,,,2,1,13,4,,,,,r,1,0.550162739991,,,,,2018_Feb_21_0950,60.0041408923,Stroop,Stroop-107,N,
BLUE,congruent,b,blue,,,,,2,2,14,3,,,,,b,1,0.633852183179,,,,,2018_Feb_21_0950,60.0041408923,Stroop,Stroop-107,N,
XXXX,neutral,r,red,,,,,2,3,15,4,,,,,r,1,0.650521840284,,,,,2018_Feb_21_0950,60.0041408923,Stroop,Stroop-107,N,
BLUE,congruent,b,blue,,,,,2,4,16,3,,,,,b,1,0.600509683888,,,,,2018_Feb_21_0950,60.0041408923,Stroop,Stroop-107,N,
RED,incongruent,b,blue,,,,,2,5,17,1,,,,,b,1,1.13381909372,,,,,2018_Feb_21_0950,60.0041408923,Stroop,Stroop-107,N,
BLUE,congruent,b,blue,,,,,3,0,18,3,,,,,b,1,0.566805500849,,,,,2018_Feb_21_0950,60.0041408923,Stroop,Stroop-107,N,
RED,incongruent,b,blue,,,,,3,1,19,1,,,,,b,1,0.966778179924,,,,,2018_Feb_21_0950,60.0041408923,Stroop,Stroop-107,N,
XXXX,neutral,r,red,,,,,3,2,20,4,,,,,r,1,0.583589820903,,,,,2018_Feb_21_0950,60.0041408923,Stroop,Stroop-107,N,
RED,congruent,r,red,,,,,3,3,21,0,,,,,r,1,0.966774994842,,,,,2018_Feb_21_0950,60.0041408923,Stroop,Stroop-107,N,
XXXX,neutral,r,red,,,,,3,4,22,4,,,,,r,1,0.8671647427,,,,,2018_Feb_21_0950,60.0041408923,Stroop,Stroop-107,N,
BLUE,incongruent,r,red,,,,,3,5,23,2,,,,,r,1,1.06676781071,,,,,2018_Feb_21_0950,60.0041408923,Stroop,Stroop-107,N,
RED,incongruent,b,blue,,,,,4,0,24,1,,,,,b,1,0.567190187966,,,,,2018_Feb_21_0950,60.0041408923,Stroop,Stroop-107,N,
XXXX,neutral,b,blue,,,,,4,1,25,5,,,,,b,1,0.433835408414,,,,,2018_Feb_21_0950,60.0041408923,Stroop,Stroop-107,N,
XXXX,neutral,b,blue,,,,,4,2,26,5,,,,,b,1,0.333884706404,,,,,2018_Feb_21_0950,60.0041408923,Stroop,Stroop-107,N,
XXXX,neutral,r,red,,,,,4,3,27,4,,,,,r,1,0.433817005719,,,,,2018_Feb_21_0950,60.0041408923,Stroop,Stroop-107,N,
XXXX,neutral,r,red,,,,,4,4,28,4,,,,,r,1,0.533845565287,,,,,2018_Feb_21_0950,60.0041408923,Stroop,Stroop-107,N,
BLUE,incongruent,r,red,,,,,4,5,29,2,,,,,r,1,0.600515700153,,,,,2018_Feb_21_0950,60.0041408923,Stroop,Stroop-107,N,
RED,incongruent,b,blue,,,,,5,0,30,1,,,,,b,1,0.817166742224,,,,,2018_Feb_21_0950,60.0041408923,Stroop,Stroop-107,N,
RED,incongruent,b,blue,,,,,5,1,31,1,,,,,b,1,1.25047307314,,,,,2018_Feb_21_0950,60.0041408923,Stroop,Stroop-107,N,
XXXX,neutral,r,red,,,,,5,2,32,4,,,,,r,1,0.516801130208,,,,,2018_Feb_21_0950,60.0041408923,Stroop,Stroop-107,N,
RED,incongruent,b,blue,,,,,5,3,33,1,,,,,b,1,0.583783757002,,,,,2018_Feb_21_0950,60.0041408923,Stroop,Stroop-107,N,
RED,incongruent,b,blue,,,,,5,4,34,1,,,,,b,1,0.650555460593,,,,,2018_Feb_21_0950,60.0041408923,Stroop,Stroop-107,N,
XXXX,neutral,b,blue,,,,,5,5,35,5,,,,,b,1,0.683847706369,,,,,2018_Feb_21_0950,60.0041408923,Stroop,Stroop-107,N,
BLUE,congruent,b,blue,,,,,6,0,36,3,,,,,b,1,0.500560043572,,,,,2018_Feb_21_0950,60.0041408923,Stroop,Stroop-107,N,
BLUE,congruent,b,blue,,,,,6,1,37,3,,,,,b,1,0.400522282656,,,,,2018_Feb_21_0950,60.0041408923,Stroop,Stroop-107,N,
RED,congruent,r,red,,,,,6,2,38,0,,,,,r,1,0.450539747522,,,,,2018_Feb_21_0950,60.0041408923,Stroop,Stroop-107,N,
RED,incongruent,b,blue,,,,,6,3,39,1,,,,,b,1,0.783849015792,,,,,2018_Feb_21_0950,60.0041408923,Stroop,Stroop-107,N,
XXXX,neutral,r,red,,,,,6,4,40,4,,,,,r,1,0.500522530385,,,,,2018_Feb_21_0950,60.0041408923,Stroop,Stroop-107,N,
RED,congruent,r,red,,,,,6,5,41,0,,,,,r,1,0.600557814015,,,,,2018_Feb_21_0950,60.0041408923,Stroop,Stroop-107,N,
BLUE,incongruent,r,red,,,,,7,0,42,2,,,,,r,1,0.600500128642,,,,,2018_Feb_21_0950,60.0041408923,Stroop,Stroop-107,N,
RED,incongruent,b,blue,,,,,7,1,43,1,,,,,b,1,0.483896756631,,,,,2018_Feb_21_0950,60.0041408923,Stroop,Stroop-107,N,
XXXX,neutral,b,blue,,,,,7,2,44,5,,,,,b,1,0.400544224332,,,,,2018_Feb_21_0950,60.0041408923,Stroop,Stroop-107,N,
XXXX,neutral,r,red,,,,,7,3,45,4,,,,,r,1,0.450535500746,,,,,2018_Feb_21_0950,60.0041408923,Stroop,Stroop-107,N,
BLUE,congruent,b,blue,,,,,7,4,46,3,,,,,b,1,0.383878814003,,,,,2018_Feb_21_0950,60.0041408923,Stroop,Stroop-107,N,
BLUE,congruent,b,blue,,,,,7,5,47,3,,,,,b,1,0.433884954133,,,,,2018_Feb_21_0950,60.0041408923,Stroop,Stroop-107,N,
RED,incongruent,b,blue,,,,,8,0,48,1,,,,,b,1,0.883845724541,,,,,2018_Feb_21_0950,60.0041408923,Stroop,Stroop-107,N,
BLUE,incongruent,r,red,,,,,8,1,49,2,,,,,r,1,0.7671595404,,,,,2018_Feb_21_0950,60.0041408923,Stroop,Stroop-107,N,
XXXX,neutral,b,blue,,,,,8,2,50,5,,,,,b,1,0.850484468656,,,,,2018_Feb_21_0950,60.0041408923,Stroop,Stroop-107,N,
RED,congruent,r,red,,,,,8,3,51,0,,,,,r,1,0.73383792109,,,,,2018_Feb_21_0950,60.0041408923,Stroop,Stroop-107,N,
RED,congruent,r,red,,,,,8,4,52,0,,,,,r,1,0.633861738425,,,,,2018_Feb_21_0950,60.0041408923,Stroop,Stroop-107,N,
XXXX,neutral,b,blue,,,,,8,5,53,5,,,,,b,1,0.533476095783,,,,,2018_Feb_21_0950,60.0041408923,Stroop,Stroop-107,N,
RED,congruent,r,red,,,,,9,0,54,0,,,,,r,1,0.566825319136,,,,,2018_Feb_21_0950,60.0041408923,Stroop,Stroop-107,N,
XXXX,neutral,b,blue,,,,,9,1,55,5,,,,,b,1,0.566817533381,,,,,2018_Feb_21_0950,60.0041408923,Stroop,Stroop-107,N,
RED,congruent,r,red,,,,,9,2,56,0,,,,,r,1,0.73384322956,,,,,2018_Feb_21_0950,60.0041408923,Stroop,Stroop-107,N,
XXXX,neutral,b,blue,,,,,9,3,57,5,,,,,b,1,0.683844875186,,,,,2018_Feb_21_0950,60.0041408923,Stroop,Stroop-107,N,
XXXX,neutral,b,blue,,,,,9,4,58,5,,,,,b,1,0.483864198016,,,,,2018_Feb_21_0950,60.0041408923,Stroop,Stroop-107,N,
BLUE,incongruent,r,red,,,,,9,5,59,2,,,,,r,1,0.683840982308,,,,,2018_Feb_21_0950,60.0041408923,Stroop,Stroop-107,N,
XXXX,neutral,b,blue,,,,,10,0,60,5,,,,,b,1,0.56716824629,,,,,2018_Feb_21_0950,60.0041408923,Stroop,Stroop-107,N,
XXXX,neutral,r,red,,,,,10,1,61,4,,,,,r,1,0.650533518917,,,,,2018_Feb_21_0950,60.0041408923,Stroop,Stroop-107,N,
RED,incongruent,b,blue,,,,,10,2,62,1,,,,,b,1,0.967230815455,,,,,2018_Feb_21_0950,60.0041408923,Stroop,Stroop-107,N,
XXXX,neutral,b,blue,,,,,10,3,63,5,,,,,b,1,0.717173926353,,,,,2018_Feb_21_0950,60.0041408923,Stroop,Stroop-107,N,
RED,congruent,r,red,,,,,10,4,64,0,,,,,r,1,0.86719128505,,,,,2018_Feb_21_0950,60.0041408923,Stroop,Stroop-107,N,
BLUE,incongruent,r,red,,,,,10,5,65,2,,,,,r,1,0.617182879972,,,,,2018_Feb_21_0950,60.0041408923,Stroop,Stroop-107,N,
BLUE,congruent,b,blue,,,,,11,0,66,3,,,,,b,1,0.75052775038,,,,,2018_Feb_21_0950,60.0041408923,Stroop,Stroop-107,N,
BLUE,congruent,b,blue,,,,,11,1,67,3,,,,,b,1,0.567195142538,,,,,2018_Feb_21_0950,60.0041408923,Stroop,Stroop-107,N,
BLUE,congruent,b,blue,,,,,11,2,68,3,,,,,b,1,0.550524777637,,,,,2018_Feb_21_0950,60.0041408923,Stroop,Stroop-107,N,
XXXX,neutral,b,blue,,,,,11,3,69,5,,,,,b,1,1.53380946769,,,,,2018_Feb_21_0950,60.0041408923,Stroop,Stroop-107,N,
BLUE,incongruent,r,red,,,,,11,4,70,2,,,,,r,1,0.98387746919,,,,,2018_Feb_21_0950,60.0041408923,Stroop,Stroop-107,N,
XXXX,neutral,b,blue,,,,,11,5,71,5,,,,,b,1,0.683875664311,,,,,2018_Feb_21_0950,60.0041408923,Stroop,Stroop-107,N,
XXXX,neutral,r,red,,,,,12,0,72,4,,,,,r,1,0.650510515548,,,,,2018_Feb_21_0950,60.0041408923,Stroop,Stroop-107,N,
BLUE,incongruent,r,red,,,,,12,1,73,2,,,,,r,1,0.950494979426,,,,,2018_Feb_21_0950,60.0041408923,Stroop,Stroop-107,N,
XXXX,neutral,b,blue,,,,,12,2,74,5,,,,,b,1,0.483857827852,,,,,2018_Feb_21_0950,60.0041408923,Stroop,Stroop-107,N,
XXXX,neutral,b,blue,,,,,12,3,75,5,,,,,b,1,1.98376492963,,,,,2018_Feb_21_0950,60.0041408923,Stroop,Stroop-107,N,
RED,congruent,r,red,,,,,12,4,76,0,,,,,r,1,0.617205529444,,,,,2018_Feb_21_0950,60.0041408923,Stroop,Stroop-107,N,
XXXX,neutral,r,red,,,,,12,5,77,4,,,,,r,1,0.617182879972,,,,,2018_Feb_21_0950,60.0041408923,Stroop,Stroop-107,N,
RED,incongruent,b,blue,,,,,13,0,78,1,,,,,b,1,0.633842627933,,,,,2018_Feb_21_0950,60.0041408923,Stroop,Stroop-107,N,
RED,incongruent,b,blue,,,,,13,1,79,1,,,,,b,1,0.56718948017,,,,,2018_Feb_21_0950,60.0041408923,Stroop,Stroop-107,N,
BLUE,incongruent,r,red,,,,,13,2,80,2,,,,,r,1,0.83345560509,,,,,2018_Feb_21_0950,60.0041408923,Stroop,Stroop-107,N,
RED,incongruent,b,blue,,,,,13,3,81,1,,,,,b,1,0.667321024053,,,,,2018_Feb_21_0950,60.0041408923,Stroop,Stroop-107,N,
BLUE,incongruent,r,red,,,,,13,4,82,2,,,,,r,1,0.417175660453,,,,,2018_Feb_21_0950,60.0041408923,Stroop,Stroop-107,N,
XXXX,neutral,r,red,,,,,13,5,83,4,,,,,r,1,0.450519575337,,,,,2018_Feb_21_0950,60.0041408923,Stroop,Stroop-107,N,
XXXX,neutral,b,blue,,,,,14,0,84,5,,,,,b,1,0.367187923019,,,,,2018_Feb_21_0950,60.0041408923,Stroop,Stroop-107,N,
BLUE,congruent,b,blue,,,,,14,1,85,3,,,,,b,1,0.883849971317,,,,,2018_Feb_21_0950,60.0041408923,Stroop,Stroop-107,N,
BLUE,incongruent,r,red,,,,,14,2,86,2,,,,,r,1,0.41720786517,,,,,2018_Feb_21_0950,60.0041408923,Stroop,Stroop-107,N,
RED,incongruent,b,blue,,,,,14,3,87,1,,,,,b,1,0.650508746058,,,,,2018_Feb_21_0950,60.0041408923,Stroop,Stroop-107,N,
BLUE,incongruent,r,red,,,,,14,4,88,2,,,,,r,1,0.650517947406,,,,,2018_Feb_21_0950,60.0041408923,Stroop,Stroop-107,N,
RED,congruent,r,red,,,,,14,5,89,0,,,,,r,1,1.30045514821,,,,,2018_Feb_21_0950,60.0041408923,Stroop,Stroop-107,N,
XXXX,neutral,b,blue,,,,,15,0,90,5,,,,,b,1,0.600504729316,,,,,2018_Feb_21_0950,60.0041408923,Stroop,Stroop-107,N,
RED,congruent,r,red,,,,,15,1,91,0,,,,,r,1,0.817181959837,,,,,2018_Feb_21_0950,60.0041408923,Stroop,Stroop-107,N,
RED,incongruent,b,blue,,,,,15,2,92,1,,,,,b,1,0.567180986618,,,,,2018_Feb_21_0950,60.0041408923,Stroop,Stroop-107,N,
RED,congruent,r,red,,,,,15,3,93,0,,,,,r,1,0.733825888558,,,,,2018_Feb_21_0950,60.0041408923,Stroop,Stroop-107,N,
RED,incongruent,b,blue,,,,,15,4,94,1,,,,,b,1,0.917162389279,,,,,2018_Feb_21_0950,60.0041408923,Stroop,Stroop-107,N,
XXXX,neutral,r,red,,,,,15,5,95,4,,,,,r,1,0.600497297458,,,,,2018_Feb_21_0950,60.0041408923,Stroop,Stroop-107,N,
RED,incongruent,b,blue,,,,,16,0,96,1,,,,,b,1,0.700653260303,,,,,2018_Feb_21_0950,60.0041408923,Stroop,Stroop-107,N,
XXXX,neutral,b,blue,,,,,16,1,97,5,,,,,b,1,1.0671408192,,,,,2018_Feb_21_0950,60.0041408923,Stroop,Stroop-107,N,
RED,congruent,r,red,,,,,16,2,98,0,,,,,r,1,0.93381328979,,,,,2018_Feb_21_0950,60.0041408923,Stroop,Stroop-107,N,
RED,congruent,r,red,,,,,16,3,99,0,,,,,r,1,0.617195266402,,,,,2018_Feb_21_0950,60.0041408923,Stroop,Stroop-107,N,
BLUE,incongruent,r,red,,,,,16,4,100,2,,,,,r,1,1.03383052462,,,,,2018_Feb_21_0950,60.0041408923,Stroop,Stroop-107,N,
BLUE,incongruent,r,red,,,,,16,5,101,2,,,,,r,1,0.867178544722,,,,,2018_Feb_21_0950,60.0041408923,Stroop,Stroop-107,N,
RED,congruent,r,red,,,,,17,0,102,0,,,,,r,1,0.450517451949,,,,,2018_Feb_21_0950,60.0041408923,Stroop,Stroop-107,N,
XXXX,neutral,b,blue,,,,,17,1,103,5,,,,,b,1,0.483848272606,,,,,2018_Feb_21_0950,60.0041408923,Stroop,Stroop-107,N,
BLUE,incongruent,r,red,,,,,17,2,104,2,,,,,r,1,0.867181729804,,,,,2018_Feb_21_0950,60.0041408923,Stroop,Stroop-107,N,
XXXX,neutral,r,red,,,,,17,3,105,4,,,,,r,1,0.483874461058,,,,,2018_Feb_21_0950,60.0041408923,Stroop,Stroop-107,N,
XXXX,neutral,b,blue,,,,,17,4,106,5,,,,,b,1,1.0004929799,,,,,2018_Feb_21_0950,60.0041408923,Stroop,Stroop-107,N,
XXXX,neutral,b,blue,,,,,17,5,107,5,,,,,b,1,0.700494006207,,,,,2018_Feb_21_0950,60.0041408923,Stroop,Stroop-107,N,
RED,congruent,r,red,,,,,18,0,108,0,,,,,r,1,0.583865861336,,,,,2018_Feb_21_0950,60.0041408923,Stroop,Stroop-107,N,
BLUE,congruent,b,blue,,,,,18,1,109,3,,,,,b,1,0.883826260151,,,,,2018_Feb_21_0950,60.0041408923,Stroop,Stroop-107,N,
XXXX,neutral,b,blue,,,,,18,2,110,5,,,,,b,1,1.20047047199,,,,,2018_Feb_21_0950,60.0041408923,Stroop,Stroop-107,N,
XXXX,neutral,r,red,,,,,18,3,111,4,,,,,r,1,0.600508268296,,,,,2018_Feb_21_0950,60.0041408923,Stroop,Stroop-107,N,
RED,incongruent,b,blue,,,,,18,4,112,1,,,,,b,1,0.600502605928,,,,,2018_Feb_21_0950,60.0041408923,Stroop,Stroop-107,N,
XXXX,neutral,r,red,,,,,18,5,113,4,,,,,r,1,0.450524176011,,,,,2018_Feb_21_0950,60.0041408923,Stroop,Stroop-107,N,
BLUE,congruent,b,blue,,,,,19,0,114,3,,,,,b,1,0.483835178381,,,,,2018_Feb_21_0950,60.0041408923,Stroop,Stroop-107,N,
XXXX,neutral,r,red,,,,,19,1,115,4,,,,,r,1,0.517191479694,,,,,2018_Feb_21_0950,60.0041408923,Stroop,Stroop-107,N,
XXXX,neutral,r,red,,,,,19,2,116,4,,,,,r,1,0.483844733626,,,,,2018_Feb_21_0950,60.0041408923,Stroop,Stroop-107,N,
RED,incongruent,b,blue,,,,,19,3,117,1,,,,,b,1,0.567273707892,,,,,2018_Feb_21_0950,60.0041408923,Stroop,Stroop-107,N,
BLUE,incongruent,r,red,,,,,19,4,118,2,,,,,r,1,0.450517098051,,,,,2018_Feb_21_0950,60.0041408923,Stroop,Stroop-107,N,
XXXX,neutral,b,blue,,,,,19,5,119,5,,,,,b,1,0.517256596924,,,,,2018_Feb_21_0950,60.0041408923,Stroop,Stroop-107,N,
BLUE,incongruent,r,red,,,,,20,0,120,2,,,,,r,1,0.550519469167,,,,,2018_Feb_21_0950,60.0041408923,Stroop,Stroop-107,N,
BLUE,congruent,b,blue,,,,,20,1,121,3,,,,,b,1,0.333861703035,,,,,2018_Feb_21_0950,60.0041408923,Stroop,Stroop-107,N,
RED,congruent,r,red,,,,,20,2,122,0,,,,,r,1,0.367200663346,,,,,2018_Feb_21_0950,60.0041408923,Stroop,Stroop-107,N,
BLUE,congruent,b,blue,,,,,20,3,123,3,,,,,b,1,0.767182543769,,,,,2018_Feb_21_0950,60.0041408923,Stroop,Stroop-107,N,
RED,congruent,r,red,,,,,20,4,124,0,,,,,r,1,0.400543516536,,,,,2018_Feb_21_0950,60.0041408923,Stroop,Stroop-107,N,
BLUE,congruent,b,blue,,,,,20,5,125,3,,,,,b,1,0.500156599861,,,,,2018_Feb_21_0950,60.0041408923,Stroop,Stroop-107,N,
RED,incongruent,b,blue,,,,,21,0,126,1,,,,,b,1,0.483864905812,,,,,2018_Feb_21_0950,60.0041408923,Stroop,Stroop-107,N,
BLUE,congruent,b,blue,,,,,21,1,127,3,,,,,b,1,1.13381236966,,,,,2018_Feb_21_0950,60.0041408923,Stroop,Stroop-107,N,
BLUE,incongruent,r,red,,,,,21,2,128,2,,,,,r,1,0.617187834544,,,,,2018_Feb_21_0950,60.0041408923,Stroop,Stroop-107,N,
XXXX,neutral,b,blue,,,,,21,3,129,5,,,,,b,1,0.800483990893,,,,,2018_Feb_21_0950,60.0041408923,Stroop,Stroop-107,N,
BLUE,congruent,b,blue,,,,,21,4,130,3,,,,,b,1,0.56718063272,,,,,2018_Feb_21_0950,60.0041408923,Stroop,Stroop-107,N,
BLUE,congruent,b,blue,,,,,21,5,131,3,,,,,b,1,0.500532085631,,,,,2018_Feb_21_0950,60.0041408923,Stroop,Stroop-107,N,
XXXX,neutral,r,red,,,,,22,0,132,4,,,,,r,1,0.417205387885,,,,,2018_Feb_21_0950,60.0041408923,Stroop,Stroop-107,N,
RED,incongruent,b,blue,,,,,22,1,133,1,,,,,b,1,0.383846963184,,,,,2018_Feb_21_0950,60.0041408923,Stroop,Stroop-107,N,
XXXX,neutral,r,red,,,,,22,2,134,4,,,,,r,1,0.517184047836,,,,,2018_Feb_21_0950,60.0041408923,Stroop,Stroop-107,N,
BLUE,congruent,b,blue,,,,,22,3,135,3,,,,,b,1,0.533850519858,,,,,2018_Feb_21_0950,60.0041408923,Stroop,Stroop-107,N,
BLUE,congruent,b,blue,,,,,22,4,136,3,,,,,b,1,0.450538685828,,,,,2018_Feb_21_0950,60.0041408923,Stroop,Stroop-107,N,
RED,congruent,r,red,,,,,22,5,137,0,,,,,r,1,0.450519929235,,,,,2018_Feb_21_0950,60.0041408923,Stroop,Stroop-107,N,
XXXX,neutral,r,red,,,,,23,0,138,4,,,,,r,1,0.4505259455,,,,,2018_Feb_21_0950,60.0041408923,Stroop,Stroop-107,N,
BLUE,incongruent,r,red,,,,,23,1,139,2,,,,,r,1,0.917171944524,,,,,2018_Feb_21_0950,60.0041408923,Stroop,Stroop-107,N,
XXXX,neutral,r,red,,,,,23,2,140,4,,,,,r,1,0.450525591603,,,,,2018_Feb_21_0950,60.0041408923,Stroop,Stroop-107,N,
RED,congruent,r,red,,,,,23,3,141,0,,,,,r,1,0.400154936541,,,,,2018_Feb_21_0950,60.0041408923,Stroop,Stroop-107,N,
RED,incongruent,b,blue,,,,,23,4,142,1,,,,,b,1,0.833856925412,,,,,2018_Feb_21_0950,60.0041408923,Stroop,Stroop-107,N,
BLUE,incongruent,r,red,,,,,23,5,143,2,,,,,r,1,0.500522176487,,,,,2018_Feb_21_0950,60.0041408923,Stroop,Stroop-107,N,
RED,congruent,r,red,,,,,24,0,144,0,,,,,r,1,0.733825888558,,,,,2018_Feb_21_0950,60.0041408923,Stroop,Stroop-107,N,
RED,incongruent,b,blue,,,,,24,1,145,1,,,,,b,1,0.517233947452,,,,,2018_Feb_21_0950,60.0041408923,Stroop,Stroop-107,N,
RED,congruent,r,red,,,,,24,2,146,0,,,,,r,1,1.00049935007,,,,,2018_Feb_21_0950,60.0041408923,Stroop,Stroop-107,N,
BLUE,incongruent,r,red,,,,,24,3,147,2,,,,,r,1,0.667181234347,,,,,2018_Feb_21_0950,60.0041408923,Stroop,Stroop-107,N,
BLUE,incongruent,r,red,,,,,24,4,148,2,,,,,r,1,0.417171767575,,,,,2018_Feb_21_0950,60.0041408923,Stroop,Stroop-107,N,
XXXX,neutral,r,red,,,,,24,5,149,4,,,,,r,1,0.450541517012,,,,,2018_Feb_21_0950,60.0041408923,Stroop,Stroop-107,N,
,,,,,,,,,,,,,,,,,,,,,escape,81.8456523455,2018_Feb_21_0950,60.0041408923,Stroop,Stroop-107,N,
