word,type,correct,ink,Practice.thisRepN,Practice.thisTrialN,Practice.thisN,Practice.thisIndex,trials.thisRepN,trials.thisTrialN,trials.thisN,trials.thisIndex,ready_to_continue.keys,ready_to_continue.rt,key_resp_2.keys,key_resp_2.rt,Response.keys,Response.corr,Response.rt,begin_exp.keys,begin_exp.rt,finished.keys,finished.rt,date,frameRate,expName,participant,condition,
,,,,,,,,,,,,r,31.1193821089,,,,,,,,,,2018_May_01_1040,60.0525292159,Stroop,Stroop-120,L,
,,,,,,,,,,,,,,r,6.26096318322,,,,,,,,2018_May_01_1040,60.0525292159,Stroop,Stroop-120,L,
RED,congruent,r,red,0,0,0,0,,,,,,,,,r,1,1.93196267762,,,,,2018_May_01_1040,60.0525292159,Stroop,Stroop-120,L,
RED,incongruent,b,blue,0,1,1,1,,,,,,,,,b,1,0.683208819339,,,,,2018_May_01_1040,60.0525292159,Stroop,Stroop-120,L,
XXXX,neutral,b,blue,0,2,2,5,,,,,,,,,b,1,0.76645617732,,,,,2018_May_01_1040,60.0525292159,Stroop,Stroop-120,L,
XXXX,neutral,r,red,0,3,3,4,,,,,,,,,r,1,0.400169711455,,,,,2018_May_01_1040,60.0525292159,Stroop,Stroop-120,L,
BLUE,incongruent,r,red,0,4,4,2,,,,,,,,,r,1,0.466762011505,,,,,2018_May_01_1040,60.0525292159,Stroop,Stroop-120,L,
BLUE,congruent,b,blue,0,5,5,3,,,,,,,,,b,1,0.500071066672,,,,,2018_May_01_1040,60.0525292159,Stroop,Stroop-120,L,
BLUE,congruent,b,blue,1,0,6,3,,,,,,,,,b,1,0.43338082897,,,,,2018_May_01_1040,60.0525292159,Stroop,Stroop-120,L,
RED,congruent,r,red,1,1,7,0,,,,,,,,,r,1,0.500042781429,,,,,2018_May_01_1040,60.0525292159,Stroop,Stroop-120,L,
XXXX,neutral,b,blue,1,2,8,5,,,,,,,,,b,1,0.383454193818,,,,,2018_May_01_1040,60.0525292159,Stroop,Stroop-120,L,
BLUE,incongruent,r,red,1,3,9,2,,,,,,,,,r,1,0.48349909664,,,,,2018_May_01_1040,60.0525292159,Stroop,Stroop-120,L,
XXXX,neutral,r,red,1,4,10,4,,,,,,,,,r,1,0.699505715387,,,,,2018_May_01_1040,60.0525292159,Stroop,Stroop-120,L,
RED,incongruent,b,blue,1,5,11,1,,,,,,,,,b,1,0.599931054721,,,,,2018_May_01_1040,60.0525292159,Stroop,Stroop-120,L,
,,,,,,,,,,,,,,,,,,,b,4.69582368394,,,2018_May_01_1040,60.0525292159,Stroop,Stroop-120,L,
XXXX,neutral,r,red,,,,,0,0,0,4,,,,,r,1,0.383552838601,,,,,2018_May_01_1040,60.0525292159,Stroop,Stroop-120,L,
BLUE,incongruent,r,red,,,,,0,1,1,2,,,,,r,1,0.383509703606,,,,,2018_May_01_1040,60.0525292159,Stroop,Stroop-120,L,
BLUE,congruent,b,blue,,,,,0,2,2,3,,,,,b,1,0.483368630959,,,,,2018_May_01_1040,60.0525292159,Stroop,Stroop-120,L,
RED,congruent,r,red,,,,,0,3,3,0,,,,,r,1,0.516702082147,,,,,2018_May_01_1040,60.0525292159,Stroop,Stroop-120,L,
BLUE,congruent,b,blue,,,,,0,4,4,3,,,,,b,1,0.366882930917,,,,,2018_May_01_1040,60.0525292159,Stroop,Stroop-120,L,
XXXX,neutral,b,blue,,,,,0,5,5,5,,,,,b,1,0.400157690227,,,,,2018_May_01_1040,60.0525292159,Stroop,Stroop-120,L,
RED,congruent,r,red,,,,,1,0,6,0,,,,,r,1,0.283607641258,,,,,2018_May_01_1040,60.0525292159,Stroop,Stroop-120,L,
BLUE,congruent,b,blue,,,,,1,1,7,3,,,,,b,1,0.316527067209,,,,,2018_May_01_1040,60.0525292159,Stroop,Stroop-120,L,
XXXX,neutral,r,red,,,,,1,2,8,4,,,,,r,1,0.416808151807,,,,,2018_May_01_1040,60.0525292159,Stroop,Stroop-120,L,
BLUE,incongruent,r,red,,,,,1,3,9,2,,,,,r,1,0.666525476164,,,,,2018_May_01_1040,60.0525292159,Stroop,Stroop-120,L,
BLUE,incongruent,r,red,,,,,1,4,10,2,,,,,r,1,0.599942368818,,,,,2018_May_01_1040,60.0525292159,Stroop,Stroop-120,L,
BLUE,incongruent,r,red,,,,,1,5,11,2,,,,,r,1,0.799756039783,,,,,2018_May_01_1040,60.0525292159,Stroop,Stroop-120,L,
RED,congruent,r,red,,,,,2,0,12,0,,,,,r,1,0.450109782098,,,,,2018_May_01_1040,60.0525292159,Stroop,Stroop-120,L,
XXXX,neutral,b,blue,,,,,2,1,13,5,,,,,b,1,0.383137045535,,,,,2018_May_01_1040,60.0525292159,Stroop,Stroop-120,L,
RED,incongruent,b,blue,,,,,2,2,14,1,,,,,b,1,0.250228580116,,,,,2018_May_01_1040,60.0525292159,Stroop,Stroop-120,L,
XXXX,neutral,r,red,,,,,2,3,15,4,,,,,r,1,0.416797544841,,,,,2018_May_01_1040,60.0525292159,Stroop,Stroop-120,L,
XXXX,neutral,r,red,,,,,2,4,16,4,,,,,r,1,0.649913906793,,,,,2018_May_01_1040,60.0525292159,Stroop,Stroop-120,L,
RED,congruent,r,red,,,,,2,5,17,0,,,,,r,1,0.41652070303,,,,,2018_May_01_1040,60.0525292159,Stroop,Stroop-120,L,
XXXX,neutral,r,red,,,,,3,0,18,4,,,,,r,1,0.350209841143,,,,,2018_May_01_1040,60.0525292159,Stroop,Stroop-120,L,
BLUE,congruent,b,blue,,,,,3,1,19,3,,,,,b,1,0.350185091556,,,,,2018_May_01_1040,60.0525292159,Stroop,Stroop-120,L,
RED,congruent,r,red,,,,,3,2,20,0,,,,,r,1,0.466743979663,,,,,2018_May_01_1040,60.0525292159,Stroop,Stroop-120,L,
RED,congruent,r,red,,,,,3,3,21,0,,,,,r,1,0.466759182981,,,,,2018_May_01_1040,60.0525292159,Stroop,Stroop-120,L,
BLUE,congruent,b,blue,,,,,3,4,22,3,,,,,b,1,0.416772088123,,,,,2018_May_01_1040,60.0525292159,Stroop,Stroop-120,L,
BLUE,incongruent,r,red,,,,,3,5,23,2,,,,,r,1,0.416809919634,,,,,2018_May_01_1040,60.0525292159,Stroop,Stroop-120,L,
RED,incongruent,b,blue,,,,,4,0,24,1,,,,,b,1,0.416432311647,,,,,2018_May_01_1040,60.0525292159,Stroop,Stroop-120,L,
BLUE,congruent,b,blue,,,,,4,1,25,3,,,,,b,1,0.433480888015,,,,,2018_May_01_1040,60.0525292159,Stroop,Stroop-120,L,
XXXX,neutral,r,red,,,,,4,2,26,4,,,,,r,1,0.350194637825,,,,,2018_May_01_1040,60.0525292159,Stroop,Stroop-120,L,
BLUE,incongruent,r,red,,,,,4,3,27,2,,,,,r,1,0.416797544841,,,,,2018_May_01_1040,60.0525292159,Stroop,Stroop-120,L,
XXXX,neutral,b,blue,,,,,4,4,28,5,,,,,b,1,0.350226812288,,,,,2018_May_01_1040,60.0525292159,Stroop,Stroop-120,L,
BLUE,incongruent,r,red,,,,,4,5,29,2,,,,,r,1,0.35023070151,,,,,2018_May_01_1040,60.0525292159,Stroop,Stroop-120,L,
BLUE,incongruent,r,red,,,,,5,0,30,2,,,,,r,1,0.366969200907,,,,,2018_May_01_1040,60.0525292159,Stroop,Stroop-120,L,
RED,incongruent,b,blue,,,,,5,1,31,1,,,,,b,1,0.28362885519,,,,,2018_May_01_1040,60.0525292159,Stroop,Stroop-120,L,
XXXX,neutral,r,red,,,,,5,2,32,4,,,,,r,1,0.316918464253,,,,,2018_May_01_1040,60.0525292159,Stroop,Stroop-120,L,
BLUE,congruent,b,blue,,,,,5,3,33,3,,,,,r,0,0.366862777682,,,,,2018_May_01_1040,60.0525292159,Stroop,Stroop-120,L,
BLUE,congruent,b,blue,,,,,5,4,34,3,,,,,b,1,0.582928795438,,,,,2018_May_01_1040,60.0525292159,Stroop,Stroop-120,L,
XXXX,neutral,b,blue,,,,,5,5,35,5,,,,,b,1,0.416813101725,,,,,2018_May_01_1040,60.0525292159,Stroop,Stroop-120,L,
XXXX,neutral,r,red,,,,,6,0,36,4,,,,,r,1,0.450115792712,,,,,2018_May_01_1040,60.0525292159,Stroop,Stroop-120,L,
RED,incongruent,b,blue,,,,,6,1,37,1,,,,,b,1,0.500044549257,,,,,2018_May_01_1040,60.0525292159,Stroop,Stroop-120,L,
XXXX,neutral,r,red,,,,,6,2,38,4,,,,,r,1,0.500044902823,,,,,2018_May_01_1040,60.0525292159,Stroop,Stroop-120,L,
XXXX,neutral,b,blue,,,,,6,3,39,5,,,,,b,1,0.383510764303,,,,,2018_May_01_1040,60.0525292159,Stroop,Stroop-120,L,
RED,congruent,r,red,,,,,6,4,40,0,,,,,r,1,0.366857474198,,,,,2018_May_01_1040,60.0525292159,Stroop,Stroop-120,L,
RED,incongruent,b,blue,,,,,6,5,41,1,,,,,b,1,0.433340522499,,,,,2018_May_01_1040,60.0525292159,Stroop,Stroop-120,L,
RED,incongruent,b,blue,,,,,7,0,42,1,,,,,b,1,0.449719445751,,,,,2018_May_01_1040,60.0525292159,Stroop,Stroop-120,L,
RED,incongruent,b,blue,,,,,7,1,43,1,,,,,b,1,0.350205598357,,,,,2018_May_01_1040,60.0525292159,Stroop,Stroop-120,L,
BLUE,incongruent,r,red,,,,,7,2,44,2,,,,,r,1,0.300256688576,,,,,2018_May_01_1040,60.0525292159,Stroop,Stroop-120,L,
XXXX,neutral,b,blue,,,,,7,3,45,5,,,,,b,1,0.516690060919,,,,,2018_May_01_1040,60.0525292159,Stroop,Stroop-120,L,
BLUE,congruent,b,blue,,,,,7,4,46,3,,,,,b,1,0.616582223432,,,,,2018_May_01_1040,60.0525292159,Stroop,Stroop-120,L,
RED,congruent,r,red,,,,,7,5,47,0,,,,,r,1,0.433555843908,,,,,2018_May_01_1040,60.0525292159,Stroop,Stroop-120,L,
BLUE,congruent,b,blue,,,,,8,0,48,3,,,,,b,1,0.316898311017,,,,,2018_May_01_1040,60.0525292159,Stroop,Stroop-120,L,
XXXX,neutral,b,blue,,,,,8,1,49,5,,,,,b,1,0.36682494617,,,,,2018_May_01_1040,60.0525292159,Stroop,Stroop-120,L,
BLUE,congruent,b,blue,,,,,8,2,50,3,,,,,b,1,0.433085601751,,,,,2018_May_01_1040,60.0525292159,Stroop,Stroop-120,L,
XXXX,neutral,r,red,,,,,8,3,51,4,,,,,r,1,0.516703142844,,,,,2018_May_01_1040,60.0525292159,Stroop,Stroop-120,L,
BLUE,incongruent,r,red,,,,,8,4,52,2,,,,,r,1,0.716510803195,,,,,2018_May_01_1040,60.0525292159,Stroop,Stroop-120,L,
BLUE,incongruent,r,red,,,,,8,5,53,2,,,,,r,1,0.666170849936,,,,,2018_May_01_1040,60.0525292159,Stroop,Stroop-120,L,
BLUE,incongruent,r,red,,,,,9,0,54,2,,,,,r,1,0.50004985274,,,,,2018_May_01_1040,60.0525292159,Stroop,Stroop-120,L,
XXXX,neutral,r,red,,,,,9,1,55,4,,,,,r,1,0.366856413502,,,,,2018_May_01_1040,60.0525292159,Stroop,Stroop-120,L,
RED,incongruent,b,blue,,,,,9,2,56,1,,,,,b,1,0.433023374217,,,,,2018_May_01_1040,60.0525292159,Stroop,Stroop-120,L,
XXXX,neutral,b,blue,,,,,9,3,57,5,,,,,b,1,0.333553368949,,,,,2018_May_01_1040,60.0525292159,Stroop,Stroop-120,L,
RED,congruent,r,red,,,,,9,4,58,0,,,,,r,1,0.599957572136,,,,,2018_May_01_1040,60.0525292159,Stroop,Stroop-120,L,
BLUE,incongruent,r,red,,,,,9,5,59,2,,,,,r,1,0.39978397146,,,,,2018_May_01_1040,60.0525292159,Stroop,Stroop-120,L,
XXXX,neutral,r,red,,,,,10,0,60,4,,,,,r,1,0.450115439146,,,,,2018_May_01_1040,60.0525292159,Stroop,Stroop-120,L,
BLUE,incongruent,r,red,,,,,10,1,61,2,,,,,r,1,0.533352190162,,,,,2018_May_01_1040,60.0525292159,Stroop,Stroop-120,L,
BLUE,congruent,b,blue,,,,,10,2,62,3,,,,,b,1,0.366847574364,,,,,2018_May_01_1040,60.0525292159,Stroop,Stroop-120,L,
BLUE,congruent,b,blue,,,,,10,3,63,3,,,,,b,1,0.749819504796,,,,,2018_May_01_1040,60.0525292159,Stroop,Stroop-120,L,
XXXX,neutral,b,blue,,,,,10,4,64,5,,,,,b,1,0.316896896755,,,,,2018_May_01_1040,60.0525292159,Stroop,Stroop-120,L,
BLUE,congruent,b,blue,,,,,10,5,65,3,,,,,b,1,0.483407523167,,,,,2018_May_01_1040,60.0525292159,Stroop,Stroop-120,L,
XXXX,neutral,b,blue,,,,,11,0,66,5,,,,,b,1,0.400286388081,,,,,2018_May_01_1040,60.0525292159,Stroop,Stroop-120,L,
RED,incongruent,b,blue,,,,,11,1,67,1,,,,,b,1,0.400150972482,,,,,2018_May_01_1040,60.0525292159,Stroop,Stroop-120,L,
BLUE,incongruent,r,red,,,,,11,2,68,2,,,,,r,1,0.433458966952,,,,,2018_May_01_1040,60.0525292159,Stroop,Stroop-120,L,
XXXX,neutral,r,red,,,,,11,3,69,4,,,,,r,1,0.316917757122,,,,,2018_May_01_1040,60.0525292159,Stroop,Stroop-120,L,
XXXX,neutral,b,blue,,,,,11,4,70,5,,,,,b,1,0.283634865804,,,,,2018_May_01_1040,60.0525292159,Stroop,Stroop-120,L,
XXXX,neutral,r,red,,,,,11,5,71,4,,,,,r,1,0.233648124512,,,,,2018_May_01_1040,60.0525292159,Stroop,Stroop-120,L,
BLUE,congruent,b,blue,,,,,12,0,72,3,,,,,b,1,0.48340257325,,,,,2018_May_01_1040,60.0525292159,Stroop,Stroop-120,L,
RED,incongruent,b,blue,,,,,12,1,73,1,,,,,b,1,0.483404694643,,,,,2018_May_01_1040,60.0525292159,Stroop,Stroop-120,L,
BLUE,congruent,b,blue,,,,,12,2,74,3,,,,,b,1,0.466762718636,,,,,2018_May_01_1040,60.0525292159,Stroop,Stroop-120,L,
XXXX,neutral,b,blue,,,,,12,3,75,5,,,,,b,1,0.483019308213,,,,,2018_May_01_1040,60.0525292159,Stroop,Stroop-120,L,
XXXX,neutral,b,blue,,,,,12,4,76,5,,,,,b,1,0.333584836281,,,,,2018_May_01_1040,60.0525292159,Stroop,Stroop-120,L,
RED,congruent,r,red,,,,,12,5,77,0,,,,,r,1,0.366851463584,,,,,2018_May_01_1040,60.0525292159,Stroop,Stroop-120,L,
RED,incongruent,b,blue,,,,,13,0,78,1,,,,,r,0,0.433432449538,,,,,2018_May_01_1040,60.0525292159,Stroop,Stroop-120,L,
XXXX,neutral,b,blue,,,,,13,1,79,5,,,,,b,1,1.31589772056,,,,,2018_May_01_1040,60.0525292159,Stroop,Stroop-120,L,
RED,congruent,r,red,,,,,13,2,80,0,,,,,r,1,0.433455784862,,,,,2018_May_01_1040,60.0525292159,Stroop,Stroop-120,L,
BLUE,congruent,b,blue,,,,,13,3,81,3,,,,,b,1,0.533367747045,,,,,2018_May_01_1040,60.0525292159,Stroop,Stroop-120,L,
XXXX,neutral,r,red,,,,,13,4,82,4,,,,,r,1,0.400160872317,,,,,2018_May_01_1040,60.0525292159,Stroop,Stroop-120,L,
BLUE,incongruent,r,red,,,,,13,5,83,2,,,,,r,1,0.383519957007,,,,,2018_May_01_1040,60.0525292159,Stroop,Stroop-120,L,
XXXX,neutral,b,blue,,,,,14,0,84,5,,,,,b,1,0.433466745394,,,,,2018_May_01_1040,60.0525292159,Stroop,Stroop-120,L,
XXXX,neutral,b,blue,,,,,14,1,85,5,,,,,b,1,0.616601315971,,,,,2018_May_01_1040,60.0525292159,Stroop,Stroop-120,L,
XXXX,neutral,r,red,,,,,14,2,86,4,,,,,r,1,0.533373050528,,,,,2018_May_01_1040,60.0525292159,Stroop,Stroop-120,L,
RED,congruent,r,red,,,,,14,3,87,0,,,,,r,1,0.699826752889,,,,,2018_May_01_1040,60.0525292159,Stroop,Stroop-120,L,
XXXX,neutral,r,red,,,,,14,4,88,4,,,,,r,1,0.616597073184,,,,,2018_May_01_1040,60.0525292159,Stroop,Stroop-120,L,
XXXX,neutral,r,red,,,,,14,5,89,4,,,,,r,1,0.566652759755,,,,,2018_May_01_1040,60.0525292159,Stroop,Stroop-120,L,
BLUE,incongruent,r,red,,,,,15,0,90,2,,,,,r,1,0.549644136292,,,,,2018_May_01_1040,60.0525292159,Stroop,Stroop-120,L,
RED,incongruent,b,blue,,,,,15,1,91,1,,,,,b,1,0.583270339741,,,,,2018_May_01_1040,60.0525292159,Stroop,Stroop-120,L,
BLUE,congruent,b,blue,,,,,15,2,92,3,,,,,b,1,0.633258495296,,,,,2018_May_01_1040,60.0525292159,Stroop,Stroop-120,L,
RED,congruent,r,red,,,,,15,3,93,0,,,,,r,1,0.583295796459,,,,,2018_May_01_1040,60.0525292159,Stroop,Stroop-120,L,
RED,congruent,r,red,,,,,15,4,94,0,,,,,r,1,0.532972107215,,,,,2018_May_01_1040,60.0525292159,Stroop,Stroop-120,L,
XXXX,neutral,b,blue,,,,,15,5,95,5,,,,,b,1,0.416822294428,,,,,2018_May_01_1040,60.0525292159,Stroop,Stroop-120,L,
RED,incongruent,b,blue,,,,,16,0,96,1,,,,,b,1,0.500055156223,,,,,2018_May_01_1040,60.0525292159,Stroop,Stroop-120,L,
RED,incongruent,b,blue,,,,,16,1,97,1,,,,,b,1,0.433467806091,,,,,2018_May_01_1040,60.0525292159,Stroop,Stroop-120,L,
XXXX,neutral,r,red,,,,,16,2,98,4,,,,,r,1,0.683221547698,,,,,2018_May_01_1040,60.0525292159,Stroop,Stroop-120,L,
RED,incongruent,b,blue,,,,,16,3,99,1,,,,,b,1,0.666177214116,,,,,2018_May_01_1040,60.0525292159,Stroop,Stroop-120,L,
XXXX,neutral,r,red,,,,,16,4,100,4,,,,,r,1,0.600128344288,,,,,2018_May_01_1040,60.0525292159,Stroop,Stroop-120,L,
XXXX,neutral,r,red,,,,,16,5,101,4,,,,,r,1,0.633257788164,,,,,2018_May_01_1040,60.0525292159,Stroop,Stroop-120,L,
XXXX,neutral,b,blue,,,,,17,0,102,5,,,,,b,1,0.400139304819,,,,,2018_May_01_1040,60.0525292159,Stroop,Stroop-120,L,
XXXX,neutral,r,red,,,,,17,1,103,4,,,,,r,1,0.333565743743,,,,,2018_May_01_1040,60.0525292159,Stroop,Stroop-120,L,
RED,incongruent,b,blue,,,,,17,2,104,1,,,,,b,1,0.633270516524,,,,,2018_May_01_1040,60.0525292159,Stroop,Stroop-120,L,
RED,congruent,r,red,,,,,17,3,105,0,,,,,r,1,0.916326595553,,,,,2018_May_01_1040,60.0525292159,Stroop,Stroop-120,L,
RED,congruent,r,red,,,,,17,4,106,0,,,,,r,1,0.666541033048,,,,,2018_May_01_1040,60.0525292159,Stroop,Stroop-120,L,
BLUE,incongruent,r,red,,,,,17,5,107,2,,,,,r,1,0.566659477501,,,,,2018_May_01_1040,60.0525292159,Stroop,Stroop-120,L,
RED,incongruent,b,blue,,,,,18,0,108,1,,,,,b,1,0.34983506168,,,,,2018_May_01_1040,60.0525292159,Stroop,Stroop-120,L,
RED,congruent,r,red,,,,,18,1,109,0,,,,,r,1,0.466761304374,,,,,2018_May_01_1040,60.0525292159,Stroop,Stroop-120,L,
XXXX,neutral,r,red,,,,,18,2,110,4,,,,,r,1,0.533349361638,,,,,2018_May_01_1040,60.0525292159,Stroop,Stroop-120,L,
RED,incongruent,b,blue,,,,,18,3,111,1,,,,,b,1,0.982925966913,,,,,2018_May_01_1040,60.0525292159,Stroop,Stroop-120,L,
XXXX,neutral,b,blue,,,,,18,4,112,5,,,,,b,1,0.483401866119,,,,,2018_May_01_1040,60.0525292159,Stroop,Stroop-120,L,
BLUE,incongruent,r,red,,,,,18,5,113,2,,,,,r,1,0.633272637917,,,,,2018_May_01_1040,60.0525292159,Stroop,Stroop-120,L,
RED,congruent,r,red,,,,,19,0,114,0,,,,,r,1,0.500060813271,,,,,2018_May_01_1040,60.0525292159,Stroop,Stroop-120,L,
BLUE,congruent,b,blue,,,,,19,1,115,3,,,,,b,1,0.46636990733,,,,,2018_May_01_1040,60.0525292159,Stroop,Stroop-120,L,
BLUE,incongruent,r,red,,,,,19,2,116,2,,,,,r,1,0.566246159394,,,,,2018_May_01_1040,60.0525292159,Stroop,Stroop-120,L,
XXXX,neutral,b,blue,,,,,19,3,117,5,,,,,b,1,0.666576743166,,,,,2018_May_01_1040,60.0525292159,Stroop,Stroop-120,L,
BLUE,congruent,b,blue,,,,,19,4,118,3,,,,,b,1,0.416816990945,,,,,2018_May_01_1040,60.0525292159,Stroop,Stroop-120,L,
XXXX,neutral,b,blue,,,,,19,5,119,5,,,,,b,1,0.46675211167,,,,,2018_May_01_1040,60.0525292159,Stroop,Stroop-120,L,
RED,congruent,r,red,,,,,20,0,120,0,,,,,r,1,0.466761304374,,,,,2018_May_01_1040,60.0525292159,Stroop,Stroop-120,L,
RED,incongruent,b,blue,,,,,20,1,121,1,,,,,b,1,0.433449774248,,,,,2018_May_01_1040,60.0525292159,Stroop,Stroop-120,L,
XXXX,neutral,b,blue,,,,,20,2,122,5,,,,,b,1,0.483412473085,,,,,2018_May_01_1040,60.0525292159,Stroop,Stroop-120,L,
RED,congruent,r,red,,,,,20,3,123,0,,,,,r,1,0.416807798241,,,,,2018_May_01_1040,60.0525292159,Stroop,Stroop-120,L,
RED,incongruent,b,blue,,,,,20,4,124,1,,,,,b,1,0.450106600008,,,,,2018_May_01_1040,60.0525292159,Stroop,Stroop-120,L,
RED,congruent,r,red,,,,,20,5,125,0,,,,,r,1,0.333571754357,,,,,2018_May_01_1040,60.0525292159,Stroop,Stroop-120,L,
BLUE,incongruent,r,red,,,,,21,0,126,2,,,,,r,1,0.450105539311,,,,,2018_May_01_1040,60.0525292159,Stroop,Stroop-120,L,
XXXX,neutral,b,blue,,,,,21,1,127,5,,,,,b,1,0.599570417879,,,,,2018_May_01_1040,60.0525292159,Stroop,Stroop-120,L,
RED,incongruent,b,blue,,,,,21,2,128,1,,,,,b,1,0.416664957766,,,,,2018_May_01_1040,60.0525292159,Stroop,Stroop-120,L,
BLUE,congruent,b,blue,,,,,21,3,129,3,,,,,b,1,0.516238557736,,,,,2018_May_01_1040,60.0525292159,Stroop,Stroop-120,L,
BLUE,congruent,b,blue,,,,,21,4,130,3,,,,,b,1,0.416730720955,,,,,2018_May_01_1040,60.0525292159,Stroop,Stroop-120,L,
BLUE,congruent,b,blue,,,,,21,5,131,3,,,,,b,1,0.400277548943,,,,,2018_May_01_1040,60.0525292159,Stroop,Stroop-120,L,
RED,congruent,r,red,,,,,22,0,132,0,,,,,r,1,0.433447652855,,,,,2018_May_01_1040,60.0525292159,Stroop,Stroop-120,L,
XXXX,neutral,r,red,,,,,22,1,133,4,,,,,r,1,0.483395855505,,,,,2018_May_01_1040,60.0525292159,Stroop,Stroop-120,L,
RED,incongruent,b,blue,,,,,22,2,134,1,,,,,b,1,0.483409998126,,,,,2018_May_01_1040,60.0525292159,Stroop,Stroop-120,L,
BLUE,congruent,b,blue,,,,,22,3,135,3,,,,,b,1,0.500054802657,,,,,2018_May_01_1040,60.0525292159,Stroop,Stroop-120,L,
BLUE,congruent,b,blue,,,,,22,4,136,3,,,,,b,1,0.46676165794,,,,,2018_May_01_1040,60.0525292159,Stroop,Stroop-120,L,
RED,incongruent,b,blue,,,,,22,5,137,1,,,,,r,0,0.582949655804,,,,,2018_May_01_1040,60.0525292159,Stroop,Stroop-120,L,
RED,incongruent,b,blue,,,,,23,0,138,1,,,,,b,1,0.666563661242,,,,,2018_May_01_1040,60.0525292159,Stroop,Stroop-120,L,
RED,congruent,r,red,,,,,23,1,139,0,,,,,r,1,0.649538773764,,,,,2018_May_01_1040,60.0525292159,Stroop,Stroop-120,L,
BLUE,incongruent,r,red,,,,,23,2,140,2,,,,,r,1,0.899689569463,,,,,2018_May_01_1040,60.0525292159,Stroop,Stroop-120,L,
RED,congruent,r,red,,,,,23,3,141,0,,,,,r,1,0.966271616113,,,,,2018_May_01_1040,60.0525292159,Stroop,Stroop-120,L,
BLUE,incongruent,r,red,,,,,23,4,142,2,,,,,r,1,0.383531978235,,,,,2018_May_01_1040,60.0525292159,Stroop,Stroop-120,L,
XXXX,neutral,r,red,,,,,23,5,143,4,,,,,r,1,0.383490964633,,,,,2018_May_01_1040,60.0525292159,Stroop,Stroop-120,L,
BLUE,incongruent,r,red,,,,,24,0,144,2,,,,,r,1,0.400144608303,,,,,2018_May_01_1040,60.0525292159,Stroop,Stroop-120,L,
RED,congruent,r,red,,,,,24,1,145,0,,,,,r,1,0.43347417027,,,,,2018_May_01_1040,60.0525292159,Stroop,Stroop-120,L,
BLUE,incongruent,r,red,,,,,24,2,146,2,,,,,r,1,0.400178550593,,,,,2018_May_01_1040,60.0525292159,Stroop,Stroop-120,L,
RED,incongruent,b,blue,,,,,24,3,147,1,,,,,b,1,0.366886113007,,,,,2018_May_01_1040,60.0525292159,Stroop,Stroop-120,L,
XXXX,neutral,b,blue,,,,,24,4,148,5,,,,,b,1,0.416805323283,,,,,2018_May_01_1040,60.0525292159,Stroop,Stroop-120,L,
XXXX,neutral,b,blue,,,,,24,5,149,5,,,,,b,1,0.450115439146,,,,,2018_May_01_1040,60.0525292159,Stroop,Stroop-120,L,
,,,,,,,,,,,,,,,,,,,,,escape,117.166456177,2018_May_01_1040,60.0525292159,Stroop,Stroop-120,L,
