word,type,correct,ink,Practice.thisRepN,Practice.thisTrialN,Practice.thisN,Practice.thisIndex,trials.thisRepN,trials.thisTrialN,trials.thisN,trials.thisIndex,ready_to_continue.keys,ready_to_continue.rt,key_resp_2.keys,key_resp_2.rt,Response.keys,Response.corr,Response.rt,begin_exp.keys,begin_exp.rt,finished.keys,finished.rt,date,frameRate,expName,participant,condition,
,,,,,,,,,,,,b,37.5000858244,,,,,,,,,,2018_May_10_1455,59.9919530517,Stroop,Stroop-128,N,
,,,,,,,,,,,,,,b,3.53385108742,,,,,,,,2018_May_10_1455,59.9919530517,Stroop,Stroop-128,N,
XXXX,neutral,b,blue,0,0,0,5,,,,,,,,,b,1,0.750553965494,,,,,2018_May_10_1455,59.9919530517,Stroop,Stroop-128,N,
BLUE,incongruent,r,red,0,1,1,2,,,,,,,,,r,1,0.784046713952,,,,,2018_May_10_1455,59.9919530517,Stroop,Stroop-128,N,
RED,congruent,r,red,0,2,2,0,,,,,,,,,r,1,0.583910244318,,,,,2018_May_10_1455,59.9919530517,Stroop,Stroop-128,N,
RED,incongruent,b,blue,0,3,3,1,,,,,,,,,b,1,0.333895468366,,,,,2018_May_10_1455,59.9919530517,Stroop,Stroop-128,N,
BLUE,congruent,b,blue,0,4,4,3,,,,,,,,,b,1,0.700529846185,,,,,2018_May_10_1455,59.9919530517,Stroop,Stroop-128,N,
XXXX,neutral,r,red,0,5,5,4,,,,,,,,,r,1,0.500551930483,,,,,2018_May_10_1455,59.9919530517,Stroop,Stroop-128,N,
BLUE,incongruent,r,red,1,0,6,2,,,,,,,,,r,1,0.550542781779,,,,,2018_May_10_1455,59.9919530517,Stroop,Stroop-128,N,
XXXX,neutral,b,blue,1,1,7,5,,,,,,,,,b,1,0.400532712897,,,,,2018_May_10_1455,59.9919530517,Stroop,Stroop-128,N,
RED,congruent,r,red,1,2,8,0,,,,,,,,,r,1,0.517248933566,,,,,2018_May_10_1455,59.9919530517,Stroop,Stroop-128,N,
RED,incongruent,b,blue,1,3,9,1,,,,,,,,,b,1,0.400562441759,,,,,2018_May_10_1455,59.9919530517,Stroop,Stroop-128,N,
BLUE,congruent,b,blue,1,4,10,3,,,,,,,,,b,1,0.53410944539,,,,,2018_May_10_1455,59.9919530517,Stroop,Stroop-128,N,
XXXX,neutral,r,red,1,5,11,4,,,,,,,,,r,1,0.41724033343,,,,,2018_May_10_1455,59.9919530517,Stroop,Stroop-128,N,
,,,,,,,,,,,,,,,,,,,b,3.81718448564,,,2018_May_10_1455,59.9919530517,Stroop,Stroop-128,N,
RED,incongruent,b,blue,,,,,0,0,0,1,,,,,b,1,0.433884603175,,,,,2018_May_10_1455,59.9919530517,Stroop,Stroop-128,N,
RED,congruent,r,red,,,,,0,1,1,0,,,,,r,1,0.450527811174,,,,,2018_May_10_1455,59.9919530517,Stroop,Stroop-128,N,
XXXX,neutral,r,red,,,,,0,2,2,4,,,,,r,1,0.400555717373,,,,,2018_May_10_1455,59.9919530517,Stroop,Stroop-128,N,
XXXX,neutral,r,red,,,,,0,3,3,4,,,,,r,1,0.400559256524,,,,,2018_May_10_1455,59.9919530517,Stroop,Stroop-128,N,
XXXX,neutral,b,blue,,,,,0,4,4,5,,,,,r,0,0.417247411731,,,,,2018_May_10_1455,59.9919530517,Stroop,Stroop-128,N,
BLUE,congruent,b,blue,,,,,0,5,5,3,,,,,b,1,0.317247305556,,,,,2018_May_10_1455,59.9919530517,Stroop,Stroop-128,N,
RED,incongruent,b,blue,,,,,1,0,6,1,,,,,b,1,0.733900493959,,,,,2018_May_10_1455,59.9919530517,Stroop,Stroop-128,N,
RED,congruent,r,red,,,,,1,1,7,0,,,,,r,1,0.367213028886,,,,,2018_May_10_1455,59.9919530517,Stroop,Stroop-128,N,
RED,congruent,r,red,,,,,1,2,8,0,,,,,r,1,0.517286094643,,,,,2018_May_10_1455,59.9919530517,Stroop,Stroop-128,N,
BLUE,congruent,b,blue,,,,,1,3,9,3,,,,,b,1,0.417292358939,,,,,2018_May_10_1455,59.9919530517,Stroop,Stroop-128,N,
BLUE,congruent,b,blue,,,,,1,4,10,3,,,,,b,1,0.46720393327,,,,,2018_May_10_1455,59.9919530517,Stroop,Stroop-128,N,
RED,congruent,r,red,,,,,1,5,11,0,,,,,r,1,0.41723608645,,,,,2018_May_10_1455,59.9919530517,Stroop,Stroop-128,N,
XXXX,neutral,b,blue,,,,,2,0,12,5,,,,,b,1,0.467243217838,,,,,2018_May_10_1455,59.9919530517,Stroop,Stroop-128,N,
BLUE,congruent,b,blue,,,,,2,1,13,3,,,,,b,1,0.50059050722,,,,,2018_May_10_1455,59.9919530517,Stroop,Stroop-128,N,
RED,incongruent,b,blue,,,,,2,2,14,1,,,,,r,0,0.483291848594,,,,,2018_May_10_1455,59.9919530517,Stroop,Stroop-128,N,
XXXX,neutral,r,red,,,,,2,3,15,4,,,,,r,1,0.533717661457,,,,,2018_May_10_1455,59.9919530517,Stroop,Stroop-128,N,
BLUE,congruent,b,blue,,,,,2,4,16,3,,,,,b,1,0.30056835214,,,,,2018_May_10_1455,59.9919530517,Stroop,Stroop-128,N,
RED,congruent,r,red,,,,,2,5,17,0,,,,,r,1,0.267234511528,,,,,2018_May_10_1455,59.9919530517,Stroop,Stroop-128,N,
RED,congruent,r,red,,,,,3,0,18,0,,,,,r,1,0.400589693216,,,,,2018_May_10_1455,59.9919530517,Stroop,Stroop-128,N,
BLUE,incongruent,r,red,,,,,3,1,19,2,,,,,r,1,0.400575536615,,,,,2018_May_10_1455,59.9919530517,Stroop,Stroop-128,N,
BLUE,incongruent,r,red,,,,,3,2,20,2,,,,,r,1,0.533913376466,,,,,2018_May_10_1455,59.9919530517,Stroop,Stroop-128,N,
RED,incongruent,b,blue,,,,,3,3,21,1,,,,,b,1,0.433897344115,,,,,2018_May_10_1455,59.9919530517,Stroop,Stroop-128,N,
RED,incongruent,b,blue,,,,,3,4,22,1,,,,,b,1,0.550537119139,,,,,2018_May_10_1455,59.9919530517,Stroop,Stroop-128,N,
BLUE,incongruent,r,red,,,,,3,5,23,2,,,,,r,1,0.583897149462,,,,,2018_May_10_1455,59.9919530517,Stroop,Stroop-128,N,
BLUE,incongruent,r,red,,,,,4,0,24,2,,,,,r,1,0.467254189204,,,,,2018_May_10_1455,59.9919530517,Stroop,Stroop-128,N,
BLUE,incongruent,r,red,,,,,4,1,25,2,,,,,r,1,0.500488933608,,,,,2018_May_10_1455,59.9919530517,Stroop,Stroop-128,N,
RED,congruent,r,red,,,,,4,2,26,0,,,,,r,1,0.500568564489,,,,,2018_May_10_1455,59.9919530517,Stroop,Stroop-128,N,
RED,incongruent,b,blue,,,,,4,3,27,1,,,,,b,1,0.334031017821,,,,,2018_May_10_1455,59.9919530517,Stroop,Stroop-128,N,
RED,congruent,r,red,,,,,4,4,28,0,,,,,b,0,0.400563149589,,,,,2018_May_10_1455,59.9919530517,Stroop,Stroop-128,N,
XXXX,neutral,r,red,,,,,4,5,29,4,,,,,r,1,0.517246102245,,,,,2018_May_10_1455,59.9919530517,Stroop,Stroop-128,N,
XXXX,neutral,r,red,,,,,5,0,30,4,,,,,r,1,0.33389086747,,,,,2018_May_10_1455,59.9919530517,Stroop,Stroop-128,N,
RED,congruent,r,red,,,,,5,1,31,0,,,,,r,1,0.36720347318,,,,,2018_May_10_1455,59.9919530517,Stroop,Stroop-128,N,
RED,incongruent,b,blue,,,,,5,2,32,1,,,,,b,1,0.317210498394,,,,,2018_May_10_1455,59.9919530517,Stroop,Stroop-128,N,
BLUE,incongruent,r,red,,,,,5,3,33,2,,,,,r,1,0.383897998858,,,,,2018_May_10_1455,59.9919530517,Stroop,Stroop-128,N,
XXXX,neutral,r,red,,,,,5,4,34,4,,,,,r,1,0.667203791704,,,,,2018_May_10_1455,59.9919530517,Stroop,Stroop-128,N,
BLUE,incongruent,r,red,,,,,5,5,35,2,,,,,r,1,0.467225876002,,,,,2018_May_10_1455,59.9919530517,Stroop,Stroop-128,N,
BLUE,congruent,b,blue,,,,,6,0,36,3,,,,,b,1,0.333900777091,,,,,2018_May_10_1455,59.9919530517,Stroop,Stroop-128,N,
RED,incongruent,b,blue,,,,,6,1,37,1,,,,,b,1,0.417228654235,,,,,2018_May_10_1455,59.9919530517,Stroop,Stroop-128,N,
RED,incongruent,b,blue,,,,,6,2,38,1,,,,,b,1,0.400548285158,,,,,2018_May_10_1455,59.9919530517,Stroop,Stroop-128,N,
XXXX,neutral,r,red,,,,,6,3,39,4,,,,,r,1,0.583908120828,,,,,2018_May_10_1455,59.9919530517,Stroop,Stroop-128,N,
XXXX,neutral,b,blue,,,,,6,4,40,5,,,,,b,1,0.533910899061,,,,,2018_May_10_1455,59.9919530517,Stroop,Stroop-128,N,
BLUE,incongruent,r,red,,,,,6,5,41,2,,,,,r,1,0.417207419333,,,,,2018_May_10_1455,59.9919530517,Stroop,Stroop-128,N,
XXXX,neutral,r,red,,,,,7,0,42,4,,,,,r,1,0.400572705295,,,,,2018_May_10_1455,59.9919530517,Stroop,Stroop-128,N,
RED,congruent,r,red,,,,,7,1,43,0,,,,,r,1,0.250550957216,,,,,2018_May_10_1455,59.9919530517,Stroop,Stroop-128,N,
XXXX,neutral,b,blue,,,,,7,2,44,5,,,,,b,1,0.367215152376,,,,,2018_May_10_1455,59.9919530517,Stroop,Stroop-128,N,
BLUE,congruent,b,blue,,,,,7,3,45,3,,,,,b,1,0.61724196144,,,,,2018_May_10_1455,59.9919530517,Stroop,Stroop-128,N,
RED,incongruent,b,blue,,,,,7,4,46,1,,,,,b,1,0.367211259311,,,,,2018_May_10_1455,59.9919530517,Stroop,Stroop-128,N,
XXXX,neutral,b,blue,,,,,7,5,47,5,,,,,b,1,0.350574775698,,,,,2018_May_10_1455,59.9919530517,Stroop,Stroop-128,N,
XXXX,neutral,r,red,,,,,8,0,48,4,,,,,r,1,0.450571696637,,,,,2018_May_10_1455,59.9919530517,Stroop,Stroop-128,N,
BLUE,congruent,b,blue,,,,,8,1,49,3,,,,,b,1,0.717234635399,,,,,2018_May_10_1455,59.9919530517,Stroop,Stroop-128,N,
RED,congruent,r,red,,,,,8,2,50,0,,,,,r,1,0.383908970224,,,,,2018_May_10_1455,59.9919530517,Stroop,Stroop-128,N,
BLUE,incongruent,r,red,,,,,8,3,51,2,,,,,r,1,0.617222850028,,,,,2018_May_10_1455,59.9919530517,Stroop,Stroop-128,N,
RED,incongruent,b,blue,,,,,8,4,52,1,,,,,b,1,0.267222124502,,,,,2018_May_10_1455,59.9919530517,Stroop,Stroop-128,N,
BLUE,incongruent,r,red,,,,,8,5,53,2,,,,,r,1,0.267229556718,,,,,2018_May_10_1455,59.9919530517,Stroop,Stroop-128,N,
BLUE,incongruent,r,red,,,,,9,0,54,2,,,,,r,1,0.566834198243,,,,,2018_May_10_1455,59.9919530517,Stroop,Stroop-128,N,
XXXX,neutral,r,red,,,,,9,1,55,4,,,,,r,1,0.417223699424,,,,,2018_May_10_1455,59.9919530517,Stroop,Stroop-128,N,
BLUE,congruent,b,blue,,,,,9,2,56,3,,,,,b,1,0.317210144479,,,,,2018_May_10_1455,59.9919530517,Stroop,Stroop-128,N,
BLUE,congruent,b,blue,,,,,9,3,57,3,,,,,b,1,0.35068413544,,,,,2018_May_10_1455,59.9919530517,Stroop,Stroop-128,N,
BLUE,incongruent,r,red,,,,,9,4,58,2,,,,,r,1,0.333888390065,,,,,2018_May_10_1455,59.9919530517,Stroop,Stroop-128,N,
XXXX,neutral,r,red,,,,,9,5,59,4,,,,,r,1,0.400462991637,,,,,2018_May_10_1455,59.9919530517,Stroop,Stroop-128,N,
BLUE,congruent,b,blue,,,,,10,0,60,3,,,,,b,1,0.450204686755,,,,,2018_May_10_1455,59.9919530517,Stroop,Stroop-128,N,
XXXX,neutral,r,red,,,,,10,1,61,4,,,,,r,1,0.483902705928,,,,,2018_May_10_1455,59.9919530517,Stroop,Stroop-128,N,
XXXX,neutral,r,red,,,,,10,2,62,4,,,,,r,1,0.450562494846,,,,,2018_May_10_1455,59.9919530517,Stroop,Stroop-128,N,
RED,incongruent,b,blue,,,,,10,3,63,1,,,,,b,1,0.350567343482,,,,,2018_May_10_1455,59.9919530517,Stroop,Stroop-128,N,
XXXX,neutral,r,red,,,,,10,4,64,4,,,,,r,1,0.467217028126,,,,,2018_May_10_1455,59.9919530517,Stroop,Stroop-128,N,
XXXX,neutral,r,red,,,,,10,5,65,4,,,,,r,1,0.517241855265,,,,,2018_May_10_1455,59.9919530517,Stroop,Stroop-128,N,
XXXX,neutral,b,blue,,,,,11,0,66,5,,,,,b,1,0.283453375411,,,,,2018_May_10_1455,59.9919530517,Stroop,Stroop-128,N,
XXXX,neutral,r,red,,,,,11,1,67,4,,,,,r,1,0.367214090631,,,,,2018_May_10_1455,59.9919530517,Stroop,Stroop-128,N,
BLUE,congruent,b,blue,,,,,11,2,68,3,,,,,b,1,0.367260807415,,,,,2018_May_10_1455,59.9919530517,Stroop,Stroop-128,N,
BLUE,congruent,b,blue,,,,,11,3,69,3,,,,,b,1,0.383889504898,,,,,2018_May_10_1455,59.9919530517,Stroop,Stroop-128,N,
BLUE,congruent,b,blue,,,,,11,4,70,3,,,,,b,1,0.400575536615,,,,,2018_May_10_1455,59.9919530517,Stroop,Stroop-128,N,
BLUE,incongruent,r,red,,,,,11,5,71,2,,,,,r,1,0.333893698791,,,,,2018_May_10_1455,59.9919530517,Stroop,Stroop-128,N,
RED,incongruent,b,blue,,,,,12,0,72,1,,,,,b,1,0.467305860797,,,,,2018_May_10_1455,59.9919530517,Stroop,Stroop-128,N,
XXXX,neutral,r,red,,,,,12,1,73,4,,,,,r,1,0.333878480445,,,,,2018_May_10_1455,59.9919530517,Stroop,Stroop-128,N,
XXXX,neutral,b,blue,,,,,12,2,74,5,,,,,b,1,0.317213329714,,,,,2018_May_10_1455,59.9919530517,Stroop,Stroop-128,N,
XXXX,neutral,b,blue,,,,,12,3,75,5,,,,,b,1,0.333876356954,,,,,2018_May_10_1455,59.9919530517,Stroop,Stroop-128,N,
XXXX,neutral,b,blue,,,,,12,4,76,5,,,,,b,1,0.367217629782,,,,,2018_May_10_1455,59.9919530517,Stroop,Stroop-128,N,
BLUE,congruent,b,blue,,,,,12,5,77,3,,,,,b,1,0.333905024072,,,,,2018_May_10_1455,59.9919530517,Stroop,Stroop-128,N,
RED,congruent,r,red,,,,,13,0,78,0,,,,,r,1,0.267229202803,,,,,2018_May_10_1455,59.9919530517,Stroop,Stroop-128,N,
BLUE,incongruent,r,red,,,,,13,1,79,2,,,,,r,1,0.317212975799,,,,,2018_May_10_1455,59.9919530517,Stroop,Stroop-128,N,
XXXX,neutral,b,blue,,,,,13,2,80,5,,,,,b,1,0.383871101316,,,,,2018_May_10_1455,59.9919530517,Stroop,Stroop-128,N,
XXXX,neutral,b,blue,,,,,13,3,81,5,,,,,b,1,0.350556018201,,,,,2018_May_10_1455,59.9919530517,Stroop,Stroop-128,N,
RED,incongruent,b,blue,,,,,13,4,82,1,,,,,b,1,0.350558495606,,,,,2018_May_10_1455,59.9919530517,Stroop,Stroop-128,N,
XXXX,neutral,b,blue,,,,,13,5,83,5,,,,,b,1,0.3172342107,,,,,2018_May_10_1455,59.9919530517,Stroop,Stroop-128,N,
RED,incongruent,b,blue,,,,,14,0,84,1,,,,,b,1,0.333895822281,,,,,2018_May_10_1455,59.9919530517,Stroop,Stroop-128,N,
XXXX,neutral,r,red,,,,,14,1,85,4,,,,,r,1,0.300547825068,,,,,2018_May_10_1455,59.9919530517,Stroop,Stroop-128,N,
BLUE,congruent,b,blue,,,,,14,2,86,3,,,,,b,1,0.317214745374,,,,,2018_May_10_1455,59.9919530517,Stroop,Stroop-128,N,
RED,incongruent,b,blue,,,,,14,3,87,1,,,,,b,1,0.334039865696,,,,,2018_May_10_1455,59.9919530517,Stroop,Stroop-128,N,
BLUE,congruent,b,blue,,,,,14,4,88,3,,,,,b,1,0.350553186881,,,,,2018_May_10_1455,59.9919530517,Stroop,Stroop-128,N,
BLUE,incongruent,r,red,,,,,14,5,89,2,,,,,r,1,0.333911394542,,,,,2018_May_10_1455,59.9919530517,Stroop,Stroop-128,N,
XXXX,neutral,r,red,,,,,15,0,90,4,,,,,r,1,0.350579022678,,,,,2018_May_10_1455,59.9919530517,Stroop,Stroop-128,N,
BLUE,incongruent,r,red,,,,,15,1,91,2,,,,,r,1,0.467229061237,,,,,2018_May_10_1455,59.9919530517,Stroop,Stroop-128,N,
XXXX,neutral,b,blue,,,,,15,2,92,5,,,,,b,1,0.28391735801,,,,,2018_May_10_1455,59.9919530517,Stroop,Stroop-128,N,
RED,congruent,r,red,,,,,15,3,93,0,,,,,r,1,0.366713654785,,,,,2018_May_10_1455,59.9919530517,Stroop,Stroop-128,N,
XXXX,neutral,b,blue,,,,,15,4,94,5,,,,,b,1,0.317218284524,,,,,2018_May_10_1455,59.9919530517,Stroop,Stroop-128,N,
XXXX,neutral,b,blue,,,,,15,5,95,5,,,,,b,1,0.417245288241,,,,,2018_May_10_1455,59.9919530517,Stroop,Stroop-128,N,
BLUE,incongruent,r,red,,,,,16,0,96,2,,,,,b,0,0.300564812989,,,,,2018_May_10_1455,59.9919530517,Stroop,Stroop-128,N,
XXXX,neutral,r,red,,,,,16,1,97,4,,,,,r,1,0.41689597411,,,,,2018_May_10_1455,59.9919530517,Stroop,Stroop-128,N,
RED,incongruent,b,blue,,,,,16,2,98,1,,,,,b,1,0.300460054142,,,,,2018_May_10_1455,59.9919530517,Stroop,Stroop-128,N,
RED,incongruent,b,blue,,,,,16,3,99,1,,,,,b,1,0.850753325828,,,,,2018_May_10_1455,59.9919530517,Stroop,Stroop-128,N,
XXXX,neutral,b,blue,,,,,16,4,100,5,,,,,b,1,0.350570174802,,,,,2018_May_10_1455,59.9919530517,Stroop,Stroop-128,N,
XXXX,neutral,b,blue,,,,,16,5,101,5,,,,,b,1,0.333892990961,,,,,2018_May_10_1455,59.9919530517,Stroop,Stroop-128,N,
RED,incongruent,b,blue,,,,,17,0,102,1,,,,,r,0,0.300556319029,,,,,2018_May_10_1455,59.9919530517,Stroop,Stroop-128,N,
BLUE,congruent,b,blue,,,,,17,1,103,3,,,,,b,1,0.450096388757,,,,,2018_May_10_1455,59.9919530517,Stroop,Stroop-128,N,
BLUE,congruent,b,blue,,,,,17,2,104,3,,,,,b,1,0.517219204703,,,,,2018_May_10_1455,59.9919530517,Stroop,Stroop-128,N,
RED,congruent,r,red,,,,,17,3,105,0,,,,,r,1,0.333891221385,,,,,2018_May_10_1455,59.9919530517,Stroop,Stroop-128,N,
BLUE,incongruent,r,red,,,,,17,4,106,2,,,,,r,1,0.433906899821,,,,,2018_May_10_1455,59.9919530517,Stroop,Stroop-128,N,
RED,incongruent,b,blue,,,,,17,5,107,1,,,,,b,1,0.283913464945,,,,,2018_May_10_1455,59.9919530517,Stroop,Stroop-128,N,
BLUE,congruent,b,blue,,,,,18,0,108,3,,,,,b,1,0.367230016807,,,,,2018_May_10_1455,59.9919530517,Stroop,Stroop-128,N,
RED,incongruent,b,blue,,,,,18,1,109,1,,,,,b,1,0.433885311005,,,,,2018_May_10_1455,59.9919530517,Stroop,Stroop-128,N,
BLUE,congruent,b,blue,,,,,18,2,110,3,,,,,b,1,0.633895079059,,,,,2018_May_10_1455,59.9919530517,Stroop,Stroop-128,N,
BLUE,incongruent,r,red,,,,,18,3,111,2,,,,,r,1,0.400536959877,,,,,2018_May_10_1455,59.9919530517,Stroop,Stroop-128,N,
XXXX,neutral,b,blue,,,,,18,4,112,5,,,,,b,1,0.31723137938,,,,,2018_May_10_1455,59.9919530517,Stroop,Stroop-128,N,
RED,congruent,r,red,,,,,18,5,113,0,,,,,r,1,1.01720274765,,,,,2018_May_10_1455,59.9919530517,Stroop,Stroop-128,N,
RED,congruent,r,red,,,,,19,0,114,0,,,,,r,1,0.417236440365,,,,,2018_May_10_1455,59.9919530517,Stroop,Stroop-128,N,
XXXX,neutral,r,red,,,,,19,1,115,4,,,,,r,1,0.400648797025,,,,,2018_May_10_1455,59.9919530517,Stroop,Stroop-128,N,
BLUE,incongruent,r,red,,,,,19,2,116,2,,,,,r,1,0.383884904002,,,,,2018_May_10_1455,59.9919530517,Stroop,Stroop-128,N,
RED,incongruent,b,blue,,,,,19,3,117,1,,,,,b,1,0.383890920558,,,,,2018_May_10_1455,59.9919530517,Stroop,Stroop-128,N,
RED,congruent,r,red,,,,,19,4,118,0,,,,,r,1,0.417216621124,,,,,2018_May_10_1455,59.9919530517,Stroop,Stroop-128,N,
RED,congruent,r,red,,,,,19,5,119,0,,,,,r,1,0.350550001646,,,,,2018_May_10_1455,59.9919530517,Stroop,Stroop-128,N,
BLUE,congruent,b,blue,,,,,20,0,120,3,,,,,b,1,0.383894459708,,,,,2018_May_10_1455,59.9919530517,Stroop,Stroop-128,N,
BLUE,incongruent,r,red,,,,,20,1,121,2,,,,,r,1,0.383905784989,,,,,2018_May_10_1455,59.9919530517,Stroop,Stroop-128,N,
XXXX,neutral,r,red,,,,,20,2,122,4,,,,,r,1,0.383908970224,,,,,2018_May_10_1455,59.9919530517,Stroop,Stroop-128,N,
RED,incongruent,b,blue,,,,,20,3,123,1,,,,,b,1,0.2839124032,,,,,2018_May_10_1455,59.9919530517,Stroop,Stroop-128,N,
BLUE,incongruent,r,red,,,,,20,4,124,2,,,,,r,1,0.667233520566,,,,,2018_May_10_1455,59.9919530517,Stroop,Stroop-128,N,
RED,congruent,r,red,,,,,20,5,125,0,,,,,r,1,0.400559964354,,,,,2018_May_10_1455,59.9919530517,Stroop,Stroop-128,N,
BLUE,incongruent,r,red,,,,,21,0,126,2,,,,,r,1,0.350563804332,,,,,2018_May_10_1455,59.9919530517,Stroop,Stroop-128,N,
XXXX,neutral,r,red,,,,,21,1,127,4,,,,,r,1,0.350556726031,,,,,2018_May_10_1455,59.9919530517,Stroop,Stroop-128,N,
RED,congruent,r,red,,,,,21,2,128,0,,,,,r,1,0.350555664286,,,,,2018_May_10_1455,59.9919530517,Stroop,Stroop-128,N,
RED,congruent,r,red,,,,,21,3,129,0,,,,,r,1,0.500549453077,,,,,2018_May_10_1455,59.9919530517,Stroop,Stroop-128,N,
RED,incongruent,b,blue,,,,,21,4,130,1,,,,,b,1,0.333902546666,,,,,2018_May_10_1455,59.9919530517,Stroop,Stroop-128,N,
RED,congruent,r,red,,,,,21,5,131,0,,,,,r,1,0.350552832966,,,,,2018_May_10_1455,59.9919530517,Stroop,Stroop-128,N,
RED,congruent,r,red,,,,,22,0,132,0,,,,,r,1,0.317233148955,,,,,2018_May_10_1455,59.9919530517,Stroop,Stroop-128,N,
BLUE,congruent,b,blue,,,,,22,1,133,3,,,,,b,1,0.350545754665,,,,,2018_May_10_1455,59.9919530517,Stroop,Stroop-128,N,
XXXX,neutral,b,blue,,,,,22,2,134,5,,,,,b,1,0.55055198357,,,,,2018_May_10_1455,59.9919530517,Stroop,Stroop-128,N,
BLUE,incongruent,r,red,,,,,22,3,135,2,,,,,r,1,0.433899821521,,,,,2018_May_10_1455,59.9919530517,Stroop,Stroop-128,N,
RED,congruent,r,red,,,,,22,4,136,0,,,,,r,1,0.383961703563,,,,,2018_May_10_1455,59.9919530517,Stroop,Stroop-128,N,
BLUE,congruent,b,blue,,,,,22,5,137,3,,,,,b,1,0.417219806359,,,,,2018_May_10_1455,59.9919530517,Stroop,Stroop-128,N,
XXXX,neutral,b,blue,,,,,23,0,138,5,,,,,b,1,1.21721074613,,,,,2018_May_10_1455,59.9919530517,Stroop,Stroop-128,N,
BLUE,incongruent,r,red,,,,,23,1,139,2,,,,,r,1,0.467224106427,,,,,2018_May_10_1455,59.9919530517,Stroop,Stroop-128,N,
XXXX,neutral,r,red,,,,,23,2,140,4,,,,,r,1,0.433924241657,,,,,2018_May_10_1455,59.9919530517,Stroop,Stroop-128,N,
RED,incongruent,b,blue,,,,,23,3,141,1,,,,,b,1,0.250580686078,,,,,2018_May_10_1455,59.9919530517,Stroop,Stroop-128,N,
XXXX,neutral,r,red,,,,,23,4,142,4,,,,,r,1,0.367220815017,,,,,2018_May_10_1455,59.9919530517,Stroop,Stroop-128,N,
XXXX,neutral,b,blue,,,,,23,5,143,5,,,,,b,1,0.467232246472,,,,,2018_May_10_1455,59.9919530517,Stroop,Stroop-128,N,
BLUE,congruent,b,blue,,,,,24,0,144,3,,,,,b,1,0.349830492398,,,,,2018_May_10_1455,59.9919530517,Stroop,Stroop-128,N,
RED,congruent,r,red,,,,,24,1,145,0,,,,,r,1,0.367235325533,,,,,2018_May_10_1455,59.9919530517,Stroop,Stroop-128,N,
XXXX,neutral,b,blue,,,,,24,2,146,5,,,,,b,1,0.617223203943,,,,,2018_May_10_1455,59.9919530517,Stroop,Stroop-128,N,
XXXX,neutral,b,blue,,,,,24,3,147,5,,,,,b,1,0.283908510135,,,,,2018_May_10_1455,59.9919530517,Stroop,Stroop-128,N,
XXXX,neutral,b,blue,,,,,24,4,148,5,,,,,b,1,0.417219098529,,,,,2018_May_10_1455,59.9919530517,Stroop,Stroop-128,N,
XXXX,neutral,b,blue,,,,,24,5,149,5,,,,,b,1,0.35060804371,,,,,2018_May_10_1455,59.9919530517,Stroop,Stroop-128,N,
,,,,,,,,,,,,,,,,,,,,,space,8.11716463101,2018_May_10_1455,59.9919530517,Stroop,Stroop-128,N,
