word,type,correct,ink,Practice.thisRepN,Practice.thisTrialN,Practice.thisN,Practice.thisIndex,trials.thisRepN,trials.thisTrialN,trials.thisN,trials.thisIndex,ready_to_continue.keys,ready_to_continue.rt,key_resp_2.keys,key_resp_2.rt,Response.keys,Response.corr,Response.rt,begin_exp.keys,begin_exp.rt,finished.keys,finished.rt,date,frameRate,expName,participant,condition,
,,,,,,,,,,,,r,1065.73112488,,,,,,,,,,2017_Nov_20_1539,84.9964739355,Stroop,121,L,
,,,,,,,,,,,,,,r,6.89769887924,,,,,,,,2017_Nov_20_1539,84.9964739355,Stroop,121,L,
RED,incongruent,b,blue,0,0,0,1,,,,,,,,,b,1,2.49551296234,,,,,2017_Nov_20_1539,84.9964739355,Stroop,121,L,
XXXX,neutral,r,red,0,1,1,4,,,,,,,,,r,1,1.02427506447,,,,,2017_Nov_20_1539,84.9964739355,Stroop,121,L,
RED,congruent,r,red,0,2,2,0,,,,,,,,,r,1,0.659418821335,,,,,2017_Nov_20_1539,84.9964739355,Stroop,121,L,
XXXX,neutral,b,blue,0,3,3,5,,,,,,,,,b,1,0.494630813599,,,,,2017_Nov_20_1539,84.9964739355,Stroop,121,L,
BLUE,congruent,b,blue,0,4,4,3,,,,,,,,,b,1,0.612373113632,,,,,2017_Nov_20_1539,84.9964739355,Stroop,121,L,
BLUE,incongruent,r,red,0,5,5,2,,,,,,,,,r,1,1.09489893913,,,,,2017_Nov_20_1539,84.9964739355,Stroop,121,L,
RED,incongruent,b,blue,1,0,6,1,,,,,,,,,b,1,1.82468700409,,,,,2017_Nov_20_1539,84.9964739355,Stroop,121,L,
BLUE,congruent,b,blue,1,1,7,3,,,,,,,,,b,1,0.894769906998,,,,,2017_Nov_20_1539,84.9964739355,Stroop,121,L,
XXXX,neutral,b,blue,1,2,8,5,,,,,,,,,b,1,0.659826040268,,,,,2017_Nov_20_1539,84.9964739355,Stroop,121,L,
XXXX,neutral,r,red,1,3,9,4,,,,,,,,,r,1,0.777087926865,,,,,2017_Nov_20_1539,84.9964739355,Stroop,121,L,
BLUE,incongruent,r,red,1,4,10,2,,,,,,,,,r,1,1.25963997841,,,,,2017_Nov_20_1539,84.9964739355,Stroop,121,L,
RED,congruent,r,red,1,5,11,0,,,,,,,,,r,1,1.2597360611,,,,,2017_Nov_20_1539,84.9964739355,Stroop,121,L,
,,,,,,,,,,,,,,,,,,,r,8.93413901329,,,2017_Nov_20_1539,84.9964739355,Stroop,121,L,
RED,congruent,r,red,,,,,0,0,0,0,,,,,r,1,1.00073814392,,,,,2017_Nov_20_1539,84.9964739355,Stroop,121,L,
BLUE,incongruent,r,red,,,,,0,1,1,2,,,,,r,1,1.44801306725,,,,,2017_Nov_20_1539,84.9964739355,Stroop,121,L,
RED,incongruent,b,blue,,,,,0,2,2,1,,,,,b,1,1.23616600037,,,,,2017_Nov_20_1539,84.9964739355,Stroop,121,L,
BLUE,congruent,b,blue,,,,,0,3,3,3,,,,,b,1,2.86049795151,,,,,2017_Nov_20_1539,84.9964739355,Stroop,121,L,
RED,incongruent,b,blue,,,,,0,4,4,1,,,,,b,1,1.27150607109,,,,,2017_Nov_20_1539,84.9964739355,Stroop,121,L,
RED,incongruent,b,blue,,,,,0,5,5,1,,,,,b,1,1.15370392799,,,,,2017_Nov_20_1539,84.9964739355,Stroop,121,L,
RED,incongruent,b,blue,,,,,1,0,6,1,,,,,b,1,1.27128219604,,,,,2017_Nov_20_1539,84.9964739355,Stroop,121,L,
RED,congruent,r,red,,,,,1,1,7,0,,,,,r,1,1.48331093788,,,,,2017_Nov_20_1539,84.9964739355,Stroop,121,L,
XXXX,neutral,r,red,,,,,1,2,8,4,,,,,r,1,0.56525182724,,,,,2017_Nov_20_1539,84.9964739355,Stroop,121,L,
BLUE,incongruent,r,red,,,,,1,3,9,2,,,,,r,1,0.683033943176,,,,,2017_Nov_20_1539,84.9964739355,Stroop,121,L,
XXXX,neutral,b,blue,,,,,1,4,10,5,,,,,b,1,1.55394911766,,,,,2017_Nov_20_1539,84.9964739355,Stroop,121,L,
XXXX,neutral,b,blue,,,,,1,5,11,5,,,,,b,1,0.835945129395,,,,,2017_Nov_20_1539,84.9964739355,Stroop,121,L,
BLUE,incongruent,r,red,,,,,2,0,12,2,,,,,r,1,1.4244761467,,,,,2017_Nov_20_1539,84.9964739355,Stroop,121,L,
XXXX,neutral,b,blue,,,,,2,1,13,5,,,,,b,1,0.74182009697,,,,,2017_Nov_20_1539,84.9964739355,Stroop,121,L,
BLUE,congruent,b,blue,,,,,2,2,14,3,,,,,b,1,0.76548910141,,,,,2017_Nov_20_1539,84.9964739355,Stroop,121,L,
BLUE,incongruent,r,red,,,,,2,3,15,2,,,,,r,1,0.988964080811,,,,,2017_Nov_20_1539,84.9964739355,Stroop,121,L,
XXXX,neutral,r,red,,,,,2,4,16,4,,,,,r,1,0.941849946976,,,,,2017_Nov_20_1539,84.9964739355,Stroop,121,L,
XXXX,neutral,b,blue,,,,,2,5,17,5,,,,,b,1,0.541631937027,,,,,2017_Nov_20_1539,84.9964739355,Stroop,121,L,
RED,congruent,r,red,,,,,3,0,18,0,,,,,r,1,0.930148839951,,,,,2017_Nov_20_1539,84.9964739355,Stroop,121,L,
XXXX,neutral,b,blue,,,,,3,1,19,5,,,,,b,1,0.471117973328,,,,,2017_Nov_20_1539,84.9964739355,Stroop,121,L,
XXXX,neutral,b,blue,,,,,3,2,20,5,,,,,b,1,0.729956150055,,,,,2017_Nov_20_1539,84.9964739355,Stroop,121,L,
BLUE,incongruent,r,red,,,,,3,3,21,2,,,,,r,1,1.15374898911,,,,,2017_Nov_20_1539,84.9964739355,Stroop,121,L,
BLUE,incongruent,r,red,,,,,3,4,22,2,,,,,r,1,0.977221012115,,,,,2017_Nov_20_1539,84.9964739355,Stroop,121,L,
BLUE,incongruent,r,red,,,,,3,5,23,2,,,,,r,1,0.94185590744,,,,,2017_Nov_20_1539,84.9964739355,Stroop,121,L,
BLUE,incongruent,r,red,,,,,4,0,24,2,,,,,r,1,0.694694042206,,,,,2017_Nov_20_1539,84.9964739355,Stroop,121,L,
XXXX,neutral,r,red,,,,,4,1,25,4,,,,,r,1,0.753625869751,,,,,2017_Nov_20_1539,84.9964739355,Stroop,121,L,
BLUE,congruent,b,blue,,,,,4,2,26,3,,,,,b,1,0.824165821075,,,,,2017_Nov_20_1539,84.9964739355,Stroop,121,L,
XXXX,neutral,b,blue,,,,,4,3,27,5,,,,,b,1,0.68293595314,,,,,2017_Nov_20_1539,84.9964739355,Stroop,121,L,
BLUE,congruent,b,blue,,,,,4,4,28,3,,,,,b,1,3.4725561142,,,,,2017_Nov_20_1539,84.9964739355,Stroop,121,L,
RED,incongruent,b,blue,,,,,4,5,29,1,,,,,b,1,0.965377092361,,,,,2017_Nov_20_1539,84.9964739355,Stroop,121,L,
BLUE,incongruent,r,red,,,,,5,0,30,2,,,,,r,1,1.05961084366,,,,,2017_Nov_20_1539,84.9964739355,Stroop,121,L,
BLUE,incongruent,r,red,,,,,5,1,31,2,,,,,r,1,0.906636953354,,,,,2017_Nov_20_1539,84.9964739355,Stroop,121,L,
RED,incongruent,b,blue,,,,,5,2,32,1,,,,,b,1,1.48329615593,,,,,2017_Nov_20_1539,84.9964739355,Stroop,121,L,
RED,congruent,r,red,,,,,5,3,33,0,,,,,r,1,1.71876096725,,,,,2017_Nov_20_1539,84.9964739355,Stroop,121,L,
XXXX,neutral,r,red,,,,,5,4,34,4,,,,,r,1,0.612295866013,,,,,2017_Nov_20_1539,84.9964739355,Stroop,121,L,
RED,incongruent,b,blue,,,,,5,5,35,1,,,,,b,1,0.730078220367,,,,,2017_Nov_20_1539,84.9964739355,Stroop,121,L,
RED,congruent,r,red,,,,,6,0,36,0,,,,,r,1,0.553388834,,,,,2017_Nov_20_1539,84.9964739355,Stroop,121,L,
RED,incongruent,b,blue,,,,,6,1,37,1,,,,,b,1,0.88306593895,,,,,2017_Nov_20_1539,84.9964739355,Stroop,121,L,
XXXX,neutral,b,blue,,,,,6,2,38,5,,,,,b,1,0.60053396225,,,,,2017_Nov_20_1539,84.9964739355,Stroop,121,L,
XXXX,neutral,r,red,,,,,6,3,39,4,,,,,r,1,0.741760969162,,,,,2017_Nov_20_1539,84.9964739355,Stroop,121,L,
XXXX,neutral,r,red,,,,,6,4,40,4,,,,,r,1,0.788855075836,,,,,2017_Nov_20_1539,84.9964739355,Stroop,121,L,
RED,congruent,r,red,,,,,6,5,41,0,,,,,r,1,0.718100070953,,,,,2017_Nov_20_1539,84.9964739355,Stroop,121,L,
RED,incongruent,b,blue,,,,,7,0,42,1,,,,,b,1,0.55348110199,,,,,2017_Nov_20_1539,84.9964739355,Stroop,121,L,
BLUE,congruent,b,blue,,,,,7,1,43,3,,,,,b,1,1.04786300659,,,,,2017_Nov_20_1539,84.9964739355,Stroop,121,L,
RED,congruent,r,red,,,,,7,2,44,0,,,,,r,1,0.694747924805,,,,,2017_Nov_20_1539,84.9964739355,Stroop,121,L,
XXXX,neutral,r,red,,,,,7,3,45,4,,,,,r,1,1.07129716873,,,,,2017_Nov_20_1539,84.9964739355,Stroop,121,L,
BLUE,incongruent,r,red,,,,,7,4,46,2,,,,,r,1,5.30870199203,,,,,2017_Nov_20_1539,84.9964739355,Stroop,121,L,
RED,congruent,r,red,,,,,7,5,47,0,,,,,r,1,0.847733974457,,,,,2017_Nov_20_1539,84.9964739355,Stroop,121,L,
RED,congruent,r,red,,,,,8,0,48,0,,,,,r,1,0.471071958542,,,,,2017_Nov_20_1539,84.9964739355,Stroop,121,L,
XXXX,neutral,r,red,,,,,8,1,49,4,,,,,r,1,0.671132802963,,,,,2017_Nov_20_1539,84.9964739355,Stroop,121,L,
XXXX,neutral,r,red,,,,,8,2,50,4,,,,,r,1,0.588749885559,,,,,2017_Nov_20_1539,84.9964739355,Stroop,121,L,
XXXX,neutral,b,blue,,,,,8,3,51,5,,,,,b,1,0.459319114685,,,,,2017_Nov_20_1539,84.9964739355,Stroop,121,L,
RED,congruent,r,red,,,,,8,4,52,0,,,,,r,1,0.541688919067,,,,,2017_Nov_20_1539,84.9964739355,Stroop,121,L,
XXXX,neutral,b,blue,,,,,8,5,53,5,,,,,b,1,0.576937913895,,,,,2017_Nov_20_1539,84.9964739355,Stroop,121,L,
BLUE,incongruent,r,red,,,,,9,0,54,2,,,,,r,1,0.671169996262,,,,,2017_Nov_20_1539,84.9964739355,Stroop,121,L,
RED,congruent,r,red,,,,,9,1,55,0,,,,,r,1,0.588823795319,,,,,2017_Nov_20_1539,84.9964739355,Stroop,121,L,
RED,congruent,r,red,,,,,9,2,56,0,,,,,r,1,0.553418874741,,,,,2017_Nov_20_1539,84.9964739355,Stroop,121,L,
XXXX,neutral,b,blue,,,,,9,3,57,5,,,,,b,1,0.659388065338,,,,,2017_Nov_20_1539,84.9964739355,Stroop,121,L,
BLUE,incongruent,r,red,,,,,9,4,58,2,,,,,r,1,1.00074601173,,,,,2017_Nov_20_1539,84.9964739355,Stroop,121,L,
RED,congruent,r,red,,,,,9,5,59,0,,,,,r,1,0.576971054077,,,,,2017_Nov_20_1539,84.9964739355,Stroop,121,L,
RED,congruent,r,red,,,,,10,0,60,0,,,,,r,1,0.435793876648,,,,,2017_Nov_20_1539,84.9964739355,Stroop,121,L,
BLUE,incongruent,r,red,,,,,10,1,61,2,,,,,r,1,0.424051046371,,,,,2017_Nov_20_1539,84.9964739355,Stroop,121,L,
BLUE,congruent,b,blue,,,,,10,2,62,3,,,,,b,1,0.471018075943,,,,,2017_Nov_20_1539,84.9964739355,Stroop,121,L,
BLUE,congruent,b,blue,,,,,10,3,63,3,,,,,b,1,0.565264940262,,,,,2017_Nov_20_1539,84.9964739355,Stroop,121,L,
BLUE,congruent,b,blue,,,,,10,4,64,3,,,,,b,1,0.37696814537,,,,,2017_Nov_20_1539,84.9964739355,Stroop,121,L,
RED,incongruent,b,blue,,,,,10,5,65,1,,,,,b,1,1.44804501534,,,,,2017_Nov_20_1539,84.9964739355,Stroop,121,L,
XXXX,neutral,b,blue,,,,,11,0,66,5,,,,,b,1,0.553435087204,,,,,2017_Nov_20_1539,84.9964739355,Stroop,121,L,
XXXX,neutral,r,red,,,,,11,1,67,4,,,,,r,1,0.682926177979,,,,,2017_Nov_20_1539,84.9964739355,Stroop,121,L,
XXXX,neutral,b,blue,,,,,11,2,68,5,,,,,b,1,0.529888868332,,,,,2017_Nov_20_1539,84.9964739355,Stroop,121,L,
BLUE,congruent,b,blue,,,,,11,3,69,3,,,,,b,1,0.730000972748,,,,,2017_Nov_20_1539,84.9964739355,Stroop,121,L,
RED,incongruent,b,blue,,,,,11,4,70,1,,,,,b,1,1.11843705177,,,,,2017_Nov_20_1539,84.9964739355,Stroop,121,L,
BLUE,incongruent,r,red,,,,,11,5,71,2,,,,,r,1,0.741775035858,,,,,2017_Nov_20_1539,84.9964739355,Stroop,121,L,
XXXX,neutral,r,red,,,,,12,0,72,4,,,,,r,1,1.0713391304,,,,,2017_Nov_20_1539,84.9964739355,Stroop,121,L,
BLUE,incongruent,r,red,,,,,12,1,73,2,,,,,r,1,0.824112892151,,,,,2017_Nov_20_1539,84.9964739355,Stroop,121,L,
RED,congruent,r,red,,,,,12,2,74,0,,,,,r,1,0.953618049622,,,,,2017_Nov_20_1539,84.9964739355,Stroop,121,L,
XXXX,neutral,r,red,,,,,12,3,75,4,,,,,r,1,0.788899898529,,,,,2017_Nov_20_1539,84.9964739355,Stroop,121,L,
BLUE,congruent,b,blue,,,,,12,4,76,3,,,,,b,1,1.24788999557,,,,,2017_Nov_20_1539,84.9964739355,Stroop,121,L,
RED,congruent,r,red,,,,,12,5,77,0,,,,,r,1,0.859555006027,,,,,2017_Nov_20_1539,84.9964739355,Stroop,121,L,
RED,incongruent,b,blue,,,,,13,0,78,1,,,,,b,1,1.40090990067,,,,,2017_Nov_20_1539,84.9964739355,Stroop,121,L,
XXXX,neutral,r,red,,,,,13,1,79,4,,,,,r,1,0.847707033157,,,,,2017_Nov_20_1539,84.9964739355,Stroop,121,L,
BLUE,congruent,b,blue,,,,,13,2,80,3,,,,,b,1,0.588715076447,,,,,2017_Nov_20_1539,84.9964739355,Stroop,121,L,
BLUE,incongruent,r,red,,,,,13,3,81,2,,,,,r,1,0.800673961639,,,,,2017_Nov_20_1539,84.9964739355,Stroop,121,L,
RED,incongruent,b,blue,,,,,13,4,82,1,,,,,b,1,1.82459688187,,,,,2017_Nov_20_1539,84.9964739355,Stroop,121,L,
XXXX,neutral,b,blue,,,,,13,5,83,5,,,,,b,1,0.812413215637,,,,,2017_Nov_20_1539,84.9964739355,Stroop,121,L,
BLUE,congruent,b,blue,,,,,14,0,84,3,,,,,b,1,0.788824081421,,,,,2017_Nov_20_1539,84.9964739355,Stroop,121,L,
XXXX,neutral,b,blue,,,,,14,1,85,5,,,,,b,1,0.529911994934,,,,,2017_Nov_20_1539,84.9964739355,Stroop,121,L,
BLUE,congruent,b,blue,,,,,14,2,86,3,,,,,b,1,1.31850099564,,,,,2017_Nov_20_1539,84.9964739355,Stroop,121,L,
XXXX,neutral,r,red,,,,,14,3,87,4,,,,,r,1,0.529908895493,,,,,2017_Nov_20_1539,84.9964739355,Stroop,121,L,
RED,incongruent,b,blue,,,,,14,4,88,1,,,,,b,1,0.565168142319,,,,,2017_Nov_20_1539,84.9964739355,Stroop,121,L,
BLUE,incongruent,r,red,,,,,14,5,89,2,,,,,r,1,0.647673130035,,,,,2017_Nov_20_1539,84.9964739355,Stroop,121,L,
XXXX,neutral,b,blue,,,,,15,0,90,5,,,,,b,1,0.518085956573,,,,,2017_Nov_20_1539,84.9964739355,Stroop,121,L,
BLUE,incongruent,r,red,,,,,15,1,91,2,,,,,r,1,0.729938983917,,,,,2017_Nov_20_1539,84.9964739355,Stroop,121,L,
RED,congruent,r,red,,,,,15,2,92,0,,,,,r,1,0.518131971359,,,,,2017_Nov_20_1539,84.9964739355,Stroop,121,L,
RED,congruent,r,red,,,,,15,3,93,0,,,,,r,1,0.600496053696,,,,,2017_Nov_20_1539,84.9964739355,Stroop,121,L,
BLUE,congruent,b,blue,,,,,15,4,94,3,,,,,b,1,0.600563049316,,,,,2017_Nov_20_1539,84.9964739355,Stroop,121,L,
XXXX,neutral,b,blue,,,,,15,5,95,5,,,,,b,1,0.812341213226,,,,,2017_Nov_20_1539,84.9964739355,Stroop,121,L,
XXXX,neutral,r,red,,,,,16,0,96,4,,,,,r,1,0.56520986557,,,,,2017_Nov_20_1539,84.9964739355,Stroop,121,L,
BLUE,incongruent,r,red,,,,,16,1,97,2,,,,,r,1,0.529932022095,,,,,2017_Nov_20_1539,84.9964739355,Stroop,121,L,
BLUE,incongruent,r,red,,,,,16,2,98,2,,,,,r,1,1.03600883484,,,,,2017_Nov_20_1539,84.9964739355,Stroop,121,L,
RED,congruent,r,red,,,,,16,3,99,0,,,,,r,1,0.906556844711,,,,,2017_Nov_20_1539,84.9964739355,Stroop,121,L,
BLUE,congruent,b,blue,,,,,16,4,100,3,,,,,b,1,0.647583961487,,,,,2017_Nov_20_1539,84.9964739355,Stroop,121,L,
RED,incongruent,b,blue,,,,,16,5,101,1,,,,,b,1,1.518627882,,,,,2017_Nov_20_1539,84.9964739355,Stroop,121,L,
RED,congruent,r,red,,,,,17,0,102,0,,,,,r,1,0.471055984497,,,,,2017_Nov_20_1539,84.9964739355,Stroop,121,L,
XXXX,neutral,r,red,,,,,17,1,103,4,,,,,r,1,0.565262079239,,,,,2017_Nov_20_1539,84.9964739355,Stroop,121,L,
XXXX,neutral,b,blue,,,,,17,2,104,5,,,,,b,1,0.694715023041,,,,,2017_Nov_20_1539,84.9964739355,Stroop,121,L,
BLUE,congruent,b,blue,,,,,17,3,105,3,,,,,b,1,0.600538015366,,,,,2017_Nov_20_1539,84.9964739355,Stroop,121,L,
RED,incongruent,b,blue,,,,,17,4,106,1,,,,,b,1,0.93014216423,,,,,2017_Nov_20_1539,84.9964739355,Stroop,121,L,
BLUE,congruent,b,blue,,,,,17,5,107,3,,,,,b,1,2.58970093727,,,,,2017_Nov_20_1539,84.9964739355,Stroop,121,L,
XXXX,neutral,r,red,,,,,18,0,108,4,,,,,r,1,0.871211051941,,,,,2017_Nov_20_1539,84.9964739355,Stroop,121,L,
RED,incongruent,b,blue,,,,,18,1,109,1,,,,,b,1,1.07131099701,,,,,2017_Nov_20_1539,84.9964739355,Stroop,121,L,
XXXX,neutral,b,blue,,,,,18,2,110,5,,,,,b,1,0.600625038147,,,,,2017_Nov_20_1539,84.9964739355,Stroop,121,L,
XXXX,neutral,b,blue,,,,,18,3,111,5,,,,,b,1,0.659390926361,,,,,2017_Nov_20_1539,84.9964739355,Stroop,121,L,
RED,incongruent,b,blue,,,,,18,4,112,1,,,,,b,1,1.50691199303,,,,,2017_Nov_20_1539,84.9964739355,Stroop,121,L,
BLUE,congruent,b,blue,,,,,18,5,113,3,,,,,b,1,0.576967000961,,,,,2017_Nov_20_1539,84.9964739355,Stroop,121,L,
XXXX,neutral,b,blue,,,,,19,0,114,5,,,,,b,1,1.45981097221,,,,,2017_Nov_20_1539,84.9964739355,Stroop,121,L,
XXXX,neutral,b,blue,,,,,19,1,115,5,,,,,b,1,0.694725990295,,,,,2017_Nov_20_1539,84.9964739355,Stroop,121,L,
XXXX,neutral,b,blue,,,,,19,2,116,5,,,,,b,1,0.694663047791,,,,,2017_Nov_20_1539,84.9964739355,Stroop,121,L,
XXXX,neutral,r,red,,,,,19,3,117,4,,,,,r,1,1.34210300446,,,,,2017_Nov_20_1539,84.9964739355,Stroop,121,L,
RED,congruent,r,red,,,,,19,4,118,0,,,,,r,1,0.482867002487,,,,,2017_Nov_20_1539,84.9964739355,Stroop,121,L,
BLUE,congruent,b,blue,,,,,19,5,119,3,,,,,b,1,1.11837315559,,,,,2017_Nov_20_1539,84.9964739355,Stroop,121,L,
RED,congruent,r,red,,,,,20,0,120,0,,,,,r,1,1.04791092873,,,,,2017_Nov_20_1539,84.9964739355,Stroop,121,L,
RED,incongruent,b,blue,,,,,20,1,121,1,,,,,b,1,1.37748503685,,,,,2017_Nov_20_1539,84.9964739355,Stroop,121,L,
XXXX,neutral,r,red,,,,,20,2,122,4,,,,,r,1,1.200933218,,,,,2017_Nov_20_1539,84.9964739355,Stroop,121,L,
RED,incongruent,b,blue,,,,,20,3,123,1,,,,,b,1,0.824136018753,,,,,2017_Nov_20_1539,84.9964739355,Stroop,121,L,
RED,incongruent,b,blue,,,,,20,4,124,1,,,,,b,1,1.11846899986,,,,,2017_Nov_20_1539,84.9964739355,Stroop,121,L,
XXXX,neutral,r,red,,,,,20,5,125,4,,,,,r,1,1.02430295944,,,,,2017_Nov_20_1539,84.9964739355,Stroop,121,L,
BLUE,congruent,b,blue,,,,,21,0,126,3,,,,,b,1,0.836350917816,,,,,2017_Nov_20_1539,84.9964739355,Stroop,121,L,
BLUE,congruent,b,blue,,,,,21,1,127,3,,,,,b,1,0.812447071075,,,,,2017_Nov_20_1539,84.9964739355,Stroop,121,L,
XXXX,neutral,r,red,,,,,21,2,128,4,,,,,r,1,0.859487056732,,,,,2017_Nov_20_1539,84.9964739355,Stroop,121,L,
RED,congruent,r,red,,,,,21,3,129,0,,,,,r,1,0.859484910965,,,,,2017_Nov_20_1539,84.9964739355,Stroop,121,L,
XXXX,neutral,r,red,,,,,21,4,130,4,,,,,r,1,0.930016994476,,,,,2017_Nov_20_1539,84.9964739355,Stroop,121,L,
RED,incongruent,b,blue,,,,,21,5,131,1,,,,,b,1,2.09537100792,,,,,2017_Nov_20_1539,84.9964739355,Stroop,121,L,
BLUE,incongruent,r,red,,,,,22,0,132,2,,,,,r,1,0.871210098267,,,,,2017_Nov_20_1539,84.9964739355,Stroop,121,L,
XXXX,neutral,b,blue,,,,,22,1,133,5,,,,,b,1,1.14225482941,,,,,2017_Nov_20_1539,84.9964739355,Stroop,121,L,
BLUE,incongruent,r,red,,,,,22,2,134,2,,,,,r,1,0.930137872696,,,,,2017_Nov_20_1539,84.9964739355,Stroop,121,L,
BLUE,congruent,b,blue,,,,,22,3,135,3,,,,,b,1,0.88304400444,,,,,2017_Nov_20_1539,84.9964739355,Stroop,121,L,
BLUE,congruent,b,blue,,,,,22,4,136,3,,,,,b,1,0.883099079132,,,,,2017_Nov_20_1539,84.9964739355,Stroop,121,L,
RED,congruent,r,red,,,,,22,5,137,0,,,,,r,1,0.941867828369,,,,,2017_Nov_20_1539,84.9964739355,Stroop,121,L,
RED,incongruent,b,blue,,,,,23,0,138,1,,,,,b,1,0.977188110352,,,,,2017_Nov_20_1539,84.9964739355,Stroop,121,L,
XXXX,neutral,r,red,,,,,23,1,139,4,,,,,r,1,0.96545791626,,,,,2017_Nov_20_1539,84.9964739355,Stroop,121,L,
BLUE,congruent,b,blue,,,,,23,2,140,3,,,,,b,1,0.800638198853,,,,,2017_Nov_20_1539,84.9964739355,Stroop,121,L,
RED,incongruent,b,blue,,,,,23,3,141,1,,,,,b,1,0.988987922668,,,,,2017_Nov_20_1539,84.9964739355,Stroop,121,L,
BLUE,congruent,b,blue,,,,,23,4,142,3,,,,,b,1,0.894879102707,,,,,2017_Nov_20_1539,84.9964739355,Stroop,121,L,
BLUE,incongruent,r,red,,,,,23,5,143,2,,,,,r,1,1.35394620895,,,,,2017_Nov_20_1539,84.9964739355,Stroop,121,L,
RED,congruent,r,red,,,,,24,0,144,0,,,,,r,1,0.87130689621,,,,,2017_Nov_20_1539,84.9964739355,Stroop,121,L,
BLUE,incongruent,r,red,,,,,24,1,145,2,,,,,r,1,1.27147603035,,,,,2017_Nov_20_1539,84.9964739355,Stroop,121,L,
RED,incongruent,b,blue,,,,,24,2,146,1,,,,,b,1,0.930121898651,,,,,2017_Nov_20_1539,84.9964739355,Stroop,121,L,
XXXX,neutral,r,red,,,,,24,3,147,4,,,,,r,1,0.988925933838,,,,,2017_Nov_20_1539,84.9964739355,Stroop,121,L,
XXXX,neutral,b,blue,,,,,24,4,148,5,,,,,b,1,1.23611497879,,,,,2017_Nov_20_1539,84.9964739355,Stroop,121,L,
XXXX,neutral,r,red,,,,,24,5,149,4,,,,,r,1,1.20085215569,,,,,2017_Nov_20_1539,84.9964739355,Stroop,121,L,
,,,,,,,,,,,,,,,,,,,,,escape,34.1112859249,2017_Nov_20_1539,84.9964739355,Stroop,121,L,
