word,type,correct,ink,Practice.thisRepN,Practice.thisTrialN,Practice.thisN,Practice.thisIndex,trials.thisRepN,trials.thisTrialN,trials.thisN,trials.thisIndex,ready_to_continue.keys,ready_to_continue.rt,key_resp_2.keys,key_resp_2.rt,Response.keys,Response.corr,Response.rt,begin_exp.keys,begin_exp.rt,finished.keys,finished.rt,date,frameRate,expName,participant,condition,
,,,,,,,,,,,,r,2166.00918484,,,,,,,,,,2018_Jan_30_1622,84.987001619,Stroop,144,N,
,,,,,,,,,,,,,,r,3.52872395515,,,,,,,,2018_Jan_30_1622,84.987001619,Stroop,144,N,
XXXX,neutral,r,red,0,0,0,4,,,,,,,,,r,1,1.38805913925,,,,,2018_Jan_30_1622,84.987001619,Stroop,144,N,
XXXX,neutral,b,blue,0,1,1,5,,,,,,,,,b,1,1.31757616997,,,,,2018_Jan_30_1622,84.987001619,Stroop,144,N,
RED,incongruent,b,blue,0,2,2,1,,,,,,,,,b,1,3.32868504524,,,,,2018_Jan_30_1622,84.987001619,Stroop,144,N,
BLUE,congruent,b,blue,0,3,3,3,,,,,,,,,b,1,0.858850955963,,,,,2018_Jan_30_1622,84.987001619,Stroop,144,N,
RED,congruent,r,red,0,4,4,0,,,,,,,,,r,1,1.05887413025,,,,,2018_Jan_30_1622,84.987001619,Stroop,144,N,
BLUE,incongruent,r,red,0,5,5,2,,,,,,,,,r,1,1.57625389099,,,,,2018_Jan_30_1622,84.987001619,Stroop,144,N,
BLUE,incongruent,r,red,1,0,6,2,,,,,,,,,r,1,0.976563930511,,,,,2018_Jan_30_1622,84.987001619,Stroop,144,N,
XXXX,neutral,r,red,1,1,7,4,,,,,,,,,r,1,1.56458902359,,,,,2018_Jan_30_1622,84.987001619,Stroop,144,N,
RED,congruent,r,red,1,2,8,0,,,,,,,,,r,1,0.588231086731,,,,,2018_Jan_30_1622,84.987001619,Stroop,144,N,
BLUE,congruent,b,blue,1,3,9,3,,,,,,,,,b,1,1.98784303665,,,,,2018_Jan_30_1622,84.987001619,Stroop,144,N,
RED,incongruent,b,blue,1,4,10,1,,,,,,,,,b,1,1.0233540535,,,,,2018_Jan_30_1622,84.987001619,Stroop,144,N,
XXXX,neutral,b,blue,1,5,11,5,,,,,,,,,b,1,1.10579395294,,,,,2018_Jan_30_1622,84.987001619,Stroop,144,N,
,,,,,,,,,,,,,,,,,,,r,12.690639019,,,2018_Jan_30_1622,84.987001619,Stroop,144,N,
BLUE,congruent,b,blue,,,,,0,0,0,3,,,,,b,1,1.18812394142,,,,,2018_Jan_30_1622,84.987001619,Stroop,144,N,
BLUE,congruent,b,blue,,,,,0,1,1,3,,,,,b,1,0.49410700798,,,,,2018_Jan_30_1622,84.987001619,Stroop,144,N,
BLUE,congruent,b,blue,,,,,0,2,2,3,,,,,b,1,0.494311094284,,,,,2018_Jan_30_1622,84.987001619,Stroop,144,N,
BLUE,incongruent,r,red,,,,,0,3,3,2,,,,,r,1,0.764632225037,,,,,2018_Jan_30_1622,84.987001619,Stroop,144,N,
XXXX,neutral,b,blue,,,,,0,4,4,5,,,,,b,1,0.882286071777,,,,,2018_Jan_30_1622,84.987001619,Stroop,144,N,
RED,incongruent,b,blue,,,,,0,5,5,1,,,,,b,1,0.99994802475,,,,,2018_Jan_30_1622,84.987001619,Stroop,144,N,
RED,incongruent,b,blue,,,,,1,0,6,1,,,,,b,1,1.05890512466,,,,,2018_Jan_30_1622,84.987001619,Stroop,144,N,
XXXX,neutral,r,red,,,,,1,1,7,4,,,,,r,1,0.717649936676,,,,,2018_Jan_30_1622,84.987001619,Stroop,144,N,
XXXX,neutral,b,blue,,,,,1,2,8,5,,,,,b,1,0.776478052139,,,,,2018_Jan_30_1622,84.987001619,Stroop,144,N,
BLUE,incongruent,r,red,,,,,1,3,9,2,,,,,r,1,0.905759096146,,,,,2018_Jan_30_1622,84.987001619,Stroop,144,N,
XXXX,neutral,r,red,,,,,1,4,10,4,,,,,r,1,0.752920866013,,,,,2018_Jan_30_1622,84.987001619,Stroop,144,N,
XXXX,neutral,r,red,,,,,1,5,11,4,,,,,r,1,0.729322910309,,,,,2018_Jan_30_1622,84.987001619,Stroop,144,N,
BLUE,incongruent,r,red,,,,,2,0,12,2,,,,,r,1,0.941061019897,,,,,2018_Jan_30_1622,84.987001619,Stroop,144,N,
BLUE,congruent,b,blue,,,,,2,1,13,3,,,,,b,1,0.459124088287,,,,,2018_Jan_30_1622,84.987001619,Stroop,144,N,
RED,incongruent,b,blue,,,,,2,2,14,1,,,,,b,1,1.30590796471,,,,,2018_Jan_30_1622,84.987001619,Stroop,144,N,
XXXX,neutral,r,red,,,,,2,3,15,4,,,,,r,1,0.635478019714,,,,,2018_Jan_30_1622,84.987001619,Stroop,144,N,
RED,congruent,r,red,,,,,2,4,16,0,,,,,r,1,0.893951892853,,,,,2018_Jan_30_1622,84.987001619,Stroop,144,N,
RED,incongruent,b,blue,,,,,2,5,17,1,,,,,b,1,1.03529906273,,,,,2018_Jan_30_1622,84.987001619,Stroop,144,N,
XXXX,neutral,r,red,,,,,3,0,18,4,,,,,r,1,0.800045013428,,,,,2018_Jan_30_1622,84.987001619,Stroop,144,N,
RED,congruent,r,red,,,,,3,1,19,0,,,,,r,1,0.447231054306,,,,,2018_Jan_30_1622,84.987001619,Stroop,144,N,
XXXX,neutral,r,red,,,,,3,2,20,4,,,,,r,1,0.870507001877,,,,,2018_Jan_30_1622,84.987001619,Stroop,144,N,
XXXX,neutral,b,blue,,,,,3,3,21,5,,,,,b,1,0.705878973007,,,,,2018_Jan_30_1622,84.987001619,Stroop,144,N,
BLUE,congruent,b,blue,,,,,3,4,22,3,,,,,b,1,0.811738014221,,,,,2018_Jan_30_1622,84.987001619,Stroop,144,N,
BLUE,incongruent,r,red,,,,,3,5,23,2,,,,,r,1,1.17636299133,,,,,2018_Jan_30_1622,84.987001619,Stroop,144,N,
BLUE,incongruent,r,red,,,,,4,0,24,2,,,,,r,1,1.05869793892,,,,,2018_Jan_30_1622,84.987001619,Stroop,144,N,
BLUE,incongruent,r,red,,,,,4,1,25,2,,,,,r,1,1.57623291016,,,,,2018_Jan_30_1622,84.987001619,Stroop,144,N,
BLUE,incongruent,r,red,,,,,4,2,26,2,,,,,r,1,1.00008010864,,,,,2018_Jan_30_1622,84.987001619,Stroop,144,N,
BLUE,incongruent,r,red,,,,,4,3,27,2,,,,,r,1,0.588271141052,,,,,2018_Jan_30_1622,84.987001619,Stroop,144,N,
BLUE,congruent,b,blue,,,,,4,4,28,3,,,,,b,1,0.482455968857,,,,,2018_Jan_30_1622,84.987001619,Stroop,144,N,
BLUE,incongruent,r,red,,,,,4,5,29,2,,,,,r,1,0.776430130005,,,,,2018_Jan_30_1622,84.987001619,Stroop,144,N,
RED,incongruent,b,blue,,,,,5,0,30,1,,,,,b,1,0.905934810638,,,,,2018_Jan_30_1622,84.987001619,Stroop,144,N,
BLUE,incongruent,r,red,,,,,5,1,31,2,,,,,r,1,0.705811977386,,,,,2018_Jan_30_1622,84.987001619,Stroop,144,N,
BLUE,incongruent,r,red,,,,,5,2,32,2,,,,,r,1,0.976444959641,,,,,2018_Jan_30_1622,84.987001619,Stroop,144,N,
RED,incongruent,b,blue,,,,,5,3,33,1,,,,,b,1,0.917625188828,,,,,2018_Jan_30_1622,84.987001619,Stroop,144,N,
RED,incongruent,b,blue,,,,,5,4,34,1,,,,,b,1,1.12928295135,,,,,2018_Jan_30_1622,84.987001619,Stroop,144,N,
XXXX,neutral,b,blue,,,,,5,5,35,5,,,,,b,1,0.729444980621,,,,,2018_Jan_30_1622,84.987001619,Stroop,144,N,
XXXX,neutral,r,red,,,,,6,0,36,4,,,,,r,1,0.647090196609,,,,,2018_Jan_30_1622,84.987001619,Stroop,144,N,
XXXX,neutral,b,blue,,,,,6,1,37,5,,,,,b,1,0.764730930328,,,,,2018_Jan_30_1622,84.987001619,Stroop,144,N,
RED,congruent,r,red,,,,,6,2,38,0,,,,,r,1,1.11746692657,,,,,2018_Jan_30_1622,84.987001619,Stroop,144,N,
RED,incongruent,b,blue,,,,,6,3,39,1,,,,,b,1,0.800002813339,,,,,2018_Jan_30_1622,84.987001619,Stroop,144,N,
RED,incongruent,b,blue,,,,,6,4,40,1,,,,,b,1,0.847087860107,,,,,2018_Jan_30_1622,84.987001619,Stroop,144,N,
RED,incongruent,b,blue,,,,,6,5,41,1,,,,,b,1,0.623595952988,,,,,2018_Jan_30_1622,84.987001619,Stroop,144,N,
BLUE,incongruent,r,red,,,,,7,0,42,2,,,,,r,1,0.600057125092,,,,,2018_Jan_30_1622,84.987001619,Stroop,144,N,
BLUE,congruent,b,blue,,,,,7,1,43,3,,,,,b,1,0.705984115601,,,,,2018_Jan_30_1622,84.987001619,Stroop,144,N,
XXXX,neutral,b,blue,,,,,7,2,44,5,,,,,b,1,0.647001028061,,,,,2018_Jan_30_1622,84.987001619,Stroop,144,N,
XXXX,neutral,r,red,,,,,7,3,45,4,,,,,r,1,0.646972894669,,,,,2018_Jan_30_1622,84.987001619,Stroop,144,N,
RED,congruent,r,red,,,,,7,4,46,0,,,,,r,1,1.08232593536,,,,,2018_Jan_30_1622,84.987001619,Stroop,144,N,
RED,congruent,r,red,,,,,7,5,47,0,,,,,r,1,1.16468405724,,,,,2018_Jan_30_1622,84.987001619,Stroop,144,N,
BLUE,congruent,b,blue,,,,,8,0,48,3,,,,,b,1,0.623610019684,,,,,2018_Jan_30_1622,84.987001619,Stroop,144,N,
BLUE,congruent,b,blue,,,,,8,1,49,3,,,,,b,1,0.588426113129,,,,,2018_Jan_30_1622,84.987001619,Stroop,144,N,
XXXX,neutral,b,blue,,,,,8,2,50,5,,,,,b,1,0.882337808609,,,,,2018_Jan_30_1622,84.987001619,Stroop,144,N,
RED,incongruent,b,blue,,,,,8,3,51,1,,,,,b,1,0.976402044296,,,,,2018_Jan_30_1622,84.987001619,Stroop,144,N,
XXXX,neutral,b,blue,,,,,8,4,52,5,,,,,b,1,0.541218042374,,,,,2018_Jan_30_1622,84.987001619,Stroop,144,N,
BLUE,congruent,b,blue,,,,,8,5,53,3,,,,,b,1,0.576580047607,,,,,2018_Jan_30_1622,84.987001619,Stroop,144,N,
BLUE,congruent,b,blue,,,,,9,0,54,3,,,,,b,1,0.62365603447,,,,,2018_Jan_30_1622,84.987001619,Stroop,144,N,
BLUE,congruent,b,blue,,,,,9,1,55,3,,,,,b,1,0.62392783165,,,,,2018_Jan_30_1622,84.987001619,Stroop,144,N,
RED,incongruent,b,blue,,,,,9,2,56,1,,,,,b,1,0.870504140854,,,,,2018_Jan_30_1622,84.987001619,Stroop,144,N,
BLUE,incongruent,r,red,,,,,9,3,57,2,,,,,r,1,0.517785787582,,,,,2018_Jan_30_1622,84.987001619,Stroop,144,N,
RED,incongruent,b,blue,,,,,9,4,58,1,,,,,b,1,0.917623996735,,,,,2018_Jan_30_1622,84.987001619,Stroop,144,N,
XXXX,neutral,r,red,,,,,9,5,59,4,,,,,r,1,0.647078990936,,,,,2018_Jan_30_1622,84.987001619,Stroop,144,N,
RED,incongruent,b,blue,,,,,10,0,60,1,,,,,b,1,1.37637400627,,,,,2018_Jan_30_1622,84.987001619,Stroop,144,N,
BLUE,congruent,b,blue,,,,,10,1,61,3,,,,,b,1,0.611878156662,,,,,2018_Jan_30_1622,84.987001619,Stroop,144,N,
XXXX,neutral,r,red,,,,,10,2,62,4,,,,,r,1,0.741278886795,,,,,2018_Jan_30_1622,84.987001619,Stroop,144,N,
BLUE,congruent,b,blue,,,,,10,3,63,3,,,,,b,1,0.799983978271,,,,,2018_Jan_30_1622,84.987001619,Stroop,144,N,
BLUE,incongruent,r,red,,,,,10,4,64,2,,,,,r,1,0.952821016312,,,,,2018_Jan_30_1622,84.987001619,Stroop,144,N,
RED,congruent,r,red,,,,,10,5,65,0,,,,,r,1,0.752905130386,,,,,2018_Jan_30_1622,84.987001619,Stroop,144,N,
XXXX,neutral,r,red,,,,,11,0,66,4,,,,,r,1,0.705965995789,,,,,2018_Jan_30_1622,84.987001619,Stroop,144,N,
BLUE,congruent,b,blue,,,,,11,1,67,3,,,,,b,1,0.776487112045,,,,,2018_Jan_30_1622,84.987001619,Stroop,144,N,
BLUE,congruent,b,blue,,,,,11,2,68,3,,,,,b,1,0.588203191757,,,,,2018_Jan_30_1622,84.987001619,Stroop,144,N,
BLUE,incongruent,r,red,,,,,11,3,69,2,,,,,r,1,0.541306018829,,,,,2018_Jan_30_1622,84.987001619,Stroop,144,N,
RED,congruent,r,red,,,,,11,4,70,0,,,,,r,1,0.529400110245,,,,,2018_Jan_30_1622,84.987001619,Stroop,144,N,
XXXX,neutral,b,blue,,,,,11,5,71,5,,,,,b,1,0.753157138824,,,,,2018_Jan_30_1622,84.987001619,Stroop,144,N,
RED,congruent,r,red,,,,,12,0,72,0,,,,,r,1,0.623564958572,,,,,2018_Jan_30_1622,84.987001619,Stroop,144,N,
XXXX,neutral,b,blue,,,,,12,1,73,5,,,,,b,1,0.505976200104,,,,,2018_Jan_30_1622,84.987001619,Stroop,144,N,
BLUE,congruent,b,blue,,,,,12,2,74,3,,,,,b,1,0.494271993637,,,,,2018_Jan_30_1622,84.987001619,Stroop,144,N,
RED,incongruent,b,blue,,,,,12,3,75,1,,,,,b,1,0.658834934235,,,,,2018_Jan_30_1622,84.987001619,Stroop,144,N,
RED,congruent,r,red,,,,,12,4,76,0,,,,,r,1,1.67020988464,,,,,2018_Jan_30_1622,84.987001619,Stroop,144,N,
RED,congruent,r,red,,,,,12,5,77,0,,,,,r,1,1.50568699837,,,,,2018_Jan_30_1622,84.987001619,Stroop,144,N,
XXXX,neutral,r,red,,,,,13,0,78,4,,,,,r,1,0.705871105194,,,,,2018_Jan_30_1622,84.987001619,Stroop,144,N,
XXXX,neutral,b,blue,,,,,13,1,79,5,,,,,b,1,1.08225607872,,,,,2018_Jan_30_1622,84.987001619,Stroop,144,N,
XXXX,neutral,r,red,,,,,13,2,80,4,,,,,r,1,1.52931213379,,,,,2018_Jan_30_1622,84.987001619,Stroop,144,N,
XXXX,neutral,r,red,,,,,13,3,81,4,,,,,r,1,0.635417938232,,,,,2018_Jan_30_1622,84.987001619,Stroop,144,N,
XXXX,neutral,b,blue,,,,,13,4,82,5,,,,,b,1,0.541281938553,,,,,2018_Jan_30_1622,84.987001619,Stroop,144,N,
BLUE,congruent,b,blue,,,,,13,5,83,3,,,,,b,1,0.494261026382,,,,,2018_Jan_30_1622,84.987001619,Stroop,144,N,
XXXX,neutral,r,red,,,,,14,0,84,4,,,,,r,1,0.694146156311,,,,,2018_Jan_30_1622,84.987001619,Stroop,144,N,
RED,congruent,r,red,,,,,14,1,85,0,,,,,r,1,0.600128889084,,,,,2018_Jan_30_1622,84.987001619,Stroop,144,N,
BLUE,congruent,b,blue,,,,,14,2,86,3,,,,,b,1,0.329558134079,,,,,2018_Jan_30_1622,84.987001619,Stroop,144,N,
XXXX,neutral,b,blue,,,,,14,3,87,5,,,,,b,1,0.705926895142,,,,,2018_Jan_30_1622,84.987001619,Stroop,144,N,
RED,incongruent,b,blue,,,,,14,4,88,1,,,,,b,1,0.999990224838,,,,,2018_Jan_30_1622,84.987001619,Stroop,144,N,
XXXX,neutral,b,blue,,,,,14,5,89,5,,,,,b,1,0.447286844254,,,,,2018_Jan_30_1622,84.987001619,Stroop,144,N,
XXXX,neutral,r,red,,,,,15,0,90,4,,,,,r,1,0.411785125732,,,,,2018_Jan_30_1622,84.987001619,Stroop,144,N,
RED,congruent,r,red,,,,,15,1,91,0,,,,,r,1,0.400211811066,,,,,2018_Jan_30_1622,84.987001619,Stroop,144,N,
XXXX,neutral,r,red,,,,,15,2,92,4,,,,,r,1,0.388471841812,,,,,2018_Jan_30_1622,84.987001619,Stroop,144,N,
XXXX,neutral,r,red,,,,,15,3,93,4,,,,,r,1,0.341275930405,,,,,2018_Jan_30_1622,84.987001619,Stroop,144,N,
XXXX,neutral,r,red,,,,,15,4,94,4,,,,,r,1,0.588266134262,,,,,2018_Jan_30_1622,84.987001619,Stroop,144,N,
XXXX,neutral,r,red,,,,,15,5,95,4,,,,,r,1,0.5763630867,,,,,2018_Jan_30_1622,84.987001619,Stroop,144,N,
BLUE,incongruent,r,red,,,,,16,0,96,2,,,,,r,1,0.833864927292,,,,,2018_Jan_30_1622,84.987001619,Stroop,144,N,
RED,incongruent,b,blue,,,,,16,1,97,1,,,,,b,1,1.01176095009,,,,,2018_Jan_30_1622,84.987001619,Stroop,144,N,
RED,congruent,r,red,,,,,16,2,98,0,,,,,r,1,0.705980062485,,,,,2018_Jan_30_1622,84.987001619,Stroop,144,N,
RED,congruent,r,red,,,,,16,3,99,0,,,,,r,1,1.79968714714,,,,,2018_Jan_30_1622,84.987001619,Stroop,144,N,
XXXX,neutral,r,red,,,,,16,4,100,4,,,,,r,1,2.52879500389,,,,,2018_Jan_30_1622,84.987001619,Stroop,144,N,
XXXX,neutral,b,blue,,,,,16,5,101,5,,,,,b,1,1.29393005371,,,,,2018_Jan_30_1622,84.987001619,Stroop,144,N,
RED,incongruent,b,blue,,,,,17,0,102,1,,,,,b,1,0.976453065872,,,,,2018_Jan_30_1622,84.987001619,Stroop,144,N,
RED,congruent,r,red,,,,,17,1,103,0,,,,,r,1,0.600075960159,,,,,2018_Jan_30_1622,84.987001619,Stroop,144,N,
RED,congruent,r,red,,,,,17,2,104,0,,,,,r,1,0.776437044144,,,,,2018_Jan_30_1622,84.987001619,Stroop,144,N,
XXXX,neutral,b,blue,,,,,17,3,105,5,,,,,b,1,0.753256082535,,,,,2018_Jan_30_1622,84.987001619,Stroop,144,N,
BLUE,congruent,b,blue,,,,,17,4,106,3,,,,,b,1,0.588373184204,,,,,2018_Jan_30_1622,84.987001619,Stroop,144,N,
RED,congruent,r,red,,,,,17,5,107,0,,,,,r,1,1.21162104607,,,,,2018_Jan_30_1622,84.987001619,Stroop,144,N,
XXXX,neutral,b,blue,,,,,18,0,108,5,,,,,b,1,0.576497077942,,,,,2018_Jan_30_1622,84.987001619,Stroop,144,N,
RED,incongruent,b,blue,,,,,18,1,109,1,,,,,b,1,0.376657009125,,,,,2018_Jan_30_1622,84.987001619,Stroop,144,N,
RED,congruent,r,red,,,,,18,2,110,0,,,,,r,1,1.05876398087,,,,,2018_Jan_30_1622,84.987001619,Stroop,144,N,
XXXX,neutral,r,red,,,,,18,3,111,4,,,,,r,1,0.905777215958,,,,,2018_Jan_30_1622,84.987001619,Stroop,144,N,
RED,congruent,r,red,,,,,18,4,112,0,,,,,r,1,0.941087007523,,,,,2018_Jan_30_1622,84.987001619,Stroop,144,N,
RED,incongruent,b,blue,,,,,18,5,113,1,,,,,b,1,2.16418194771,,,,,2018_Jan_30_1622,84.987001619,Stroop,144,N,
BLUE,incongruent,r,red,,,,,19,0,114,2,,,,,r,1,0.823509216309,,,,,2018_Jan_30_1622,84.987001619,Stroop,144,N,
BLUE,incongruent,r,red,,,,,19,1,115,2,,,,,r,1,0.976449966431,,,,,2018_Jan_30_1622,84.987001619,Stroop,144,N,
BLUE,incongruent,r,red,,,,,19,2,116,2,,,,,r,1,1.69397306442,,,,,2018_Jan_30_1622,84.987001619,Stroop,144,N,
XXXX,neutral,b,blue,,,,,19,3,117,5,,,,,b,1,1.15294885635,,,,,2018_Jan_30_1622,84.987001619,Stroop,144,N,
XXXX,neutral,b,blue,,,,,19,4,118,5,,,,,b,1,0.635384082794,,,,,2018_Jan_30_1622,84.987001619,Stroop,144,N,
XXXX,neutral,b,blue,,,,,19,5,119,5,,,,,b,1,0.482218027115,,,,,2018_Jan_30_1622,84.987001619,Stroop,144,N,
BLUE,congruent,b,blue,,,,,20,0,120,3,,,,,b,1,0.470673084259,,,,,2018_Jan_30_1622,84.987001619,Stroop,144,N,
BLUE,congruent,b,blue,,,,,20,1,121,3,,,,,b,1,0.458984851837,,,,,2018_Jan_30_1622,84.987001619,Stroop,144,N,
RED,congruent,r,red,,,,,20,2,122,0,,,,,r,1,1.552724123,,,,,2018_Jan_30_1622,84.987001619,Stroop,144,N,
RED,incongruent,b,blue,,,,,20,3,123,1,,,,,b,1,1.05879497528,,,,,2018_Jan_30_1622,84.987001619,Stroop,144,N,
BLUE,incongruent,r,red,,,,,20,4,124,2,,,,,r,1,0.858808994293,,,,,2018_Jan_30_1622,84.987001619,Stroop,144,N,
BLUE,incongruent,r,red,,,,,20,5,125,2,,,,,r,1,0.800035953522,,,,,2018_Jan_30_1622,84.987001619,Stroop,144,N,
RED,incongruent,b,blue,,,,,21,0,126,1,,,,,b,1,0.811634063721,,,,,2018_Jan_30_1622,84.987001619,Stroop,144,N,
RED,congruent,r,red,,,,,21,1,127,0,,,,,r,1,0.541613101959,,,,,2018_Jan_30_1622,84.987001619,Stroop,144,N,
XXXX,neutral,b,blue,,,,,21,2,128,5,,,,,b,1,0.658898830414,,,,,2018_Jan_30_1622,84.987001619,Stroop,144,N,
RED,incongruent,b,blue,,,,,21,3,129,1,,,,,b,1,2.01132893562,,,,,2018_Jan_30_1622,84.987001619,Stroop,144,N,
BLUE,congruent,b,blue,,,,,21,4,130,3,,,,,b,1,1.30570602417,,,,,2018_Jan_30_1622,84.987001619,Stroop,144,N,
XXXX,neutral,b,blue,,,,,21,5,131,5,,,,,b,1,0.471085071564,,,,,2018_Jan_30_1622,84.987001619,Stroop,144,N,
RED,congruent,r,red,,,,,22,0,132,0,,,,,r,1,0.458987951279,,,,,2018_Jan_30_1622,84.987001619,Stroop,144,N,
BLUE,congruent,b,blue,,,,,22,1,133,3,,,,,b,1,0.870750188828,,,,,2018_Jan_30_1622,84.987001619,Stroop,144,N,
BLUE,congruent,b,blue,,,,,22,2,134,3,,,,,b,1,0.64706492424,,,,,2018_Jan_30_1622,84.987001619,Stroop,144,N,
XXXX,neutral,b,blue,,,,,22,3,135,5,,,,,b,1,0.505939006805,,,,,2018_Jan_30_1622,84.987001619,Stroop,144,N,
BLUE,incongruent,r,red,,,,,22,4,136,2,,,,,r,1,1.02344894409,,,,,2018_Jan_30_1622,84.987001619,Stroop,144,N,
BLUE,incongruent,r,red,,,,,22,5,137,2,,,,,r,1,0.482461929321,,,,,2018_Jan_30_1622,84.987001619,Stroop,144,N,
XXXX,neutral,r,red,,,,,23,0,138,4,,,,,r,1,0.658807992935,,,,,2018_Jan_30_1622,84.987001619,Stroop,144,N,
XXXX,neutral,r,red,,,,,23,1,139,4,,,,,r,1,0.518110990524,,,,,2018_Jan_30_1622,84.987001619,Stroop,144,N,
RED,incongruent,b,blue,,,,,23,2,140,1,,,,,b,1,1.09389185905,,,,,2018_Jan_30_1622,84.987001619,Stroop,144,N,
RED,congruent,r,red,,,,,23,3,141,0,,,,,r,1,0.823529958725,,,,,2018_Jan_30_1622,84.987001619,Stroop,144,N,
XXXX,neutral,b,blue,,,,,23,4,142,5,,,,,b,1,0.658838033676,,,,,2018_Jan_30_1622,84.987001619,Stroop,144,N,
XXXX,neutral,b,blue,,,,,23,5,143,5,,,,,b,1,0.517786026001,,,,,2018_Jan_30_1622,84.987001619,Stroop,144,N,
RED,incongruent,b,blue,,,,,24,0,144,1,,,,,b,1,1.24690794945,,,,,2018_Jan_30_1622,84.987001619,Stroop,144,N,
RED,congruent,r,red,,,,,24,1,145,0,,,,,r,1,0.565183162689,,,,,2018_Jan_30_1622,84.987001619,Stroop,144,N,
RED,congruent,r,red,,,,,24,2,146,0,,,,,r,1,0.51775598526,,,,,2018_Jan_30_1622,84.987001619,Stroop,144,N,
XXXX,neutral,r,red,,,,,24,3,147,4,,,,,r,1,0.541267871857,,,,,2018_Jan_30_1622,84.987001619,Stroop,144,N,
BLUE,incongruent,r,red,,,,,24,4,148,2,,,,,r,1,1.23523783684,,,,,2018_Jan_30_1622,84.987001619,Stroop,144,N,
BLUE,incongruent,r,red,,,,,24,5,149,2,,,,,r,1,1.55299901962,,,,,2018_Jan_30_1622,84.987001619,Stroop,144,N,
,,,,,,,,,,,,,,,,,,,,,escape,21.2055351734,2018_Jan_30_1622,84.987001619,Stroop,144,N,
