word,type,correct,ink,Practice.thisRepN,Practice.thisTrialN,Practice.thisN,Practice.thisIndex,trials.thisRepN,trials.thisTrialN,trials.thisN,trials.thisIndex,ready_to_continue.keys,ready_to_continue.rt,key_resp_2.keys,key_resp_2.rt,Response.keys,Response.corr,Response.rt,begin_exp.keys,begin_exp.rt,finished.keys,finished.rt,date,frameRate,expName,participant,condition,
,,,,,,,,,,,,r,1906.20067,,,,,,,,,,2018_Feb_20_1657,85.0476609533,Stroop,156,L,
,,,,,,,,,,,,,,r,6.78641200066,,,,,,,,2018_Feb_20_1657,85.0476609533,Stroop,156,L,
BLUE,incongruent,r,red,0,0,0,2,,,,,,,,,r,1,5.15171003342,,,,,2018_Feb_20_1657,85.0476609533,Stroop,156,L,
RED,incongruent,b,blue,0,1,1,1,,,,,,,,,b,1,1.38802695274,,,,,2018_Feb_20_1657,85.0476609533,Stroop,156,L,
BLUE,congruent,b,blue,0,2,2,3,,,,,,,,,b,1,1.27043795586,,,,,2018_Feb_20_1657,85.0476609533,Stroop,156,L,
RED,congruent,r,red,0,3,3,0,,,,,,,,,r,1,2.50524902344,,,,,2018_Feb_20_1657,85.0476609533,Stroop,156,L,
XXXX,neutral,b,blue,0,4,4,5,,,,,,,,,b,1,1.68203806877,,,,,2018_Feb_20_1657,85.0476609533,Stroop,156,L,
XXXX,neutral,r,red,0,5,5,4,,,,,,,,,r,1,2.76412010193,,,,,2018_Feb_20_1657,85.0476609533,Stroop,156,L,
RED,congruent,r,red,1,0,6,0,,,,,,,,,r,1,2.14086103439,,,,,2018_Feb_20_1657,85.0476609533,Stroop,156,L,
XXXX,neutral,r,red,1,1,7,4,,,,,,,,,r,1,0.847060918808,,,,,2018_Feb_20_1657,85.0476609533,Stroop,156,L,
XXXX,neutral,b,blue,1,2,8,5,,,,,,,,,b,1,1.3644618988,,,,,2018_Feb_20_1657,85.0476609533,Stroop,156,L,
BLUE,congruent,b,blue,1,3,9,3,,,,,,,,,b,1,2.96412801743,,,,,2018_Feb_20_1657,85.0476609533,Stroop,156,L,
BLUE,incongruent,r,red,1,4,10,2,,,,,,,,,r,1,1.82328891754,,,,,2018_Feb_20_1657,85.0476609533,Stroop,156,L,
RED,incongruent,b,blue,1,5,11,1,,,,,,,,,b,1,1.69394803047,,,,,2018_Feb_20_1657,85.0476609533,Stroop,156,L,
,,,,,,,,,,,,,,,,,,,b,6.12781906128,,,2018_Feb_20_1657,85.0476609533,Stroop,156,L,
RED,congruent,r,red,,,,,0,0,0,0,,,,,r,1,1.12926197052,,,,,2018_Feb_20_1657,85.0476609533,Stroop,156,L,
BLUE,incongruent,r,red,,,,,0,1,1,2,,,,,r,1,1.44690608978,,,,,2018_Feb_20_1657,85.0476609533,Stroop,156,L,
RED,incongruent,b,blue,,,,,0,2,2,1,,,,,b,1,0.858952045441,,,,,2018_Feb_20_1657,85.0476609533,Stroop,156,L,
BLUE,incongruent,r,red,,,,,0,3,3,2,,,,,r,1,1.27036905289,,,,,2018_Feb_20_1657,85.0476609533,Stroop,156,L,
BLUE,incongruent,r,red,,,,,0,4,4,2,,,,,r,1,1.11765813828,,,,,2018_Feb_20_1657,85.0476609533,Stroop,156,L,
RED,incongruent,b,blue,,,,,0,5,5,1,,,,,b,1,1.08240008354,,,,,2018_Feb_20_1657,85.0476609533,Stroop,156,L,
XXXX,neutral,r,red,,,,,1,0,6,4,,,,,r,1,1.75258994102,,,,,2018_Feb_20_1657,85.0476609533,Stroop,156,L,
RED,congruent,r,red,,,,,1,1,7,0,,,,,r,1,1.41153907776,,,,,2018_Feb_20_1657,85.0476609533,Stroop,156,L,
XXXX,neutral,b,blue,,,,,1,2,8,5,,,,,b,1,1.19990801811,,,,,2018_Feb_20_1657,85.0476609533,Stroop,156,L,
XXXX,neutral,r,red,,,,,1,3,9,4,,,,,r,1,0.729434013367,,,,,2018_Feb_20_1657,85.0476609533,Stroop,156,L,
RED,incongruent,b,blue,,,,,1,4,10,1,,,,,b,1,1.14110207558,,,,,2018_Feb_20_1657,85.0476609533,Stroop,156,L,
RED,incongruent,b,blue,,,,,1,5,11,1,,,,,b,1,1.95255804062,,,,,2018_Feb_20_1657,85.0476609533,Stroop,156,L,
XXXX,neutral,r,red,,,,,2,0,12,4,,,,,r,1,1.82316088676,,,,,2018_Feb_20_1657,85.0476609533,Stroop,156,L,
RED,incongruent,b,blue,,,,,2,1,13,1,,,,,b,1,2.08201408386,,,,,2018_Feb_20_1657,85.0476609533,Stroop,156,L,
RED,congruent,r,red,,,,,2,2,14,0,,,,,r,1,1.39979195595,,,,,2018_Feb_20_1657,85.0476609533,Stroop,156,L,
RED,incongruent,b,blue,,,,,2,3,15,1,,,,,b,1,0.811751842499,,,,,2018_Feb_20_1657,85.0476609533,Stroop,156,L,
RED,congruent,r,red,,,,,2,4,16,0,,,,,r,1,1.37633514404,,,,,2018_Feb_20_1657,85.0476609533,Stroop,156,L,
XXXX,neutral,b,blue,,,,,2,5,17,5,,,,,b,1,0.905924081802,,,,,2018_Feb_20_1657,85.0476609533,Stroop,156,L,
XXXX,neutral,b,blue,,,,,3,0,18,5,,,,,b,1,0.552916049957,,,,,2018_Feb_20_1657,85.0476609533,Stroop,156,L,
XXXX,neutral,b,blue,,,,,3,1,19,5,,,,,b,1,0.717804908752,,,,,2018_Feb_20_1657,85.0476609533,Stroop,156,L,
RED,congruent,r,red,,,,,3,2,20,0,,,,,r,1,0.729277133942,,,,,2018_Feb_20_1657,85.0476609533,Stroop,156,L,
BLUE,congruent,b,blue,,,,,3,3,21,3,,,,,b,1,0.682543992996,,,,,2018_Feb_20_1657,85.0476609533,Stroop,156,L,
BLUE,incongruent,r,red,,,,,3,4,22,2,,,,,r,1,1.07046890259,,,,,2018_Feb_20_1657,85.0476609533,Stroop,156,L,
XXXX,neutral,r,red,,,,,3,5,23,4,,,,,r,1,0.776453018188,,,,,2018_Feb_20_1657,85.0476609533,Stroop,156,L,
XXXX,neutral,r,red,,,,,4,0,24,4,,,,,r,1,0.658853054047,,,,,2018_Feb_20_1657,85.0476609533,Stroop,156,L,
RED,congruent,r,red,,,,,4,1,25,0,,,,,r,1,0.588278055191,,,,,2018_Feb_20_1657,85.0476609533,Stroop,156,L,
RED,incongruent,b,blue,,,,,4,2,26,1,,,,,b,1,0.741110086441,,,,,2018_Feb_20_1657,85.0476609533,Stroop,156,L,
BLUE,incongruent,r,red,,,,,4,3,27,2,,,,,r,1,0.764719963074,,,,,2018_Feb_20_1657,85.0476609533,Stroop,156,L,
RED,congruent,r,red,,,,,4,4,28,0,,,,,r,1,0.705852985382,,,,,2018_Feb_20_1657,85.0476609533,Stroop,156,L,
BLUE,incongruent,r,red,,,,,4,5,29,2,,,,,r,1,0.776526212692,,,,,2018_Feb_20_1657,85.0476609533,Stroop,156,L,
BLUE,incongruent,r,red,,,,,5,0,30,2,,,,,r,1,0.564760923386,,,,,2018_Feb_20_1657,85.0476609533,Stroop,156,L,
XXXX,neutral,r,red,,,,,5,1,31,4,,,,,r,1,0.682339191437,,,,,2018_Feb_20_1657,85.0476609533,Stroop,156,L,
XXXX,neutral,r,red,,,,,5,2,32,4,,,,,r,1,0.564708948135,,,,,2018_Feb_20_1657,85.0476609533,Stroop,156,L,
BLUE,incongruent,r,red,,,,,5,3,33,2,,,,,r,1,1.08231806755,,,,,2018_Feb_20_1657,85.0476609533,Stroop,156,L,
RED,incongruent,b,blue,,,,,5,4,34,1,,,,,b,1,0.800070047379,,,,,2018_Feb_20_1657,85.0476609533,Stroop,156,L,
BLUE,incongruent,r,red,,,,,5,5,35,2,,,,,r,1,1.83495402336,,,,,2018_Feb_20_1657,85.0476609533,Stroop,156,L,
BLUE,incongruent,r,red,,,,,6,0,36,2,,,,,r,1,2.34070491791,,,,,2018_Feb_20_1657,85.0476609533,Stroop,156,L,
BLUE,incongruent,r,red,,,,,6,1,37,2,,,,,r,1,1.29403591156,,,,,2018_Feb_20_1657,85.0476609533,Stroop,156,L,
XXXX,neutral,r,red,,,,,6,2,38,4,,,,,r,1,1.01182699203,,,,,2018_Feb_20_1657,85.0476609533,Stroop,156,L,
BLUE,congruent,b,blue,,,,,6,3,39,3,,,,,b,1,1.03514504433,,,,,2018_Feb_20_1657,85.0476609533,Stroop,156,L,
BLUE,congruent,b,blue,,,,,6,4,40,3,,,,,b,1,2.41130709648,,,,,2018_Feb_20_1657,85.0476609533,Stroop,156,L,
XXXX,neutral,b,blue,,,,,6,5,41,5,,,,,b,1,0.823532104492,,,,,2018_Feb_20_1657,85.0476609533,Stroop,156,L,
BLUE,incongruent,r,red,,,,,7,0,42,2,,,,,r,1,1.56455183029,,,,,2018_Feb_20_1657,85.0476609533,Stroop,156,L,
RED,congruent,r,red,,,,,7,1,43,0,,,,,r,1,1.07050919533,,,,,2018_Feb_20_1657,85.0476609533,Stroop,156,L,
BLUE,congruent,b,blue,,,,,7,2,44,3,,,,,b,1,1.25866508484,,,,,2018_Feb_20_1657,85.0476609533,Stroop,156,L,
BLUE,congruent,b,blue,,,,,7,3,45,3,,,,,b,1,1.54113101959,,,,,2018_Feb_20_1657,85.0476609533,Stroop,156,L,
XXXX,neutral,b,blue,,,,,7,4,46,5,,,,,b,1,0.799960851669,,,,,2018_Feb_20_1657,85.0476609533,Stroop,156,L,
BLUE,congruent,b,blue,,,,,7,5,47,3,,,,,b,1,1.18813586235,,,,,2018_Feb_20_1657,85.0476609533,Stroop,156,L,
RED,incongruent,b,blue,,,,,8,0,48,1,,,,,b,1,1.21173501015,,,,,2018_Feb_20_1657,85.0476609533,Stroop,156,L,
XXXX,neutral,b,blue,,,,,8,1,49,5,,,,,b,1,0.823352098465,,,,,2018_Feb_20_1657,85.0476609533,Stroop,156,L,
XXXX,neutral,r,red,,,,,8,2,50,4,,,,,r,1,0.941134929657,,,,,2018_Feb_20_1657,85.0476609533,Stroop,156,L,
XXXX,neutral,b,blue,,,,,8,3,51,5,,,,,b,1,1.27041101456,,,,,2018_Feb_20_1657,85.0476609533,Stroop,156,L,
XXXX,neutral,r,red,,,,,8,4,52,4,,,,,r,1,1.42339205742,,,,,2018_Feb_20_1657,85.0476609533,Stroop,156,L,
XXXX,neutral,r,red,,,,,8,5,53,4,,,,,r,1,1.99969506264,,,,,2018_Feb_20_1657,85.0476609533,Stroop,156,L,
XXXX,neutral,r,red,,,,,9,0,54,4,,,,,r,1,0.894061803818,,,,,2018_Feb_20_1657,85.0476609533,Stroop,156,L,
BLUE,incongruent,r,red,,,,,9,1,55,2,,,,,r,1,1.14107608795,,,,,2018_Feb_20_1657,85.0476609533,Stroop,156,L,
BLUE,congruent,b,blue,,,,,9,2,56,3,,,,,b,1,0.62366104126,,,,,2018_Feb_20_1657,85.0476609533,Stroop,156,L,
RED,incongruent,b,blue,,,,,9,3,57,1,,,,,b,1,1.42338490486,,,,,2018_Feb_20_1657,85.0476609533,Stroop,156,L,
XXXX,neutral,b,blue,,,,,9,4,58,5,,,,,b,1,0.647208929062,,,,,2018_Feb_20_1657,85.0476609533,Stroop,156,L,
RED,congruent,r,red,,,,,9,5,59,0,,,,,r,1,0.999952793121,,,,,2018_Feb_20_1657,85.0476609533,Stroop,156,L,
RED,congruent,r,red,,,,,10,0,60,0,,,,,r,1,1.22339701653,,,,,2018_Feb_20_1657,85.0476609533,Stroop,156,L,
RED,incongruent,b,blue,,,,,10,1,61,1,,,,,b,1,1.1411190033,,,,,2018_Feb_20_1657,85.0476609533,Stroop,156,L,
BLUE,congruent,b,blue,,,,,10,2,62,3,,,,,b,1,0.647100925446,,,,,2018_Feb_20_1657,85.0476609533,Stroop,156,L,
RED,incongruent,b,blue,,,,,10,3,63,1,,,,,b,1,1.03524494171,,,,,2018_Feb_20_1657,85.0476609533,Stroop,156,L,
RED,congruent,r,red,,,,,10,4,64,0,,,,,r,1,0.96465587616,,,,,2018_Feb_20_1657,85.0476609533,Stroop,156,L,
BLUE,incongruent,r,red,,,,,10,5,65,2,,,,,r,1,1.23525214195,,,,,2018_Feb_20_1657,85.0476609533,Stroop,156,L,
RED,incongruent,b,blue,,,,,11,0,66,1,,,,,b,1,0.847013950348,,,,,2018_Feb_20_1657,85.0476609533,Stroop,156,L,
XXXX,neutral,r,red,,,,,11,1,67,4,,,,,r,1,0.905801057816,,,,,2018_Feb_20_1657,85.0476609533,Stroop,156,L,
BLUE,incongruent,r,red,,,,,11,2,68,2,,,,,r,1,0.62354016304,,,,,2018_Feb_20_1657,85.0476609533,Stroop,156,L,
RED,incongruent,b,blue,,,,,11,3,69,1,,,,,b,1,0.647220134735,,,,,2018_Feb_20_1657,85.0476609533,Stroop,156,L,
BLUE,congruent,b,blue,,,,,11,4,70,3,,,,,b,1,0.553102016449,,,,,2018_Feb_20_1657,85.0476609533,Stroop,156,L,
BLUE,congruent,b,blue,,,,,11,5,71,3,,,,,b,1,0.98811006546,,,,,2018_Feb_20_1657,85.0476609533,Stroop,156,L,
XXXX,neutral,b,blue,,,,,12,0,72,5,,,,,b,1,0.635334014893,,,,,2018_Feb_20_1657,85.0476609533,Stroop,156,L,
RED,incongruent,b,blue,,,,,12,1,73,1,,,,,b,1,0.623604059219,,,,,2018_Feb_20_1657,85.0476609533,Stroop,156,L,
XXXX,neutral,r,red,,,,,12,2,74,4,,,,,r,1,0.82355594635,,,,,2018_Feb_20_1657,85.0476609533,Stroop,156,L,
RED,congruent,r,red,,,,,12,3,75,0,,,,,r,1,0.741189002991,,,,,2018_Feb_20_1657,85.0476609533,Stroop,156,L,
BLUE,incongruent,r,red,,,,,12,4,76,2,,,,,r,1,0.62357878685,,,,,2018_Feb_20_1657,85.0476609533,Stroop,156,L,
BLUE,congruent,b,blue,,,,,12,5,77,3,,,,,b,1,0.599987030029,,,,,2018_Feb_20_1657,85.0476609533,Stroop,156,L,
BLUE,incongruent,r,red,,,,,13,0,78,2,,,,,r,1,0.80007314682,,,,,2018_Feb_20_1657,85.0476609533,Stroop,156,L,
RED,congruent,r,red,,,,,13,1,79,0,,,,,r,1,0.823446989059,,,,,2018_Feb_20_1657,85.0476609533,Stroop,156,L,
BLUE,congruent,b,blue,,,,,13,2,80,3,,,,,b,1,0.553003072739,,,,,2018_Feb_20_1657,85.0476609533,Stroop,156,L,
RED,congruent,r,red,,,,,13,3,81,0,,,,,r,1,0.929445028305,,,,,2018_Feb_20_1657,85.0476609533,Stroop,156,L,
BLUE,congruent,b,blue,,,,,13,4,82,3,,,,,b,1,0.553024053574,,,,,2018_Feb_20_1657,85.0476609533,Stroop,156,L,
RED,incongruent,b,blue,,,,,13,5,83,1,,,,,b,1,2.02322292328,,,,,2018_Feb_20_1657,85.0476609533,Stroop,156,L,
BLUE,congruent,b,blue,,,,,14,0,84,3,,,,,b,1,0.635405063629,,,,,2018_Feb_20_1657,85.0476609533,Stroop,156,L,
XXXX,neutral,b,blue,,,,,14,1,85,5,,,,,b,1,0.717683792114,,,,,2018_Feb_20_1657,85.0476609533,Stroop,156,L,
BLUE,congruent,b,blue,,,,,14,2,86,3,,,,,b,1,0.611791133881,,,,,2018_Feb_20_1657,85.0476609533,Stroop,156,L,
XXXX,neutral,r,red,,,,,14,3,87,4,,,,,r,1,0.788182973862,,,,,2018_Feb_20_1657,85.0476609533,Stroop,156,L,
RED,congruent,r,red,,,,,14,4,88,0,,,,,r,1,0.600040912628,,,,,2018_Feb_20_1657,85.0476609533,Stroop,156,L,
RED,congruent,r,red,,,,,14,5,89,0,,,,,r,1,0.576502084732,,,,,2018_Feb_20_1657,85.0476609533,Stroop,156,L,
XXXX,neutral,b,blue,,,,,15,0,90,5,,,,,b,1,0.658950090408,,,,,2018_Feb_20_1657,85.0476609533,Stroop,156,L,
BLUE,congruent,b,blue,,,,,15,1,91,3,,,,,b,1,0.635312080383,,,,,2018_Feb_20_1657,85.0476609533,Stroop,156,L,
XXXX,neutral,b,blue,,,,,15,2,92,5,,,,,b,1,0.882317066193,,,,,2018_Feb_20_1657,85.0476609533,Stroop,156,L,
BLUE,congruent,b,blue,,,,,15,3,93,3,,,,,b,1,1.25871896744,,,,,2018_Feb_20_1657,85.0476609533,Stroop,156,L,
BLUE,congruent,b,blue,,,,,15,4,94,3,,,,,b,1,0.599981069565,,,,,2018_Feb_20_1657,85.0476609533,Stroop,156,L,
BLUE,incongruent,r,red,,,,,15,5,95,2,,,,,r,1,0.753005981445,,,,,2018_Feb_20_1657,85.0476609533,Stroop,156,L,
BLUE,congruent,b,blue,,,,,16,0,96,3,,,,,b,1,0.682353019714,,,,,2018_Feb_20_1657,85.0476609533,Stroop,156,L,
XXXX,neutral,b,blue,,,,,16,1,97,5,,,,,b,1,0.588402032852,,,,,2018_Feb_20_1657,85.0476609533,Stroop,156,L,
BLUE,congruent,b,blue,,,,,16,2,98,3,,,,,b,1,0.717674970627,,,,,2018_Feb_20_1657,85.0476609533,Stroop,156,L,
BLUE,congruent,b,blue,,,,,16,3,99,3,,,,,b,1,1.18818187714,,,,,2018_Feb_20_1657,85.0476609533,Stroop,156,L,
BLUE,congruent,b,blue,,,,,16,4,100,3,,,,,b,1,0.647136926651,,,,,2018_Feb_20_1657,85.0476609533,Stroop,156,L,
XXXX,neutral,r,red,,,,,16,5,101,4,,,,,r,1,0.870604038239,,,,,2018_Feb_20_1657,85.0476609533,Stroop,156,L,
XXXX,neutral,b,blue,,,,,17,0,102,5,,,,,b,1,0.964631080627,,,,,2018_Feb_20_1657,85.0476609533,Stroop,156,L,
RED,congruent,r,red,,,,,17,1,103,0,,,,,r,1,0.882329940796,,,,,2018_Feb_20_1657,85.0476609533,Stroop,156,L,
RED,congruent,r,red,,,,,17,2,104,0,,,,,r,1,0.776501893997,,,,,2018_Feb_20_1657,85.0476609533,Stroop,156,L,
RED,congruent,r,red,,,,,17,3,105,0,,,,,r,1,1.04703688622,,,,,2018_Feb_20_1657,85.0476609533,Stroop,156,L,
XXXX,neutral,b,blue,,,,,17,4,106,5,,,,,b,1,0.776602983475,,,,,2018_Feb_20_1657,85.0476609533,Stroop,156,L,
XXXX,neutral,b,blue,,,,,17,5,107,5,,,,,b,1,1.5409090519,,,,,2018_Feb_20_1657,85.0476609533,Stroop,156,L,
RED,incongruent,b,blue,,,,,18,0,108,1,,,,,b,1,1.61130213737,,,,,2018_Feb_20_1657,85.0476609533,Stroop,156,L,
RED,incongruent,b,blue,,,,,18,1,109,1,,,,,b,1,2.94084906578,,,,,2018_Feb_20_1657,85.0476609533,Stroop,156,L,
BLUE,incongruent,r,red,,,,,18,2,110,2,,,,,r,1,1.02355599403,,,,,2018_Feb_20_1657,85.0476609533,Stroop,156,L,
BLUE,congruent,b,blue,,,,,18,3,111,3,,,,,b,1,0.7059071064,,,,,2018_Feb_20_1657,85.0476609533,Stroop,156,L,
RED,congruent,r,red,,,,,18,4,112,0,,,,,r,1,0.800065994263,,,,,2018_Feb_20_1657,85.0476609533,Stroop,156,L,
RED,congruent,r,red,,,,,18,5,113,0,,,,,r,1,0.623634815216,,,,,2018_Feb_20_1657,85.0476609533,Stroop,156,L,
RED,incongruent,b,blue,,,,,19,0,114,1,,,,,b,1,0.764745950699,,,,,2018_Feb_20_1657,85.0476609533,Stroop,156,L,
BLUE,incongruent,r,red,,,,,19,1,115,2,,,,,r,1,0.847077131271,,,,,2018_Feb_20_1657,85.0476609533,Stroop,156,L,
RED,incongruent,b,blue,,,,,19,2,116,1,,,,,b,1,0.705981016159,,,,,2018_Feb_20_1657,85.0476609533,Stroop,156,L,
XXXX,neutral,b,blue,,,,,19,3,117,5,,,,,b,1,0.588353872299,,,,,2018_Feb_20_1657,85.0476609533,Stroop,156,L,
BLUE,congruent,b,blue,,,,,19,4,118,3,,,,,b,1,1.02351999283,,,,,2018_Feb_20_1657,85.0476609533,Stroop,156,L,
BLUE,incongruent,r,red,,,,,19,5,119,2,,,,,r,1,0.95295214653,,,,,2018_Feb_20_1657,85.0476609533,Stroop,156,L,
XXXX,neutral,b,blue,,,,,20,0,120,5,,,,,b,1,0.694128990173,,,,,2018_Feb_20_1657,85.0476609533,Stroop,156,L,
RED,incongruent,b,blue,,,,,20,1,121,1,,,,,b,1,0.670610189438,,,,,2018_Feb_20_1657,85.0476609533,Stroop,156,L,
XXXX,neutral,r,red,,,,,20,2,122,4,,,,,r,1,1.14113497734,,,,,2018_Feb_20_1657,85.0476609533,Stroop,156,L,
XXXX,neutral,b,blue,,,,,20,3,123,5,,,,,b,1,1.76458382607,,,,,2018_Feb_20_1657,85.0476609533,Stroop,156,L,
BLUE,incongruent,r,red,,,,,20,4,124,2,,,,,r,1,0.682389974594,,,,,2018_Feb_20_1657,85.0476609533,Stroop,156,L,
BLUE,congruent,b,blue,,,,,20,5,125,3,,,,,b,1,0.753031015396,,,,,2018_Feb_20_1657,85.0476609533,Stroop,156,L,
XXXX,neutral,b,blue,,,,,21,0,126,5,,,,,b,1,0.611793041229,,,,,2018_Feb_20_1657,85.0476609533,Stroop,156,L,
XXXX,neutral,r,red,,,,,21,1,127,4,,,,,r,1,0.576637029648,,,,,2018_Feb_20_1657,85.0476609533,Stroop,156,L,
RED,incongruent,b,blue,,,,,21,2,128,1,,,,,b,1,1.68218302727,,,,,2018_Feb_20_1657,85.0476609533,Stroop,156,L,
XXXX,neutral,b,blue,,,,,21,3,129,5,,,,,b,1,0.611823797226,,,,,2018_Feb_20_1657,85.0476609533,Stroop,156,L,
RED,congruent,r,red,,,,,21,4,130,0,,,,,r,1,0.776504039764,,,,,2018_Feb_20_1657,85.0476609533,Stroop,156,L,
XXXX,neutral,b,blue,,,,,21,5,131,5,,,,,b,1,0.682329893112,,,,,2018_Feb_20_1657,85.0476609533,Stroop,156,L,
RED,congruent,r,red,,,,,22,0,132,0,,,,,r,1,1.17652606964,,,,,2018_Feb_20_1657,85.0476609533,Stroop,156,L,
XXXX,neutral,r,red,,,,,22,1,133,4,,,,,r,1,0.882369041443,,,,,2018_Feb_20_1657,85.0476609533,Stroop,156,L,
XXXX,neutral,b,blue,,,,,22,2,134,5,,,,,b,1,0.682397127151,,,,,2018_Feb_20_1657,85.0476609533,Stroop,156,L,
RED,congruent,r,red,,,,,22,3,135,0,,,,,r,1,0.776520013809,,,,,2018_Feb_20_1657,85.0476609533,Stroop,156,L,
XXXX,neutral,b,blue,,,,,22,4,136,5,,,,,b,1,0.435384988785,,,,,2018_Feb_20_1657,85.0476609533,Stroop,156,L,
XXXX,neutral,r,red,,,,,22,5,137,4,,,,,r,1,2.42309522629,,,,,2018_Feb_20_1657,85.0476609533,Stroop,156,L,
BLUE,incongruent,r,red,,,,,23,0,138,2,,,,,r,1,1.75278306007,,,,,2018_Feb_20_1657,85.0476609533,Stroop,156,L,
XXXX,neutral,r,red,,,,,23,1,139,4,,,,,r,1,0.588397026062,,,,,2018_Feb_20_1657,85.0476609533,Stroop,156,L,
RED,congruent,r,red,,,,,23,2,140,0,,,,,r,1,0.658970832825,,,,,2018_Feb_20_1657,85.0476609533,Stroop,156,L,
XXXX,neutral,r,red,,,,,23,3,141,4,,,,,r,1,0.729517936707,,,,,2018_Feb_20_1657,85.0476609533,Stroop,156,L,
XXXX,neutral,r,red,,,,,23,4,142,4,,,,,r,1,0.658936023712,,,,,2018_Feb_20_1657,85.0476609533,Stroop,156,L,
XXXX,neutral,r,red,,,,,23,5,143,4,,,,,r,1,0.69417309761,,,,,2018_Feb_20_1657,85.0476609533,Stroop,156,L,
BLUE,incongruent,r,red,,,,,24,0,144,2,,,,,r,1,0.67075586319,,,,,2018_Feb_20_1657,85.0476609533,Stroop,156,L,
BLUE,incongruent,r,red,,,,,24,1,145,2,,,,,r,1,0.647041082382,,,,,2018_Feb_20_1657,85.0476609533,Stroop,156,L,
XXXX,neutral,r,red,,,,,24,2,146,4,,,,,r,1,0.894238948822,,,,,2018_Feb_20_1657,85.0476609533,Stroop,156,L,
RED,incongruent,b,blue,,,,,24,3,147,1,,,,,b,1,0.705881118774,,,,,2018_Feb_20_1657,85.0476609533,Stroop,156,L,
RED,incongruent,b,blue,,,,,24,4,148,1,,,,,b,1,0.541346073151,,,,,2018_Feb_20_1657,85.0476609533,Stroop,156,L,
RED,incongruent,b,blue,,,,,24,5,149,1,,,,,b,1,0.870424985886,,,,,2018_Feb_20_1657,85.0476609533,Stroop,156,L,
,,,,,,,,,,,,,,,,,,,,,escape,124.366216898,2018_Feb_20_1657,85.0476609533,Stroop,156,L,
