word,type,correct,ink,Practice.thisRepN,Practice.thisTrialN,Practice.thisN,Practice.thisIndex,trials.thisRepN,trials.thisTrialN,trials.thisN,trials.thisIndex,ready_to_continue.keys,ready_to_continue.rt,key_resp_2.keys,key_resp_2.rt,Response.keys,Response.corr,Response.rt,begin_exp.keys,begin_exp.rt,finished.keys,finished.rt,date,frameRate,expName,participant,condition,
,,,,,,,,,,,,r,48.3988056947,,,,,,,,,,2017_Sep_29_1314,60.216993652,Stroop,14,N,
,,,,,,,,,,,,,,r,3.13370373193,,,,,,,,2017_Sep_29_1314,60.216993652,Stroop,14,N,
BLUE,incongruent,r,red,0,0,0,2,,,,,,,,,b,0,1.13365325297,,,,,2017_Sep_29_1314,60.216993652,Stroop,14,N,
RED,congruent,r,red,0,1,1,0,,,,,,,,,r,1,0.550328157609,,,,,2017_Sep_29_1314,60.216993652,Stroop,14,N,
XXXX,neutral,r,red,0,2,2,4,,,,,,,,,r,1,0.549779500579,,,,,2017_Sep_29_1314,60.216993652,Stroop,14,N,
XXXX,neutral,b,blue,0,3,3,5,,,,,,,,,b,1,0.383832407882,,,,,2017_Sep_29_1314,60.216993652,Stroop,14,N,
BLUE,congruent,b,blue,0,4,4,3,,,,,,,,,b,1,0.38363950653,,,,,2017_Sep_29_1314,60.216993652,Stroop,14,N,
RED,incongruent,b,blue,0,5,5,1,,,,,,,,,b,1,0.386685363948,,,,,2017_Sep_29_1314,60.216993652,Stroop,14,N,
XXXX,neutral,b,blue,1,0,6,5,,,,,,,,,b,1,0.517060496844,,,,,2017_Sep_29_1314,60.216993652,Stroop,14,N,
XXXX,neutral,r,red,1,1,7,4,,,,,,,,,r,1,0.383572201477,,,,,2017_Sep_29_1314,60.216993652,Stroop,14,N,
BLUE,congruent,b,blue,1,2,8,3,,,,,,,,,b,1,0.500199661823,,,,,2017_Sep_29_1314,60.216993652,Stroop,14,N,
RED,congruent,r,red,1,3,9,0,,,,,,,,,r,1,0.383822492324,,,,,2017_Sep_29_1314,60.216993652,Stroop,14,N,
BLUE,incongruent,r,red,1,4,10,2,,,,,,,,,r,1,0.717052564374,,,,,2017_Sep_29_1314,60.216993652,Stroop,14,N,
RED,incongruent,b,blue,1,5,11,1,,,,,,,,,b,1,0.380984259304,,,,,2017_Sep_29_1314,60.216993652,Stroop,14,N,
,,,,,,,,,,,,,,,,,,,b,3.9503516542,,,2017_Sep_29_1314,60.216993652,Stroop,14,N,
BLUE,incongruent,r,red,,,,,0,0,0,2,,,,,r,1,0.800294279587,,,,,2017_Sep_29_1314,60.216993652,Stroop,14,N,
RED,congruent,r,red,,,,,0,1,1,0,,,,,r,1,0.600405873964,,,,,2017_Sep_29_1314,60.216993652,Stroop,14,N,
XXXX,neutral,r,red,,,,,0,2,2,4,,,,,r,1,0.450481006294,,,,,2017_Sep_29_1314,60.216993652,Stroop,14,N,
BLUE,congruent,b,blue,,,,,0,3,3,3,,,,,b,1,0.616911854711,,,,,2017_Sep_29_1314,60.216993652,Stroop,14,N,
RED,incongruent,b,blue,,,,,0,4,4,1,,,,,b,1,0.433671852108,,,,,2017_Sep_29_1314,60.216993652,Stroop,14,N,
BLUE,congruent,b,blue,,,,,0,5,5,3,,,,,b,1,0.383859450114,,,,,2017_Sep_29_1314,60.216993652,Stroop,14,N,
RED,incongruent,b,blue,,,,,1,0,6,1,,,,,r,0,0.783416618477,,,,,2017_Sep_29_1314,60.216993652,Stroop,14,N,
RED,congruent,r,red,,,,,1,1,7,0,,,,,r,1,0.517041867715,,,,,2017_Sep_29_1314,60.216993652,Stroop,14,N,
BLUE,congruent,b,blue,,,,,1,2,8,3,,,,,b,1,0.550385847688,,,,,2017_Sep_29_1314,60.216993652,Stroop,14,N,
RED,incongruent,b,blue,,,,,1,3,9,1,,,,,r,0,0.650096585858,,,,,2017_Sep_29_1314,60.216993652,Stroop,14,N,
RED,congruent,r,red,,,,,1,4,10,0,,,,,r,1,0.550383443828,,,,,2017_Sep_29_1314,60.216993652,Stroop,14,N,
RED,incongruent,b,blue,,,,,1,5,11,1,,,,,b,1,0.78343314433,,,,,2017_Sep_29_1314,60.216993652,Stroop,14,N,
BLUE,congruent,b,blue,,,,,2,0,12,3,,,,,b,1,0.583416738547,,,,,2017_Sep_29_1314,60.216993652,Stroop,14,N,
BLUE,congruent,b,blue,,,,,2,1,13,3,,,,,b,1,0.616324437084,,,,,2017_Sep_29_1314,60.216993652,Stroop,14,N,
BLUE,congruent,b,blue,,,,,2,2,14,3,,,,,b,1,0.517091745627,,,,,2017_Sep_29_1314,60.216993652,Stroop,14,N,
BLUE,congruent,b,blue,,,,,2,3,15,3,,,,,b,1,0.416987993522,,,,,2017_Sep_29_1314,60.216993652,Stroop,14,N,
RED,congruent,r,red,,,,,2,4,16,0,,,,,r,1,0.433926049038,,,,,2017_Sep_29_1314,60.216993652,Stroop,14,N,
XXXX,neutral,b,blue,,,,,2,5,17,5,,,,,b,1,0.600386343431,,,,,2017_Sep_29_1314,60.216993652,Stroop,14,N,
XXXX,neutral,b,blue,,,,,3,0,18,5,,,,,b,1,0.516982975649,,,,,2017_Sep_29_1314,60.216993652,Stroop,14,N,
BLUE,congruent,b,blue,,,,,3,1,19,3,,,,,b,1,0.600461460766,,,,,2017_Sep_29_1314,60.216993652,Stroop,14,N,
RED,congruent,r,red,,,,,3,2,20,0,,,,,r,1,0.533741651103,,,,,2017_Sep_29_1314,60.216993652,Stroop,14,N,
RED,congruent,r,red,,,,,3,3,21,0,,,,,r,1,0.700393945328,,,,,2017_Sep_29_1314,60.216993652,Stroop,14,N,
XXXX,neutral,b,blue,,,,,3,4,22,5,,,,,b,1,0.400436942349,,,,,2017_Sep_29_1314,60.216993652,Stroop,14,N,
RED,incongruent,b,blue,,,,,3,5,23,1,,,,,b,1,0.483763390104,,,,,2017_Sep_29_1314,60.216993652,Stroop,14,N,
BLUE,congruent,b,blue,,,,,4,0,24,3,,,,,b,1,0.416734697996,,,,,2017_Sep_29_1314,60.216993652,Stroop,14,N,
RED,incongruent,b,blue,,,,,4,1,25,1,,,,,b,1,0.733660704689,,,,,2017_Sep_29_1314,60.216993652,Stroop,14,N,
BLUE,incongruent,r,red,,,,,4,2,26,2,,,,,r,1,0.600316334167,,,,,2017_Sep_29_1314,60.216993652,Stroop,14,N,
BLUE,congruent,b,blue,,,,,4,3,27,3,,,,,b,1,0.549896683544,,,,,2017_Sep_29_1314,60.216993652,Stroop,14,N,
RED,congruent,r,red,,,,,4,4,28,0,,,,,r,1,0.53385703126,,,,,2017_Sep_29_1314,60.216993652,Stroop,14,N,
BLUE,incongruent,r,red,,,,,4,5,29,2,,,,,r,1,0.550471481401,,,,,2017_Sep_29_1314,60.216993652,Stroop,14,N,
RED,incongruent,b,blue,,,,,5,0,30,1,,,,,b,1,0.616925976705,,,,,2017_Sep_29_1314,60.216993652,Stroop,14,N,
BLUE,incongruent,r,red,,,,,5,1,31,2,,,,,r,1,0.616863178555,,,,,2017_Sep_29_1314,60.216993652,Stroop,14,N,
XXXX,neutral,r,red,,,,,5,2,32,4,,,,,r,1,0.400373843964,,,,,2017_Sep_29_1314,60.216993652,Stroop,14,N,
RED,incongruent,b,blue,,,,,5,3,33,1,,,,,b,1,0.683806837886,,,,,2017_Sep_29_1314,60.216993652,Stroop,14,N,
XXXX,neutral,b,blue,,,,,5,4,34,5,,,,,b,1,0.567001199233,,,,,2017_Sep_29_1314,60.216993652,Stroop,14,N,
RED,incongruent,b,blue,,,,,5,5,35,1,,,,,b,1,0.767062374623,,,,,2017_Sep_29_1314,60.216993652,Stroop,14,N,
BLUE,incongruent,r,red,,,,,6,0,36,2,,,,,r,1,0.384325477993,,,,,2017_Sep_29_1314,60.216993652,Stroop,14,N,
RED,congruent,r,red,,,,,6,1,37,0,,,,,r,1,0.500438535004,,,,,2017_Sep_29_1314,60.216993652,Stroop,14,N,
XXXX,neutral,b,blue,,,,,6,2,38,5,,,,,b,1,0.417033063946,,,,,2017_Sep_29_1314,60.216993652,Stroop,14,N,
XXXX,neutral,r,red,,,,,6,3,39,4,,,,,r,1,0.417036669562,,,,,2017_Sep_29_1314,60.216993652,Stroop,14,N,
BLUE,incongruent,r,red,,,,,6,4,40,2,,,,,r,1,0.397618239978,,,,,2017_Sep_29_1314,60.216993652,Stroop,14,N,
RED,incongruent,b,blue,,,,,6,5,41,1,,,,,b,1,0.367083047051,,,,,2017_Sep_29_1314,60.216993652,Stroop,14,N,
RED,congruent,r,red,,,,,7,0,42,0,,,,,r,1,0.516962243244,,,,,2017_Sep_29_1314,60.216993652,Stroop,14,N,
BLUE,incongruent,r,red,,,,,7,1,43,2,,,,,r,1,1.00053994334,,,,,2017_Sep_29_1314,60.216993652,Stroop,14,N,
RED,incongruent,b,blue,,,,,7,2,44,1,,,,,b,1,0.567059490248,,,,,2017_Sep_29_1314,60.216993652,Stroop,14,N,
BLUE,congruent,b,blue,,,,,7,3,45,3,,,,,b,1,0.416623524274,,,,,2017_Sep_29_1314,60.216993652,Stroop,14,N,
XXXX,neutral,b,blue,,,,,7,4,46,5,,,,,b,1,0.500405783881,,,,,2017_Sep_29_1314,60.216993652,Stroop,14,N,
XXXX,neutral,b,blue,,,,,7,5,47,5,,,,,b,1,0.450483410037,,,,,2017_Sep_29_1314,60.216993652,Stroop,14,N,
BLUE,incongruent,r,red,,,,,8,0,48,2,,,,,r,1,0.667282828945,,,,,2017_Sep_29_1314,60.216993652,Stroop,14,N,
XXXX,neutral,b,blue,,,,,8,1,49,5,,,,,b,1,0.517725435435,,,,,2017_Sep_29_1314,60.216993652,Stroop,14,N,
RED,incongruent,b,blue,,,,,8,2,50,1,,,,,r,0,0.56951041834,,,,,2017_Sep_29_1314,60.216993652,Stroop,14,N,
RED,congruent,r,red,,,,,8,3,51,0,,,,,r,1,0.483827690477,,,,,2017_Sep_29_1314,60.216993652,Stroop,14,N,
XXXX,neutral,r,red,,,,,8,4,52,4,,,,,r,1,0.600032390561,,,,,2017_Sep_29_1314,60.216993652,Stroop,14,N,
BLUE,congruent,b,blue,,,,,8,5,53,3,,,,,b,1,0.683776190039,,,,,2017_Sep_29_1314,60.216993652,Stroop,14,N,
RED,incongruent,b,blue,,,,,9,0,54,1,,,,,b,1,0.497599099996,,,,,2017_Sep_29_1314,60.216993652,Stroop,14,N,
BLUE,congruent,b,blue,,,,,9,1,55,3,,,,,b,1,0.616996286553,,,,,2017_Sep_29_1314,60.216993652,Stroop,14,N,
BLUE,incongruent,r,red,,,,,9,2,56,2,,,,,b,0,0.667021721252,,,,,2017_Sep_29_1314,60.216993652,Stroop,14,N,
XXXX,neutral,b,blue,,,,,9,3,57,5,,,,,b,1,0.617027234752,,,,,2017_Sep_29_1314,60.216993652,Stroop,14,N,
XXXX,neutral,r,red,,,,,9,4,58,4,,,,,r,1,0.583558259648,,,,,2017_Sep_29_1314,60.216993652,Stroop,14,N,
RED,congruent,r,red,,,,,9,5,59,0,,,,,r,1,0.617221638444,,,,,2017_Sep_29_1314,60.216993652,Stroop,14,N,
XXXX,neutral,r,red,,,,,10,0,60,4,,,,,r,1,0.583729226724,,,,,2017_Sep_29_1314,60.216993652,Stroop,14,N,
RED,congruent,r,red,,,,,10,1,61,0,,,,,r,1,0.483713211608,,,,,2017_Sep_29_1314,60.216993652,Stroop,14,N,
RED,incongruent,b,blue,,,,,10,2,62,1,,,,,b,1,0.950380499358,,,,,2017_Sep_29_1314,60.216993652,Stroop,14,N,
XXXX,neutral,b,blue,,,,,10,3,63,5,,,,,b,1,0.567153236596,,,,,2017_Sep_29_1314,60.216993652,Stroop,14,N,
XXXX,neutral,b,blue,,,,,10,4,64,5,,,,,b,1,0.51707431837,,,,,2017_Sep_29_1314,60.216993652,Stroop,14,N,
XXXX,neutral,b,blue,,,,,10,5,65,5,,,,,b,1,0.416838359786,,,,,2017_Sep_29_1314,60.216993652,Stroop,14,N,
XXXX,neutral,r,red,,,,,11,0,66,4,,,,,r,1,0.483710807865,,,,,2017_Sep_29_1314,60.216993652,Stroop,14,N,
XXXX,neutral,b,blue,,,,,11,1,67,5,,,,,b,1,0.40059258556,,,,,2017_Sep_29_1314,60.216993652,Stroop,14,N,
RED,incongruent,b,blue,,,,,11,2,68,1,,,,,b,1,0.783751040814,,,,,2017_Sep_29_1314,60.216993652,Stroop,14,N,
BLUE,congruent,b,blue,,,,,11,3,69,3,,,,,b,1,0.430702314014,,,,,2017_Sep_29_1314,60.216993652,Stroop,14,N,
BLUE,incongruent,r,red,,,,,11,4,70,2,,,,,r,1,0.367034671479,,,,,2017_Sep_29_1314,60.216993652,Stroop,14,N,
XXXX,neutral,r,red,,,,,11,5,71,4,,,,,r,1,0.467410047655,,,,,2017_Sep_29_1314,60.216993652,Stroop,14,N,
BLUE,incongruent,r,red,,,,,12,0,72,2,,,,,r,1,0.383726943168,,,,,2017_Sep_29_1314,60.216993652,Stroop,14,N,
RED,congruent,r,red,,,,,12,1,73,0,,,,,r,1,0.634016670636,,,,,2017_Sep_29_1314,60.216993652,Stroop,14,N,
XXXX,neutral,r,red,,,,,12,2,74,4,,,,,r,1,0.467125202762,,,,,2017_Sep_29_1314,60.216993652,Stroop,14,N,
XXXX,neutral,b,blue,,,,,12,3,75,5,,,,,b,1,0.550381340669,,,,,2017_Sep_29_1314,60.216993652,Stroop,14,N,
BLUE,incongruent,r,red,,,,,12,4,76,2,,,,,r,1,0.53363648674,,,,,2017_Sep_29_1314,60.216993652,Stroop,14,N,
BLUE,incongruent,r,red,,,,,12,5,77,2,,,,,r,1,0.63372641732,,,,,2017_Sep_29_1314,60.216993652,Stroop,14,N,
RED,congruent,r,red,,,,,13,0,78,0,,,,,r,1,0.433637898997,,,,,2017_Sep_29_1314,60.216993652,Stroop,14,N,
RED,congruent,r,red,,,,,13,1,79,0,,,,,r,1,0.516713755205,,,,,2017_Sep_29_1314,60.216993652,Stroop,14,N,
XXXX,neutral,b,blue,,,,,13,2,80,5,,,,,b,1,0.517094449839,,,,,2017_Sep_29_1314,60.216993652,Stroop,14,N,
RED,congruent,r,red,,,,,13,3,81,0,,,,,r,1,0.433815776836,,,,,2017_Sep_29_1314,60.216993652,Stroop,14,N,
RED,congruent,r,red,,,,,13,4,82,0,,,,,r,1,0.467339437455,,,,,2017_Sep_29_1314,60.216993652,Stroop,14,N,
RED,incongruent,b,blue,,,,,13,5,83,1,,,,,b,1,0.517062600004,,,,,2017_Sep_29_1314,60.216993652,Stroop,14,N,
BLUE,incongruent,r,red,,,,,14,0,84,2,,,,,r,1,0.600273967837,,,,,2017_Sep_29_1314,60.216993652,Stroop,14,N,
XXXX,neutral,b,blue,,,,,14,1,85,5,,,,,b,1,0.450405888958,,,,,2017_Sep_29_1314,60.216993652,Stroop,14,N,
XXXX,neutral,b,blue,,,,,14,2,86,5,,,,,b,1,0.467131212354,,,,,2017_Sep_29_1314,60.216993652,Stroop,14,N,
RED,incongruent,b,blue,,,,,14,3,87,1,,,,,b,1,0.73353360605,,,,,2017_Sep_29_1314,60.216993652,Stroop,14,N,
XXXX,neutral,b,blue,,,,,14,4,88,5,,,,,b,1,0.499641990871,,,,,2017_Sep_29_1314,60.216993652,Stroop,14,N,
XXXX,neutral,r,red,,,,,14,5,89,4,,,,,r,1,0.533622064278,,,,,2017_Sep_29_1314,60.216993652,Stroop,14,N,
XXXX,neutral,r,red,,,,,15,0,90,4,,,,,r,1,0.567172767129,,,,,2017_Sep_29_1314,60.216993652,Stroop,14,N,
BLUE,incongruent,r,red,,,,,15,1,91,2,,,,,r,1,0.53373083414,,,,,2017_Sep_29_1314,60.216993652,Stroop,14,N,
BLUE,incongruent,r,red,,,,,15,2,92,2,,,,,r,1,0.71694409498,,,,,2017_Sep_29_1314,60.216993652,Stroop,14,N,
RED,incongruent,b,blue,,,,,15,3,93,1,,,,,b,1,0.466118330252,,,,,2017_Sep_29_1314,60.216993652,Stroop,14,N,
XXXX,neutral,r,red,,,,,15,4,94,4,,,,,r,1,0.500486609992,,,,,2017_Sep_29_1314,60.216993652,Stroop,14,N,
XXXX,neutral,r,red,,,,,15,5,95,4,,,,,r,1,0.433762894245,,,,,2017_Sep_29_1314,60.216993652,Stroop,14,N,
XXXX,neutral,r,red,,,,,16,0,96,4,,,,,r,1,0.383503093501,,,,,2017_Sep_29_1314,60.216993652,Stroop,14,N,
BLUE,incongruent,r,red,,,,,16,1,97,2,,,,,r,1,0.767060271464,,,,,2017_Sep_29_1314,60.216993652,Stroop,14,N,
BLUE,congruent,b,blue,,,,,16,2,98,3,,,,,b,1,0.500386854284,,,,,2017_Sep_29_1314,60.216993652,Stroop,14,N,
RED,congruent,r,red,,,,,16,3,99,0,,,,,r,1,0.483760385308,,,,,2017_Sep_29_1314,60.216993652,Stroop,14,N,
XXXX,neutral,b,blue,,,,,16,4,100,5,,,,,b,1,0.434050743817,,,,,2017_Sep_29_1314,60.216993652,Stroop,14,N,
RED,incongruent,b,blue,,,,,16,5,101,1,,,,,b,1,0.702991202008,,,,,2017_Sep_29_1314,60.216993652,Stroop,14,N,
BLUE,incongruent,r,red,,,,,17,0,102,2,,,,,r,1,0.800266035483,,,,,2017_Sep_29_1314,60.216993652,Stroop,14,N,
BLUE,congruent,b,blue,,,,,17,1,103,3,,,,,b,1,0.600445836317,,,,,2017_Sep_29_1314,60.216993652,Stroop,14,N,
BLUE,incongruent,r,red,,,,,17,2,104,2,,,,,r,1,0.567041161587,,,,,2017_Sep_29_1314,60.216993652,Stroop,14,N,
XXXX,neutral,b,blue,,,,,17,3,105,5,,,,,b,1,0.517052384093,,,,,2017_Sep_29_1314,60.216993652,Stroop,14,N,
RED,incongruent,b,blue,,,,,17,4,106,1,,,,,b,1,0.65039765602,,,,,2017_Sep_29_1314,60.216993652,Stroop,14,N,
BLUE,incongruent,r,red,,,,,17,5,107,2,,,,,r,1,0.466611099895,,,,,2017_Sep_29_1314,60.216993652,Stroop,14,N,
BLUE,incongruent,r,red,,,,,18,0,108,2,,,,,r,1,0.484002563637,,,,,2017_Sep_29_1314,60.216993652,Stroop,14,N,
RED,incongruent,b,blue,,,,,18,1,109,1,,,,,b,1,0.783778984332,,,,,2017_Sep_29_1314,60.216993652,Stroop,14,N,
BLUE,incongruent,r,red,,,,,18,2,110,2,,,,,r,1,0.383729647379,,,,,2017_Sep_29_1314,60.216993652,Stroop,14,N,
RED,congruent,r,red,,,,,18,3,111,0,,,,,r,1,0.550591969513,,,,,2017_Sep_29_1314,60.216993652,Stroop,14,N,
BLUE,incongruent,r,red,,,,,18,4,112,2,,,,,r,1,0.38307192002,,,,,2017_Sep_29_1314,60.216993652,Stroop,14,N,
RED,congruent,r,red,,,,,18,5,113,0,,,,,r,1,0.400329074007,,,,,2017_Sep_29_1314,60.216993652,Stroop,14,N,
BLUE,congruent,b,blue,,,,,19,0,114,3,,,,,b,1,0.517058093101,,,,,2017_Sep_29_1314,60.216993652,Stroop,14,N,
XXXX,neutral,b,blue,,,,,19,1,115,5,,,,,b,1,0.467698197812,,,,,2017_Sep_29_1314,60.216993652,Stroop,14,N,
RED,congruent,r,red,,,,,19,2,116,0,,,,,r,1,0.383811374893,,,,,2017_Sep_29_1314,60.216993652,Stroop,14,N,
XXXX,neutral,r,red,,,,,19,3,117,4,,,,,r,1,0.450383353746,,,,,2017_Sep_29_1314,60.216993652,Stroop,14,N,
RED,congruent,r,red,,,,,19,4,118,0,,,,,r,1,0.400528886006,,,,,2017_Sep_29_1314,60.216993652,Stroop,14,N,
XXXX,neutral,r,red,,,,,19,5,119,4,,,,,r,1,0.417107580346,,,,,2017_Sep_29_1314,60.216993652,Stroop,14,N,
XXXX,neutral,b,blue,,,,,20,0,120,5,,,,,b,1,0.530998065951,,,,,2017_Sep_29_1314,60.216993652,Stroop,14,N,
BLUE,congruent,b,blue,,,,,20,1,121,3,,,,,b,1,0.483480348019,,,,,2017_Sep_29_1314,60.216993652,Stroop,14,N,
XXXX,neutral,r,red,,,,,20,2,122,4,,,,,r,1,0.400435139658,,,,,2017_Sep_29_1314,60.216993652,Stroop,14,N,
XXXX,neutral,r,red,,,,,20,3,123,4,,,,,r,1,0.350406399812,,,,,2017_Sep_29_1314,60.216993652,Stroop,14,N,
XXXX,neutral,r,red,,,,,20,4,124,4,,,,,r,1,0.48371681734,,,,,2017_Sep_29_1314,60.216993652,Stroop,14,N,
XXXX,neutral,b,blue,,,,,20,5,125,5,,,,,b,1,0.567054983228,,,,,2017_Sep_29_1314,60.216993652,Stroop,14,N,
RED,incongruent,b,blue,,,,,21,0,126,1,,,,,b,1,0.500390760251,,,,,2017_Sep_29_1314,60.216993652,Stroop,14,N,
BLUE,congruent,b,blue,,,,,21,1,127,3,,,,,b,1,0.567068504286,,,,,2017_Sep_29_1314,60.216993652,Stroop,14,N,
BLUE,congruent,b,blue,,,,,21,2,128,3,,,,,b,1,0.367165075149,,,,,2017_Sep_29_1314,60.216993652,Stroop,14,N,
BLUE,congruent,b,blue,,,,,21,3,129,3,,,,,b,1,0.350094212103,,,,,2017_Sep_29_1314,60.216993652,Stroop,14,N,
RED,congruent,r,red,,,,,21,4,130,0,,,,,r,1,0.417054697638,,,,,2017_Sep_29_1314,60.216993652,Stroop,14,N,
XXXX,neutral,r,red,,,,,21,5,131,4,,,,,r,1,0.416937815142,,,,,2017_Sep_29_1314,60.216993652,Stroop,14,N,
XXXX,neutral,b,blue,,,,,22,0,132,5,,,,,b,1,0.417137927841,,,,,2017_Sep_29_1314,60.216993652,Stroop,14,N,
XXXX,neutral,r,red,,,,,22,1,133,4,,,,,r,1,0.933714969433,,,,,2017_Sep_29_1314,60.216993652,Stroop,14,N,
BLUE,incongruent,r,red,,,,,22,2,134,2,,,,,r,1,0.533840204938,,,,,2017_Sep_29_1314,60.216993652,Stroop,14,N,
RED,incongruent,b,blue,,,,,22,3,135,1,,,,,b,1,0.517234468483,,,,,2017_Sep_29_1314,60.216993652,Stroop,14,N,
XXXX,neutral,b,blue,,,,,22,4,136,5,,,,,b,1,0.430768417194,,,,,2017_Sep_29_1314,60.216993652,Stroop,14,N,
BLUE,congruent,b,blue,,,,,22,5,137,3,,,,,b,1,0.447924012435,,,,,2017_Sep_29_1314,60.216993652,Stroop,14,N,
XXXX,neutral,r,red,,,,,23,0,138,4,,,,,r,1,0.433685373166,,,,,2017_Sep_29_1314,60.216993652,Stroop,14,N,
BLUE,congruent,b,blue,,,,,23,1,139,3,,,,,b,1,0.451071428368,,,,,2017_Sep_29_1314,60.216993652,Stroop,14,N,
XXXX,neutral,r,red,,,,,23,2,140,4,,,,,r,1,0.433822086779,,,,,2017_Sep_29_1314,60.216993652,Stroop,14,N,
RED,incongruent,b,blue,,,,,23,3,141,1,,,,,r,0,0.467021841439,,,,,2017_Sep_29_1314,60.216993652,Stroop,14,N,
RED,congruent,r,red,,,,,23,4,142,0,,,,,r,1,0.447591993841,,,,,2017_Sep_29_1314,60.216993652,Stroop,14,N,
BLUE,congruent,b,blue,,,,,23,5,143,3,,,,,b,1,0.450050734216,,,,,2017_Sep_29_1314,60.216993652,Stroop,14,N,
XXXX,neutral,r,red,,,,,24,0,144,4,,,,,r,1,0.500407887041,,,,,2017_Sep_29_1314,60.216993652,Stroop,14,N,
BLUE,congruent,b,blue,,,,,24,1,145,3,,,,,b,1,0.500397070195,,,,,2017_Sep_29_1314,60.216993652,Stroop,14,N,
XXXX,neutral,r,red,,,,,24,2,146,4,,,,,r,1,0.467068714555,,,,,2017_Sep_29_1314,60.216993652,Stroop,14,N,
BLUE,incongruent,r,red,,,,,24,3,147,2,,,,,r,1,0.417053796351,,,,,2017_Sep_29_1314,60.216993652,Stroop,14,N,
RED,incongruent,b,blue,,,,,24,4,148,1,,,,,b,1,0.417328425217,,,,,2017_Sep_29_1314,60.216993652,Stroop,14,N,
RED,congruent,r,red,,,,,24,5,149,0,,,,,r,1,0.450391766964,,,,,2017_Sep_29_1314,60.216993652,Stroop,14,N,
,,,,,,,,,,,,,,,,,,,,,return,55.4483747164,2017_Sep_29_1314,60.216993652,Stroop,14,N,
