word,type,correct,ink,Practice.thisRepN,Practice.thisTrialN,Practice.thisN,Practice.thisIndex,trials.thisRepN,trials.thisTrialN,trials.thisN,trials.thisIndex,ready_to_continue.keys,ready_to_continue.rt,key_resp_2.keys,key_resp_2.rt,Response.keys,Response.corr,Response.rt,begin_exp.keys,begin_exp.rt,finished.keys,finished.rt,date,frameRate,expName,participant,condition,
,,,,,,,,,,,,b,50.5149617188,,,,,,,,,,2017_Oct_06_1044,60.977601429,Stroop,17,N,
,,,,,,,,,,,,,,b,2.95087807649,,,,,,,,2017_Oct_06_1044,60.977601429,Stroop,17,N,
RED,incongruent,b,blue,0,0,0,1,,,,,,,,,b,1,1.53417192306,,,,,2017_Oct_06_1044,60.977601429,Stroop,17,N,
BLUE,congruent,b,blue,0,1,1,3,,,,,,,,,r,0,0.617056981195,,,,,2017_Oct_06_1044,60.977601429,Stroop,17,N,
XXXX,neutral,r,red,0,2,2,4,,,,,,,,,r,1,2.66677804058,,,,,2017_Oct_06_1044,60.977601429,Stroop,17,N,
RED,congruent,r,red,0,3,3,0,,,,,,,,,r,1,0.5501650027,,,,,2017_Oct_06_1044,60.977601429,Stroop,17,N,
XXXX,neutral,b,blue,0,4,4,5,,,,,,,,,b,1,0.48371681734,,,,,2017_Oct_06_1044,60.977601429,Stroop,17,N,
BLUE,incongruent,r,red,0,5,5,2,,,,,,,,,r,1,0.330925172195,,,,,2017_Oct_06_1044,60.977601429,Stroop,17,N,
XXXX,neutral,r,red,1,0,6,4,,,,,,,,,r,1,0.45028239605,,,,,2017_Oct_06_1044,60.977601429,Stroop,17,N,
BLUE,incongruent,r,red,1,1,7,2,,,,,,,,,r,1,1.30026678671,,,,,2017_Oct_06_1044,60.977601429,Stroop,17,N,
RED,incongruent,b,blue,1,2,8,1,,,,,,,,,b,1,0.566845856607,,,,,2017_Oct_06_1044,60.977601429,Stroop,17,N,
RED,congruent,r,red,1,3,9,0,,,,,,,,,r,1,0.497502649203,,,,,2017_Oct_06_1044,60.977601429,Stroop,17,N,
BLUE,congruent,b,blue,1,4,10,3,,,,,,,,,b,1,0.500224600779,,,,,2017_Oct_06_1044,60.977601429,Stroop,17,N,
XXXX,neutral,b,blue,1,5,11,5,,,,,,,,,b,1,0.55063042976,,,,,2017_Oct_06_1044,60.977601429,Stroop,17,N,
,,,,,,,,,,,,,,,,,,,b,4.66618761863,,,2017_Oct_06_1044,60.977601429,Stroop,17,N,
XXXX,neutral,r,red,,,,,0,0,0,4,,,,,r,1,2.95013802056,,,,,2017_Oct_06_1044,60.977601429,Stroop,17,N,
RED,congruent,r,red,,,,,0,1,1,0,,,,,r,1,0.530795850093,,,,,2017_Oct_06_1044,60.977601429,Stroop,17,N,
RED,incongruent,b,blue,,,,,0,2,2,1,,,,,b,1,0.350264878711,,,,,2017_Oct_06_1044,60.977601429,Stroop,17,N,
XXXX,neutral,r,red,,,,,0,3,3,4,,,,,r,1,0.767493848689,,,,,2017_Oct_06_1044,60.977601429,Stroop,17,N,
XXXX,neutral,r,red,,,,,0,4,4,4,,,,,r,1,0.500001952983,,,,,2017_Oct_06_1044,60.977601429,Stroop,17,N,
BLUE,congruent,b,blue,,,,,0,5,5,3,,,,,b,1,0.333503498929,,,,,2017_Oct_06_1044,60.977601429,Stroop,17,N,
RED,congruent,r,red,,,,,1,0,6,0,,,,,r,1,0.433871664107,,,,,2017_Oct_06_1044,60.977601429,Stroop,17,N,
XXXX,neutral,b,blue,,,,,1,1,7,5,,,,,b,1,0.350210193079,,,,,2017_Oct_06_1044,60.977601429,Stroop,17,N,
XXXX,neutral,r,red,,,,,1,2,8,4,,,,,r,1,0.350392878521,,,,,2017_Oct_06_1044,60.977601429,Stroop,17,N,
RED,incongruent,b,blue,,,,,1,3,9,1,,,,,b,1,0.300290523795,,,,,2017_Oct_06_1044,60.977601429,Stroop,17,N,
XXXX,neutral,b,blue,,,,,1,4,10,5,,,,,r,0,0.330933585064,,,,,2017_Oct_06_1044,60.977601429,Stroop,17,N,
BLUE,incongruent,r,red,,,,,1,5,11,2,,,,,r,1,1.13354718732,,,,,2017_Oct_06_1044,60.977601429,Stroop,17,N,
XXXX,neutral,r,red,,,,,2,0,12,4,,,,,r,1,0.483554563951,,,,,2017_Oct_06_1044,60.977601429,Stroop,17,N,
XXXX,neutral,b,blue,,,,,2,1,13,5,,,,,b,1,0.466907362686,,,,,2017_Oct_06_1044,60.977601429,Stroop,17,N,
RED,congruent,r,red,,,,,2,2,14,0,,,,,r,1,0.466845165472,,,,,2017_Oct_06_1044,60.977601429,Stroop,17,N,
XXXX,neutral,b,blue,,,,,2,3,15,5,,,,,b,1,0.334274803754,,,,,2017_Oct_06_1044,60.977601429,Stroop,17,N,
XXXX,neutral,b,blue,,,,,2,4,16,5,,,,,b,1,0.382840258302,,,,,2017_Oct_06_1044,60.977601429,Stroop,17,N,
RED,congruent,r,red,,,,,2,5,17,0,,,,,r,1,0.40019296133,,,,,2017_Oct_06_1044,60.977601429,Stroop,17,N,
RED,incongruent,b,blue,,,,,3,0,18,1,,,,,b,1,0.900503196055,,,,,2017_Oct_06_1044,60.977601429,Stroop,17,N,
BLUE,congruent,b,blue,,,,,3,1,19,3,,,,,b,1,0.400217299582,,,,,2017_Oct_06_1044,60.977601429,Stroop,17,N,
RED,congruent,r,red,,,,,3,2,20,0,,,,,r,1,0.350186756812,,,,,2017_Oct_06_1044,60.977601429,Stroop,17,N,
XXXX,neutral,b,blue,,,,,3,3,21,5,,,,,b,1,0.400376848644,,,,,2017_Oct_06_1044,60.977601429,Stroop,17,N,
BLUE,incongruent,r,red,,,,,3,4,22,2,,,,,r,1,0.316916091368,,,,,2017_Oct_06_1044,60.977601429,Stroop,17,N,
XXXX,neutral,b,blue,,,,,3,5,23,5,,,,,b,1,0.798267614096,,,,,2017_Oct_06_1044,60.977601429,Stroop,17,N,
BLUE,incongruent,r,red,,,,,4,0,24,2,,,,,r,1,0.45059157908,,,,,2017_Oct_06_1044,60.977601429,Stroop,17,N,
XXXX,neutral,b,blue,,,,,4,1,25,5,,,,,b,1,0.316970776534,,,,,2017_Oct_06_1044,60.977601429,Stroop,17,N,
RED,congruent,r,red,,,,,4,2,26,0,,,,,r,1,0.383560182527,,,,,2017_Oct_06_1044,60.977601429,Stroop,17,N,
BLUE,congruent,b,blue,,,,,4,3,27,3,,,,,b,1,0.266846787883,,,,,2017_Oct_06_1044,60.977601429,Stroop,17,N,
RED,incongruent,b,blue,,,,,4,4,28,1,,,,,b,1,0.48360924935,,,,,2017_Oct_06_1044,60.977601429,Stroop,17,N,
RED,incongruent,b,blue,,,,,4,5,29,1,,,,,b,1,0.314180618851,,,,,2017_Oct_06_1044,60.977601429,Stroop,17,N,
XXXX,neutral,r,red,,,,,5,0,30,4,,,,,r,1,0.267066430999,,,,,2017_Oct_06_1044,60.977601429,Stroop,17,N,
BLUE,congruent,b,blue,,,,,5,1,31,3,,,,,b,1,0.31693381886,,,,,2017_Oct_06_1044,60.977601429,Stroop,17,N,
XXXX,neutral,b,blue,,,,,5,2,32,5,,,,,r,0,0.250190873165,,,,,2017_Oct_06_1044,60.977601429,Stroop,17,N,
XXXX,neutral,b,blue,,,,,5,3,33,5,,,,,b,1,0.333602654049,,,,,2017_Oct_06_1044,60.977601429,Stroop,17,N,
BLUE,incongruent,r,red,,,,,5,4,34,2,,,,,r,1,0.717015907168,,,,,2017_Oct_06_1044,60.977601429,Stroop,17,N,
BLUE,incongruent,r,red,,,,,5,5,35,2,,,,,r,1,0.450098208385,,,,,2017_Oct_06_1044,60.977601429,Stroop,17,N,
RED,congruent,r,red,,,,,6,0,36,0,,,,,r,1,0.416882528691,,,,,2017_Oct_06_1044,60.977601429,Stroop,17,N,
BLUE,congruent,b,blue,,,,,6,1,37,3,,,,,b,1,0.400183346355,,,,,2017_Oct_06_1044,60.977601429,Stroop,17,N,
XXXX,neutral,r,red,,,,,6,2,38,4,,,,,r,1,0.366642558947,,,,,2017_Oct_06_1044,60.977601429,Stroop,17,N,
XXXX,neutral,b,blue,,,,,6,3,39,5,,,,,b,1,0.550159894628,,,,,2017_Oct_06_1044,60.977601429,Stroop,17,N,
XXXX,neutral,b,blue,,,,,6,4,40,5,,,,,b,1,0.33338060719,,,,,2017_Oct_06_1044,60.977601429,Stroop,17,N,
BLUE,incongruent,r,red,,,,,6,5,41,2,,,,,r,1,1.23053176748,,,,,2017_Oct_06_1044,60.977601429,Stroop,17,N,
BLUE,congruent,b,blue,,,,,7,0,42,3,,,,,b,1,0.883810623782,,,,,2017_Oct_06_1044,60.977601429,Stroop,17,N,
BLUE,incongruent,r,red,,,,,7,1,43,2,,,,,r,1,0.316956053488,,,,,2017_Oct_06_1044,60.977601429,Stroop,17,N,
BLUE,congruent,b,blue,,,,,7,2,44,3,,,,,b,1,0.366854089312,,,,,2017_Oct_06_1044,60.977601429,Stroop,17,N,
RED,congruent,r,red,,,,,7,3,45,0,,,,,r,1,0.433483758243,,,,,2017_Oct_06_1044,60.977601429,Stroop,17,N,
BLUE,congruent,b,blue,,,,,7,4,46,3,,,,,b,1,0.517199914437,,,,,2017_Oct_06_1044,60.977601429,Stroop,17,N,
XXXX,neutral,b,blue,,,,,7,5,47,5,,,,,b,1,0.816751884762,,,,,2017_Oct_06_1044,60.977601429,Stroop,17,N,
BLUE,incongruent,r,red,,,,,8,0,48,2,,,,,r,1,0.497368940618,,,,,2017_Oct_06_1044,60.977601429,Stroop,17,N,
XXXX,neutral,r,red,,,,,8,1,49,4,,,,,r,1,0.514311503153,,,,,2017_Oct_06_1044,60.977601429,Stroop,17,N,
BLUE,incongruent,r,red,,,,,8,2,50,2,,,,,r,1,0.450217494741,,,,,2017_Oct_06_1044,60.977601429,Stroop,17,N,
BLUE,incongruent,r,red,,,,,8,3,51,2,,,,,r,1,0.433635795722,,,,,2017_Oct_06_1044,60.977601429,Stroop,17,N,
RED,incongruent,b,blue,,,,,8,4,52,1,,,,,b,1,0.483287446667,,,,,2017_Oct_06_1044,60.977601429,Stroop,17,N,
XXXX,neutral,b,blue,,,,,8,5,53,5,,,,,b,1,0.400690838927,,,,,2017_Oct_06_1044,60.977601429,Stroop,17,N,
XXXX,neutral,r,red,,,,,9,0,54,4,,,,,r,1,0.41440846445,,,,,2017_Oct_06_1044,60.977601429,Stroop,17,N,
XXXX,neutral,b,blue,,,,,9,1,55,5,,,,,b,1,0.433617767645,,,,,2017_Oct_06_1044,60.977601429,Stroop,17,N,
BLUE,congruent,b,blue,,,,,9,2,56,3,,,,,b,1,0.416230510455,,,,,2017_Oct_06_1044,60.977601429,Stroop,17,N,
XXXX,neutral,r,red,,,,,9,3,57,4,,,,,r,1,0.450247541768,,,,,2017_Oct_06_1044,60.977601429,Stroop,17,N,
BLUE,incongruent,r,red,,,,,9,4,58,2,,,,,r,1,0.50026636594,,,,,2017_Oct_06_1044,60.977601429,Stroop,17,N,
RED,incongruent,b,blue,,,,,9,5,59,1,,,,,b,1,0.331163744675,,,,,2017_Oct_06_1044,60.977601429,Stroop,17,N,
XXXX,neutral,b,blue,,,,,10,0,60,5,,,,,b,1,0.400501843775,,,,,2017_Oct_06_1044,60.977601429,Stroop,17,N,
BLUE,incongruent,r,red,,,,,10,1,61,2,,,,,r,1,0.997546968516,,,,,2017_Oct_06_1044,60.977601429,Stroop,17,N,
RED,incongruent,b,blue,,,,,10,2,62,1,,,,,r,0,0.433690781705,,,,,2017_Oct_06_1044,60.977601429,Stroop,17,N,
BLUE,incongruent,r,red,,,,,10,3,63,2,,,,,r,1,0.416973871412,,,,,2017_Oct_06_1044,60.977601429,Stroop,17,N,
BLUE,congruent,b,blue,,,,,10,4,64,3,,,,,b,1,0.400190557586,,,,,2017_Oct_06_1044,60.977601429,Stroop,17,N,
XXXX,neutral,r,red,,,,,10,5,65,4,,,,,r,1,0.447591393022,,,,,2017_Oct_06_1044,60.977601429,Stroop,17,N,
BLUE,incongruent,r,red,,,,,11,0,66,2,,,,,r,1,0.581041528843,,,,,2017_Oct_06_1044,60.977601429,Stroop,17,N,
RED,incongruent,b,blue,,,,,11,1,67,1,,,,,b,1,0.552971386118,,,,,2017_Oct_06_1044,60.977601429,Stroop,17,N,
BLUE,incongruent,r,red,,,,,11,2,68,2,,,,,r,1,0.500272675883,,,,,2017_Oct_06_1044,60.977601429,Stroop,17,N,
BLUE,incongruent,r,red,,,,,11,3,69,2,,,,,r,1,0.550085378345,,,,,2017_Oct_06_1044,60.977601429,Stroop,17,N,
BLUE,incongruent,r,red,,,,,11,4,70,2,,,,,r,1,0.500355004333,,,,,2017_Oct_06_1044,60.977601429,Stroop,17,N,
RED,incongruent,b,blue,,,,,11,5,71,1,,,,,b,1,0.367022652645,,,,,2017_Oct_06_1044,60.977601429,Stroop,17,N,
XXXX,neutral,r,red,,,,,12,0,72,4,,,,,r,1,0.483607746894,,,,,2017_Oct_06_1044,60.977601429,Stroop,17,N,
RED,congruent,r,red,,,,,12,1,73,0,,,,,r,1,0.599498757161,,,,,2017_Oct_06_1044,60.977601429,Stroop,17,N,
RED,congruent,r,red,,,,,12,2,74,0,,,,,r,1,0.516920778668,,,,,2017_Oct_06_1044,60.977601429,Stroop,17,N,
XXXX,neutral,r,red,,,,,12,3,75,4,,,,,r,1,0.433822387131,,,,,2017_Oct_06_1044,60.977601429,Stroop,17,N,
XXXX,neutral,b,blue,,,,,12,4,76,5,,,,,b,1,0.364206053317,,,,,2017_Oct_06_1044,60.977601429,Stroop,17,N,
BLUE,congruent,b,blue,,,,,12,5,77,3,,,,,b,1,0.952944103396,,,,,2017_Oct_06_1044,60.977601429,Stroop,17,N,
BLUE,congruent,b,blue,,,,,13,0,78,3,,,,,b,1,0.450254452415,,,,,2017_Oct_06_1044,60.977601429,Stroop,17,N,
XXXX,neutral,r,red,,,,,13,1,79,4,,,,,r,1,0.400235628011,,,,,2017_Oct_06_1044,60.977601429,Stroop,17,N,
RED,congruent,r,red,,,,,13,2,80,0,,,,,r,1,0.416924293851,,,,,2017_Oct_06_1044,60.977601429,Stroop,17,N,
RED,congruent,r,red,,,,,13,3,81,0,,,,,r,1,0.519551687874,,,,,2017_Oct_06_1044,60.977601429,Stroop,17,N,
BLUE,congruent,b,blue,,,,,13,4,82,3,,,,,b,1,0.350242343498,,,,,2017_Oct_06_1044,60.977601429,Stroop,17,N,
XXXX,neutral,r,red,,,,,13,5,83,4,,,,,r,1,0.500269070268,,,,,2017_Oct_06_1044,60.977601429,Stroop,17,N,
BLUE,incongruent,r,red,,,,,14,0,84,2,,,,,r,1,1.04734044103,,,,,2017_Oct_06_1044,60.977601429,Stroop,17,N,
XXXX,neutral,r,red,,,,,14,1,85,4,,,,,r,1,0.616931385128,,,,,2017_Oct_06_1044,60.977601429,Stroop,17,N,
BLUE,congruent,b,blue,,,,,14,2,86,3,,,,,b,1,0.664556370582,,,,,2017_Oct_06_1044,60.977601429,Stroop,17,N,
XXXX,neutral,r,red,,,,,14,3,87,4,,,,,r,1,0.616873695049,,,,,2017_Oct_06_1044,60.977601429,Stroop,17,N,
RED,incongruent,b,blue,,,,,14,4,88,1,,,,,b,1,0.417031862075,,,,,2017_Oct_06_1044,60.977601429,Stroop,17,N,
RED,incongruent,b,blue,,,,,14,5,89,1,,,,,b,1,0.383576407796,,,,,2017_Oct_06_1044,60.977601429,Stroop,17,N,
XXXX,neutral,b,blue,,,,,15,0,90,5,,,,,b,1,0.550302617718,,,,,2017_Oct_06_1044,60.977601429,Stroop,17,N,
BLUE,congruent,b,blue,,,,,15,1,91,3,,,,,b,1,0.416909871623,,,,,2017_Oct_06_1044,60.977601429,Stroop,17,N,
RED,incongruent,b,blue,,,,,15,2,92,1,,,,,b,1,0.850131620653,,,,,2017_Oct_06_1044,60.977601429,Stroop,17,N,
RED,congruent,r,red,,,,,15,3,93,0,,,,,r,1,0.500254647806,,,,,2017_Oct_06_1044,60.977601429,Stroop,17,N,
XXXX,neutral,b,blue,,,,,15,4,94,5,,,,,b,1,0.56670523691,,,,,2017_Oct_06_1044,60.977601429,Stroop,17,N,
RED,incongruent,b,blue,,,,,15,5,95,1,,,,,b,1,0.333604156272,,,,,2017_Oct_06_1044,60.977601429,Stroop,17,N,
RED,congruent,r,red,,,,,16,0,96,0,,,,,r,1,0.38349347841,,,,,2017_Oct_06_1044,60.977601429,Stroop,17,N,
BLUE,congruent,b,blue,,,,,16,1,97,3,,,,,b,1,0.333709621103,,,,,2017_Oct_06_1044,60.977601429,Stroop,17,N,
XXXX,neutral,r,red,,,,,16,2,98,4,,,,,r,1,0.714167157654,,,,,2017_Oct_06_1044,60.977601429,Stroop,17,N,
XXXX,neutral,b,blue,,,,,16,3,99,5,,,,,b,1,0.466779362643,,,,,2017_Oct_06_1044,60.977601429,Stroop,17,N,
BLUE,incongruent,r,red,,,,,16,4,100,2,,,,,r,1,0.783485125285,,,,,2017_Oct_06_1044,60.977601429,Stroop,17,N,
BLUE,incongruent,r,red,,,,,16,5,101,2,,,,,r,1,0.950209532166,,,,,2017_Oct_06_1044,60.977601429,Stroop,17,N,
XXXX,neutral,r,red,,,,,17,0,102,4,,,,,r,1,0.350213498343,,,,,2017_Oct_06_1044,60.977601429,Stroop,17,N,
RED,incongruent,b,blue,,,,,17,1,103,1,,,,,b,1,0.366964962566,,,,,2017_Oct_06_1044,60.977601429,Stroop,17,N,
RED,congruent,r,red,,,,,17,2,104,0,,,,,r,1,0.533569181804,,,,,2017_Oct_06_1044,60.977601429,Stroop,17,N,
XXXX,neutral,r,red,,,,,17,3,105,4,,,,,r,1,0.536126476014,,,,,2017_Oct_06_1044,60.977601429,Stroop,17,N,
RED,congruent,r,red,,,,,17,4,106,0,,,,,r,1,0.500222197035,,,,,2017_Oct_06_1044,60.977601429,Stroop,17,N,
RED,congruent,r,red,,,,,17,5,107,0,,,,,r,1,0.533593219239,,,,,2017_Oct_06_1044,60.977601429,Stroop,17,N,
RED,incongruent,b,blue,,,,,18,0,108,1,,,,,b,1,0.566957330797,,,,,2017_Oct_06_1044,60.977601429,Stroop,17,N,
XXXX,neutral,r,red,,,,,18,1,109,4,,,,,r,1,0.698304782389,,,,,2017_Oct_06_1044,60.977601429,Stroop,17,N,
BLUE,congruent,b,blue,,,,,18,2,110,3,,,,,b,1,1.01671691006,,,,,2017_Oct_06_1044,60.977601429,Stroop,17,N,
RED,congruent,r,red,,,,,18,3,111,0,,,,,r,1,0.416725383373,,,,,2017_Oct_06_1044,60.977601429,Stroop,17,N,
RED,congruent,r,red,,,,,18,4,112,0,,,,,r,1,0.400319458917,,,,,2017_Oct_06_1044,60.977601429,Stroop,17,N,
BLUE,congruent,b,blue,,,,,18,5,113,3,,,,,b,1,0.416915880749,,,,,2017_Oct_06_1044,60.977601429,Stroop,17,N,
BLUE,congruent,b,blue,,,,,19,0,114,3,,,,,b,1,0.46680219844,,,,,2017_Oct_06_1044,60.977601429,Stroop,17,N,
RED,incongruent,b,blue,,,,,19,1,115,1,,,,,b,1,0.447239543544,,,,,2017_Oct_06_1044,60.977601429,Stroop,17,N,
RED,congruent,r,red,,,,,19,2,116,0,,,,,r,1,0.466900451807,,,,,2017_Oct_06_1044,60.977601429,Stroop,17,N,
XXXX,neutral,r,red,,,,,19,3,117,4,,,,,r,1,0.432936603669,,,,,2017_Oct_06_1044,60.977601429,Stroop,17,N,
BLUE,incongruent,r,red,,,,,19,4,118,2,,,,,r,1,0.3983375635,,,,,2017_Oct_06_1044,60.977601429,Stroop,17,N,
RED,incongruent,b,blue,,,,,19,5,119,1,,,,,b,1,0.38356739399,,,,,2017_Oct_06_1044,60.977601429,Stroop,17,N,
XXXX,neutral,b,blue,,,,,20,0,120,5,,,,,b,1,0.416874416173,,,,,2017_Oct_06_1044,60.977601429,Stroop,17,N,
BLUE,congruent,b,blue,,,,,20,1,121,3,,,,,b,1,0.350182249676,,,,,2017_Oct_06_1044,60.977601429,Stroop,17,N,
XXXX,neutral,b,blue,,,,,20,2,122,5,,,,,b,1,0.450327466475,,,,,2017_Oct_06_1044,60.977601429,Stroop,17,N,
RED,incongruent,b,blue,,,,,20,3,123,1,,,,,b,1,0.417127711698,,,,,2017_Oct_06_1044,60.977601429,Stroop,17,N,
BLUE,congruent,b,blue,,,,,20,4,124,3,,,,,b,1,0.483574394835,,,,,2017_Oct_06_1044,60.977601429,Stroop,17,N,
RED,incongruent,b,blue,,,,,20,5,125,1,,,,,b,1,0.383476051269,,,,,2017_Oct_06_1044,60.977601429,Stroop,17,N,
RED,congruent,r,red,,,,,21,0,126,0,,,,,r,1,0.316862908192,,,,,2017_Oct_06_1044,60.977601429,Stroop,17,N,
RED,congruent,r,red,,,,,21,1,127,0,,,,,r,1,0.450306133134,,,,,2017_Oct_06_1044,60.977601429,Stroop,17,N,
RED,incongruent,b,blue,,,,,21,2,128,1,,,,,b,1,0.333646522369,,,,,2017_Oct_06_1044,60.977601429,Stroop,17,N,
XXXX,neutral,r,red,,,,,21,3,129,4,,,,,r,1,0.516673792852,,,,,2017_Oct_06_1044,60.977601429,Stroop,17,N,
BLUE,incongruent,r,red,,,,,21,4,130,2,,,,,r,1,0.700023466488,,,,,2017_Oct_06_1044,60.977601429,Stroop,17,N,
XXXX,neutral,r,red,,,,,21,5,131,4,,,,,r,1,0.850227770628,,,,,2017_Oct_06_1044,60.977601429,Stroop,17,N,
RED,congruent,r,red,,,,,22,0,132,0,,,,,r,1,0.383537346963,,,,,2017_Oct_06_1044,60.977601429,Stroop,17,N,
RED,incongruent,b,blue,,,,,22,1,133,1,,,,,b,1,0.317104485584,,,,,2017_Oct_06_1044,60.977601429,Stroop,17,N,
BLUE,congruent,b,blue,,,,,22,2,134,3,,,,,b,1,0.400177036412,,,,,2017_Oct_06_1044,60.977601429,Stroop,17,N,
XXXX,neutral,b,blue,,,,,22,3,135,5,,,,,b,1,0.433689279249,,,,,2017_Oct_06_1044,60.977601429,Stroop,17,N,
XXXX,neutral,b,blue,,,,,22,4,136,5,,,,,b,1,0.41697447258,,,,,2017_Oct_06_1044,60.977601429,Stroop,17,N,
RED,incongruent,b,blue,,,,,22,5,137,1,,,,,b,1,0.367566201836,,,,,2017_Oct_06_1044,60.977601429,Stroop,17,N,
BLUE,congruent,b,blue,,,,,23,0,138,3,,,,,b,1,0.38362538442,,,,,2017_Oct_06_1044,60.977601429,Stroop,17,N,
RED,congruent,r,red,,,,,23,1,139,0,,,,,r,1,0.400221506134,,,,,2017_Oct_06_1044,60.977601429,Stroop,17,N,
XXXX,neutral,b,blue,,,,,23,2,140,5,,,,,b,1,0.450238828082,,,,,2017_Oct_06_1044,60.977601429,Stroop,17,N,
RED,incongruent,b,blue,,,,,23,3,141,1,,,,,b,1,0.483657624805,,,,,2017_Oct_06_1044,60.977601429,Stroop,17,N,
RED,incongruent,b,blue,,,,,23,4,142,1,,,,,b,1,0.550272871275,,,,,2017_Oct_06_1044,60.977601429,Stroop,17,N,
BLUE,congruent,b,blue,,,,,23,5,143,3,,,,,b,1,0.350205085473,,,,,2017_Oct_06_1044,60.977601429,Stroop,17,N,
RED,congruent,r,red,,,,,24,0,144,0,,,,,r,1,0.466922686435,,,,,2017_Oct_06_1044,60.977601429,Stroop,17,N,
BLUE,incongruent,r,red,,,,,24,1,145,2,,,,,r,1,0.533546045423,,,,,2017_Oct_06_1044,60.977601429,Stroop,17,N,
BLUE,incongruent,r,red,,,,,24,2,146,2,,,,,r,1,0.467027249746,,,,,2017_Oct_06_1044,60.977601429,Stroop,17,N,
BLUE,incongruent,r,red,,,,,24,3,147,2,,,,,r,1,0.867204586742,,,,,2017_Oct_06_1044,60.977601429,Stroop,17,N,
BLUE,congruent,b,blue,,,,,24,4,148,3,,,,,b,1,0.366683122469,,,,,2017_Oct_06_1044,60.977601429,Stroop,17,N,
XXXX,neutral,r,red,,,,,24,5,149,4,,,,,r,1,0.633731825743,,,,,2017_Oct_06_1044,60.977601429,Stroop,17,N,
,,,,,,,,,,,,,,,,,,,,,space,72.9974769594,2017_Oct_06_1044,60.977601429,Stroop,17,N,
