word,type,correct,ink,Practice.thisRepN,Practice.thisTrialN,Practice.thisN,Practice.thisIndex,trials.thisRepN,trials.thisTrialN,trials.thisN,trials.thisIndex,ready_to_continue.keys,ready_to_continue.rt,key_resp_2.keys,key_resp_2.rt,Response.keys,Response.corr,Response.rt,begin_exp.keys,begin_exp.rt,finished.keys,finished.rt,date,frameRate,expName,participant,condition,
,,,,,,,,,,,,r,19.9499742647,,,,,,,,,,2017_Oct_04_1301,59.8854338449,Stroop,1,N,
,,,,,,,,,,,,,,b,1.58333290764,,,,,,,,2017_Oct_04_1301,59.8854338449,Stroop,1,N,
XXXX,neutral,r,red,0,0,0,4,,,,,,,,,r,1,0.816940278979,,,,,2017_Oct_04_1301,59.8854338449,Stroop,1,N,
RED,congruent,r,red,0,1,1,0,,,,,,,,,r,1,0.450086189667,,,,,2017_Oct_04_1301,59.8854338449,Stroop,1,N,
BLUE,congruent,b,blue,0,2,2,3,,,,,,,,,b,1,0.333517921623,,,,,2017_Oct_04_1301,59.8854338449,Stroop,1,N,
RED,incongruent,b,blue,0,3,3,1,,,,,,,,,b,1,0.450082283467,,,,,2017_Oct_04_1301,59.8854338449,Stroop,1,N,
XXXX,neutral,b,blue,0,4,4,5,,,,,,,,,b,1,0.51420393493,,,,,2017_Oct_04_1301,59.8854338449,Stroop,1,N,
BLUE,incongruent,r,red,0,5,5,2,,,,,,,,,r,1,0.383583318675,,,,,2017_Oct_04_1301,59.8854338449,Stroop,1,N,
BLUE,incongruent,r,red,1,0,6,2,,,,,,,,,r,1,0.416863599326,,,,,2017_Oct_04_1301,59.8854338449,Stroop,1,N,
BLUE,congruent,b,blue,1,1,7,3,,,,,,,,,b,1,0.483351446455,,,,,2017_Oct_04_1301,59.8854338449,Stroop,1,N,
RED,incongruent,b,blue,1,2,8,1,,,,,,,,,b,1,0.55042160349,,,,,2017_Oct_04_1301,59.8854338449,Stroop,1,N,
RED,congruent,r,red,1,3,9,0,,,,,,,,,r,1,0.500285596121,,,,,2017_Oct_04_1301,59.8854338449,Stroop,1,N,
XXXX,neutral,b,blue,1,4,10,5,,,,,,,,,b,1,0.400255158544,,,,,2017_Oct_04_1301,59.8854338449,Stroop,1,N,
XXXX,neutral,r,red,1,5,11,4,,,,,,,,,r,1,0.383683375083,,,,,2017_Oct_04_1301,59.8854338449,Stroop,1,N,
,,,,,,,,,,,,,,,,,,,b,2.20013509109,,,2017_Oct_04_1301,59.8854338449,Stroop,1,N,
BLUE,congruent,b,blue,,,,,0,0,0,3,,,,,b,1,0.466977672419,,,,,2017_Oct_04_1301,59.8854338449,Stroop,1,N,
BLUE,congruent,b,blue,,,,,0,1,1,3,,,,,b,1,0.433448002441,,,,,2017_Oct_04_1301,59.8854338449,Stroop,1,N,
RED,congruent,r,red,,,,,0,2,2,0,,,,,r,1,0.697261553025,,,,,2017_Oct_04_1301,59.8854338449,Stroop,1,N,
BLUE,incongruent,r,red,,,,,0,3,3,2,,,,,r,1,0.567128898576,,,,,2017_Oct_04_1301,59.8854338449,Stroop,1,N,
BLUE,congruent,b,blue,,,,,0,4,4,3,,,,,b,1,0.380473461468,,,,,2017_Oct_04_1301,59.8854338449,Stroop,1,N,
RED,incongruent,b,blue,,,,,0,5,5,1,,,,,b,1,0.41680320492,,,,,2017_Oct_04_1301,59.8854338449,Stroop,1,N,
XXXX,neutral,b,blue,,,,,1,0,6,5,,,,,r,0,0.431029825471,,,,,2017_Oct_04_1301,59.8854338449,Stroop,1,N,
BLUE,congruent,b,blue,,,,,1,1,7,3,,,,,b,1,0.433570593828,,,,,2017_Oct_04_1301,59.8854338449,Stroop,1,N,
RED,congruent,r,red,,,,,1,2,8,0,,,,,r,1,0.852830736432,,,,,2017_Oct_04_1301,59.8854338449,Stroop,1,N,
RED,incongruent,b,blue,,,,,1,3,9,1,,,,,b,1,0.800508213928,,,,,2017_Oct_04_1301,59.8854338449,Stroop,1,N,
RED,congruent,r,red,,,,,1,4,10,0,,,,,r,1,0.550159894628,,,,,2017_Oct_04_1301,59.8854338449,Stroop,1,N,
XXXX,neutral,r,red,,,,,1,5,11,4,,,,,r,1,0.850429385668,,,,,2017_Oct_04_1301,59.8854338449,Stroop,1,N,
XXXX,neutral,r,red,,,,,2,0,12,4,,,,,r,1,0.600833441829,,,,,2017_Oct_04_1301,59.8854338449,Stroop,1,N,
XXXX,neutral,r,red,,,,,2,1,13,4,,,,,r,1,0.580821585376,,,,,2017_Oct_04_1301,59.8854338449,Stroop,1,N,
XXXX,neutral,b,blue,,,,,2,2,14,5,,,,,b,1,0.433593429625,,,,,2017_Oct_04_1301,59.8854338449,Stroop,1,N,
XXXX,neutral,b,blue,,,,,2,3,15,5,,,,,b,1,0.464294781908,,,,,2017_Oct_04_1301,59.8854338449,Stroop,1,N,
RED,incongruent,b,blue,,,,,2,4,16,1,,,,,b,1,0.433660133742,,,,,2017_Oct_04_1301,59.8854338449,Stroop,1,N,
RED,congruent,r,red,,,,,2,5,17,0,,,,,r,1,0.500276582083,,,,,2017_Oct_04_1301,59.8854338449,Stroop,1,N,
XXXX,neutral,b,blue,,,,,3,0,18,5,,,,,b,1,0.400075177429,,,,,2017_Oct_04_1301,59.8854338449,Stroop,1,N,
BLUE,congruent,b,blue,,,,,3,1,19,3,,,,,b,1,0.383685177891,,,,,2017_Oct_04_1301,59.8854338449,Stroop,1,N,
BLUE,congruent,b,blue,,,,,3,2,20,3,,,,,b,1,0.43359703524,,,,,2017_Oct_04_1301,59.8854338449,Stroop,1,N,
BLUE,congruent,b,blue,,,,,3,3,21,3,,,,,b,1,0.350195169682,,,,,2017_Oct_04_1301,59.8854338449,Stroop,1,N,
BLUE,incongruent,r,red,,,,,3,4,22,2,,,,,r,1,1.06687845755,,,,,2017_Oct_04_1301,59.8854338449,Stroop,1,N,
RED,congruent,r,red,,,,,3,5,23,0,,,,,r,1,0.466740001226,,,,,2017_Oct_04_1301,59.8854338449,Stroop,1,N,
RED,congruent,r,red,,,,,4,0,24,0,,,,,r,1,0.46695754095,,,,,2017_Oct_04_1301,59.8854338449,Stroop,1,N,
RED,incongruent,b,blue,,,,,4,1,25,1,,,,,b,1,0.40030443552,,,,,2017_Oct_04_1301,59.8854338449,Stroop,1,N,
RED,incongruent,b,blue,,,,,4,2,26,1,,,,,b,1,0.534222401911,,,,,2017_Oct_04_1301,59.8854338449,Stroop,1,N,
XXXX,neutral,b,blue,,,,,4,3,27,5,,,,,b,1,0.733517380897,,,,,2017_Oct_04_1301,59.8854338449,Stroop,1,N,
BLUE,incongruent,r,red,,,,,4,4,28,2,,,,,r,1,0.516973661026,,,,,2017_Oct_04_1301,59.8854338449,Stroop,1,N,
RED,incongruent,b,blue,,,,,4,5,29,1,,,,,b,1,0.70035518473,,,,,2017_Oct_04_1301,59.8854338449,Stroop,1,N,
XXXX,neutral,b,blue,,,,,5,0,30,5,,,,,b,1,0.500163906021,,,,,2017_Oct_04_1301,59.8854338449,Stroop,1,N,
BLUE,incongruent,r,red,,,,,5,1,31,2,,,,,r,1,0.466913071694,,,,,2017_Oct_04_1301,59.8854338449,Stroop,1,N,
XXXX,neutral,r,red,,,,,5,2,32,4,,,,,r,1,0.416867505526,,,,,2017_Oct_04_1301,59.8854338449,Stroop,1,N,
XXXX,neutral,r,red,,,,,5,3,33,4,,,,,r,1,0.466949127847,,,,,2017_Oct_04_1301,59.8854338449,Stroop,1,N,
RED,congruent,r,red,,,,,5,4,34,0,,,,,r,1,0.400239834562,,,,,2017_Oct_04_1301,59.8854338449,Stroop,1,N,
BLUE,incongruent,r,red,,,,,5,5,35,2,,,,,r,1,0.434283307055,,,,,2017_Oct_04_1301,59.8854338449,Stroop,1,N,
XXXX,neutral,r,red,,,,,6,0,36,4,,,,,r,1,0.449966302374,,,,,2017_Oct_04_1301,59.8854338449,Stroop,1,N,
XXXX,neutral,r,red,,,,,6,1,37,4,,,,,r,1,0.450325062731,,,,,2017_Oct_04_1301,59.8854338449,Stroop,1,N,
XXXX,neutral,b,blue,,,,,6,2,38,5,,,,,b,1,0.367170784157,,,,,2017_Oct_04_1301,59.8854338449,Stroop,1,N,
RED,incongruent,b,blue,,,,,6,3,39,1,,,,,b,1,0.483610751573,,,,,2017_Oct_04_1301,59.8854338449,Stroop,1,N,
BLUE,congruent,b,blue,,,,,6,4,40,3,,,,,b,1,0.400281299371,,,,,2017_Oct_04_1301,59.8854338449,Stroop,1,N,
BLUE,congruent,b,blue,,,,,6,5,41,3,,,,,b,1,0.483510394813,,,,,2017_Oct_04_1301,59.8854338449,Stroop,1,N,
XXXX,neutral,r,red,,,,,7,0,42,4,,,,,r,1,0.466842160793,,,,,2017_Oct_04_1301,59.8854338449,Stroop,1,N,
RED,congruent,r,red,,,,,7,1,43,0,,,,,r,1,0.400199872209,,,,,2017_Oct_04_1301,59.8854338449,Stroop,1,N,
XXXX,neutral,b,blue,,,,,7,2,44,5,,,,,b,1,0.366944530746,,,,,2017_Oct_04_1301,59.8854338449,Stroop,1,N,
RED,congruent,r,red,,,,,7,3,45,0,,,,,r,1,0.400197167881,,,,,2017_Oct_04_1301,59.8854338449,Stroop,1,N,
XXXX,neutral,b,blue,,,,,7,4,46,5,,,,,b,1,0.38390632323,,,,,2017_Oct_04_1301,59.8854338449,Stroop,1,N,
BLUE,congruent,b,blue,,,,,7,5,47,3,,,,,b,1,0.633386285976,,,,,2017_Oct_04_1301,59.8854338449,Stroop,1,N,
XXXX,neutral,b,blue,,,,,8,0,48,5,,,,,b,1,0.497501747916,,,,,2017_Oct_04_1301,59.8854338449,Stroop,1,N,
RED,congruent,r,red,,,,,8,1,49,0,,,,,r,1,0.450284198858,,,,,2017_Oct_04_1301,59.8854338449,Stroop,1,N,
XXXX,neutral,r,red,,,,,8,2,50,4,,,,,r,1,0.550030993298,,,,,2017_Oct_04_1301,59.8854338449,Stroop,1,N,
RED,incongruent,b,blue,,,,,8,3,51,1,,,,,b,1,0.364041997353,,,,,2017_Oct_04_1301,59.8854338449,Stroop,1,N,
BLUE,congruent,b,blue,,,,,8,4,52,3,,,,,b,1,0.616958727827,,,,,2017_Oct_04_1301,59.8854338449,Stroop,1,N,
XXXX,neutral,b,blue,,,,,8,5,53,5,,,,,b,1,0.500281690154,,,,,2017_Oct_04_1301,59.8854338449,Stroop,1,N,
XXXX,neutral,b,blue,,,,,9,0,54,5,,,,,b,1,0.533780411817,,,,,2017_Oct_04_1301,59.8854338449,Stroop,1,N,
BLUE,congruent,b,blue,,,,,9,1,55,3,,,,,b,1,0.417036068626,,,,,2017_Oct_04_1301,59.8854338449,Stroop,1,N,
XXXX,neutral,r,red,,,,,9,2,56,4,,,,,r,1,0.366685526213,,,,,2017_Oct_04_1301,59.8854338449,Stroop,1,N,
RED,incongruent,b,blue,,,,,9,3,57,1,,,,,b,1,0.383738060482,,,,,2017_Oct_04_1301,59.8854338449,Stroop,1,N,
RED,incongruent,b,blue,,,,,9,4,58,1,,,,,b,1,0.450289907865,,,,,2017_Oct_04_1301,59.8854338449,Stroop,1,N,
XXXX,neutral,b,blue,,,,,9,5,59,5,,,,,r,0,0.399642802076,,,,,2017_Oct_04_1301,59.8854338449,Stroop,1,N,
RED,congruent,r,red,,,,,10,0,60,0,,,,,r,1,0.55024913419,,,,,2017_Oct_04_1301,59.8854338449,Stroop,1,N,
XXXX,neutral,r,red,,,,,10,1,61,4,,,,,r,1,0.500249239383,,,,,2017_Oct_04_1301,59.8854338449,Stroop,1,N,
BLUE,congruent,b,blue,,,,,10,2,62,3,,,,,b,1,0.550278279465,,,,,2017_Oct_04_1301,59.8854338449,Stroop,1,N,
BLUE,congruent,b,blue,,,,,10,3,63,3,,,,,b,1,0.497570555424,,,,,2017_Oct_04_1301,59.8854338449,Stroop,1,N,
XXXX,neutral,b,blue,,,,,10,4,64,5,,,,,b,1,0.350175639149,,,,,2017_Oct_04_1301,59.8854338449,Stroop,1,N,
BLUE,incongruent,r,red,,,,,10,5,65,2,,,,,r,1,0.53364369832,,,,,2017_Oct_04_1301,59.8854338449,Stroop,1,N,
BLUE,incongruent,r,red,,,,,11,0,66,2,,,,,r,1,0.480892405845,,,,,2017_Oct_04_1301,59.8854338449,Stroop,1,N,
BLUE,congruent,b,blue,,,,,11,1,67,3,,,,,b,1,0.31619526539,,,,,2017_Oct_04_1301,59.8854338449,Stroop,1,N,
RED,congruent,r,red,,,,,11,2,68,0,,,,,r,1,0.333406147081,,,,,2017_Oct_04_1301,59.8854338449,Stroop,1,N,
XXXX,neutral,b,blue,,,,,11,3,69,5,,,,,b,1,0.48361646058,,,,,2017_Oct_04_1301,59.8854338449,Stroop,1,N,
XXXX,neutral,r,red,,,,,11,4,70,4,,,,,r,1,0.316968072439,,,,,2017_Oct_04_1301,59.8854338449,Stroop,1,N,
BLUE,incongruent,r,red,,,,,11,5,71,2,,,,,r,1,0.383686980698,,,,,2017_Oct_04_1301,59.8854338449,Stroop,1,N,
BLUE,incongruent,r,red,,,,,12,0,72,2,,,,,r,1,0.466902855551,,,,,2017_Oct_04_1301,59.8854338449,Stroop,1,N,
BLUE,incongruent,r,red,,,,,12,1,73,2,,,,,r,1,0.447683336679,,,,,2017_Oct_04_1301,59.8854338449,Stroop,1,N,
RED,incongruent,b,blue,,,,,12,2,74,1,,,,,b,1,0.433593129274,,,,,2017_Oct_04_1301,59.8854338449,Stroop,1,N,
RED,congruent,r,red,,,,,12,3,75,0,,,,,r,1,0.433673354564,,,,,2017_Oct_04_1301,59.8854338449,Stroop,1,N,
RED,incongruent,b,blue,,,,,12,4,76,1,,,,,b,1,0.533581801457,,,,,2017_Oct_04_1301,59.8854338449,Stroop,1,N,
BLUE,congruent,b,blue,,,,,12,5,77,3,,,,,b,1,0.46703235805,,,,,2017_Oct_04_1301,59.8854338449,Stroop,1,N,
RED,incongruent,b,blue,,,,,13,0,78,1,,,,,b,1,0.383159056073,,,,,2017_Oct_04_1301,59.8854338449,Stroop,1,N,
BLUE,incongruent,r,red,,,,,13,1,79,2,,,,,r,1,0.600284183864,,,,,2017_Oct_04_1301,59.8854338449,Stroop,1,N,
BLUE,incongruent,r,red,,,,,13,2,80,2,,,,,r,1,0.400238031754,,,,,2017_Oct_04_1301,59.8854338449,Stroop,1,N,
BLUE,incongruent,r,red,,,,,13,3,81,2,,,,,r,1,0.383676163852,,,,,2017_Oct_04_1301,59.8854338449,Stroop,1,N,
RED,incongruent,b,blue,,,,,13,4,82,1,,,,,b,1,0.350276897429,,,,,2017_Oct_04_1301,59.8854338449,Stroop,1,N,
XXXX,neutral,b,blue,,,,,13,5,83,5,,,,,b,1,0.450292912545,,,,,2017_Oct_04_1301,59.8854338449,Stroop,1,N,
XXXX,neutral,b,blue,,,,,14,0,84,5,,,,,b,1,0.366973375669,,,,,2017_Oct_04_1301,59.8854338449,Stroop,1,N,
XXXX,neutral,r,red,,,,,14,1,85,4,,,,,r,1,0.433722931892,,,,,2017_Oct_04_1301,59.8854338449,Stroop,1,N,
BLUE,congruent,b,blue,,,,,14,2,86,3,,,,,b,1,0.400236228947,,,,,2017_Oct_04_1301,59.8854338449,Stroop,1,N,
RED,congruent,r,red,,,,,14,3,87,0,,,,,r,1,0.350154906744,,,,,2017_Oct_04_1301,59.8854338449,Stroop,1,N,
RED,congruent,r,red,,,,,14,4,88,0,,,,,r,1,0.400128360372,,,,,2017_Oct_04_1301,59.8854338449,Stroop,1,N,
RED,incongruent,b,blue,,,,,14,5,89,1,,,,,b,1,0.316851790762,,,,,2017_Oct_04_1301,59.8854338449,Stroop,1,N,
XXXX,neutral,r,red,,,,,15,0,90,4,,,,,r,1,0.333622484934,,,,,2017_Oct_04_1301,59.8854338449,Stroop,1,N,
XXXX,neutral,r,red,,,,,15,1,91,4,,,,,r,1,0.383640708402,,,,,2017_Oct_04_1301,59.8854338449,Stroop,1,N,
BLUE,congruent,b,blue,,,,,15,2,92,3,,,,,b,1,0.433300171513,,,,,2017_Oct_04_1301,59.8854338449,Stroop,1,N,
XXXX,neutral,r,red,,,,,15,3,93,4,,,,,r,1,0.333611067152,,,,,2017_Oct_04_1301,59.8854338449,Stroop,1,N,
RED,congruent,r,red,,,,,15,4,94,0,,,,,r,1,0.41677796538,,,,,2017_Oct_04_1301,59.8854338449,Stroop,1,N,
BLUE,incongruent,r,red,,,,,15,5,95,2,,,,,r,1,0.516951426398,,,,,2017_Oct_04_1301,59.8854338449,Stroop,1,N,
RED,incongruent,b,blue,,,,,16,0,96,1,,,,,b,1,0.383708914975,,,,,2017_Oct_04_1301,59.8854338449,Stroop,1,N,
RED,incongruent,b,blue,,,,,16,1,97,1,,,,,b,1,0.400164416758,,,,,2017_Oct_04_1301,59.8854338449,Stroop,1,N,
BLUE,incongruent,r,red,,,,,16,2,98,2,,,,,r,1,0.400320660789,,,,,2017_Oct_04_1301,59.8854338449,Stroop,1,N,
RED,incongruent,b,blue,,,,,16,3,99,1,,,,,b,1,0.333553076489,,,,,2017_Oct_04_1301,59.8854338449,Stroop,1,N,
BLUE,incongruent,r,red,,,,,16,4,100,2,,,,,r,1,0.449996649753,,,,,2017_Oct_04_1301,59.8854338449,Stroop,1,N,
RED,congruent,r,red,,,,,16,5,101,0,,,,,r,1,0.450237325858,,,,,2017_Oct_04_1301,59.8854338449,Stroop,1,N,
BLUE,incongruent,r,red,,,,,17,0,102,2,,,,,r,1,0.500278084306,,,,,2017_Oct_04_1301,59.8854338449,Stroop,1,N,
BLUE,congruent,b,blue,,,,,17,1,103,3,,,,,b,1,0.350230324781,,,,,2017_Oct_04_1301,59.8854338449,Stroop,1,N,
BLUE,incongruent,r,red,,,,,17,2,104,2,,,,,r,1,0.333560888888,,,,,2017_Oct_04_1301,59.8854338449,Stroop,1,N,
RED,congruent,r,red,,,,,17,3,105,0,,,,,r,1,0.350164521951,,,,,2017_Oct_04_1301,59.8854338449,Stroop,1,N,
BLUE,incongruent,r,red,,,,,17,4,106,2,,,,,r,1,0.366835760651,,,,,2017_Oct_04_1301,59.8854338449,Stroop,1,N,
XXXX,neutral,b,blue,,,,,17,5,107,5,,,,,b,1,0.516906355973,,,,,2017_Oct_04_1301,59.8854338449,Stroop,1,N,
XXXX,neutral,b,blue,,,,,18,0,108,5,,,,,b,1,0.466964451829,,,,,2017_Oct_04_1301,59.8854338449,Stroop,1,N,
XXXX,neutral,r,red,,,,,18,1,109,4,,,,,r,1,0.383553872816,,,,,2017_Oct_04_1301,59.8854338449,Stroop,1,N,
BLUE,congruent,b,blue,,,,,18,2,110,3,,,,,b,1,0.350376653252,,,,,2017_Oct_04_1301,59.8854338449,Stroop,1,N,
RED,congruent,r,red,,,,,18,3,111,0,,,,,r,1,0.316930814413,,,,,2017_Oct_04_1301,59.8854338449,Stroop,1,N,
BLUE,congruent,b,blue,,,,,18,4,112,3,,,,,b,1,0.33347315155,,,,,2017_Oct_04_1301,59.8854338449,Stroop,1,N,
RED,incongruent,b,blue,,,,,18,5,113,1,,,,,b,1,0.516983876936,,,,,2017_Oct_04_1301,59.8854338449,Stroop,1,N,
BLUE,congruent,b,blue,,,,,19,0,114,3,,,,,b,1,0.400521674659,,,,,2017_Oct_04_1301,59.8854338449,Stroop,1,N,
XXXX,neutral,b,blue,,,,,19,1,115,5,,,,,b,1,0.400333881378,,,,,2017_Oct_04_1301,59.8854338449,Stroop,1,N,
XXXX,neutral,r,red,,,,,19,2,116,4,,,,,r,1,0.383498886833,,,,,2017_Oct_04_1301,59.8854338449,Stroop,1,N,
BLUE,incongruent,r,red,,,,,19,3,117,2,,,,,r,1,0.496897504199,,,,,2017_Oct_04_1301,59.8854338449,Stroop,1,N,
XXXX,neutral,r,red,,,,,19,4,118,4,,,,,r,1,0.383593234234,,,,,2017_Oct_04_1301,59.8854338449,Stroop,1,N,
BLUE,congruent,b,blue,,,,,19,5,119,3,,,,,b,1,0.433736452833,,,,,2017_Oct_04_1301,59.8854338449,Stroop,1,N,
RED,congruent,r,red,,,,,20,0,120,0,,,,,r,1,0.417040876113,,,,,2017_Oct_04_1301,59.8854338449,Stroop,1,N,
RED,incongruent,b,blue,,,,,20,1,121,1,,,,,b,1,0.366875122301,,,,,2017_Oct_04_1301,59.8854338449,Stroop,1,N,
RED,incongruent,b,blue,,,,,20,2,122,1,,,,,b,1,0.383567994926,,,,,2017_Oct_04_1301,59.8854338449,Stroop,1,N,
BLUE,incongruent,r,red,,,,,20,3,123,2,,,,,r,1,0.383338736603,,,,,2017_Oct_04_1301,59.8854338449,Stroop,1,N,
BLUE,incongruent,r,red,,,,,20,4,124,2,,,,,r,1,0.350226719165,,,,,2017_Oct_04_1301,59.8854338449,Stroop,1,N,
XXXX,neutral,r,red,,,,,20,5,125,4,,,,,r,1,0.333511912264,,,,,2017_Oct_04_1301,59.8854338449,Stroop,1,N,
XXXX,neutral,b,blue,,,,,21,0,126,5,,,,,b,1,0.333662146935,,,,,2017_Oct_04_1301,59.8854338449,Stroop,1,N,
RED,congruent,r,red,,,,,21,1,127,0,,,,,r,1,0.366774164606,,,,,2017_Oct_04_1301,59.8854338449,Stroop,1,N,
XXXX,neutral,r,red,,,,,21,2,128,4,,,,,r,1,0.383710717782,,,,,2017_Oct_04_1301,59.8854338449,Stroop,1,N,
XXXX,neutral,b,blue,,,,,21,3,129,5,,,,,b,1,0.333300682483,,,,,2017_Oct_04_1301,59.8854338449,Stroop,1,N,
BLUE,incongruent,r,red,,,,,21,4,130,2,,,,,r,1,0.400287909666,,,,,2017_Oct_04_1301,59.8854338449,Stroop,1,N,
XXXX,neutral,b,blue,,,,,21,5,131,5,,,,,b,1,0.433588922489,,,,,2017_Oct_04_1301,59.8854338449,Stroop,1,N,
XXXX,neutral,r,red,,,,,22,0,132,4,,,,,r,1,0.350266681518,,,,,2017_Oct_04_1301,59.8854338449,Stroop,1,N,
XXXX,neutral,r,red,,,,,22,1,133,4,,,,,r,1,0.400267177261,,,,,2017_Oct_04_1301,59.8854338449,Stroop,1,N,
BLUE,congruent,b,blue,,,,,22,2,134,3,,,,,b,1,0.347492148168,,,,,2017_Oct_04_1301,59.8854338449,Stroop,1,N,
RED,incongruent,b,blue,,,,,22,3,135,1,,,,,b,1,0.383624783484,,,,,2017_Oct_04_1301,59.8854338449,Stroop,1,N,
XXXX,neutral,b,blue,,,,,22,4,136,5,,,,,b,1,0.597667396767,,,,,2017_Oct_04_1301,59.8854338449,Stroop,1,N,
BLUE,congruent,b,blue,,,,,22,5,137,3,,,,,b,1,0.500261558685,,,,,2017_Oct_04_1301,59.8854338449,Stroop,1,N,
RED,incongruent,b,blue,,,,,23,0,138,1,,,,,b,1,0.450206076959,,,,,2017_Oct_04_1301,59.8854338449,Stroop,1,N,
XXXX,neutral,r,red,,,,,23,1,139,4,,,,,r,1,0.466881221859,,,,,2017_Oct_04_1301,59.8854338449,Stroop,1,N,
XXXX,neutral,r,red,,,,,23,2,140,4,,,,,r,1,0.433620772325,,,,,2017_Oct_04_1301,59.8854338449,Stroop,1,N,
BLUE,incongruent,r,red,,,,,23,3,141,2,,,,,r,1,0.416767148534,,,,,2017_Oct_04_1301,59.8854338449,Stroop,1,N,
RED,congruent,r,red,,,,,23,4,142,0,,,,,r,1,0.397510371404,,,,,2017_Oct_04_1301,59.8854338449,Stroop,1,N,
XXXX,neutral,b,blue,,,,,23,5,143,5,,,,,b,1,0.416919486597,,,,,2017_Oct_04_1301,59.8854338449,Stroop,1,N,
RED,incongruent,b,blue,,,,,24,0,144,1,,,,,b,1,0.333579517901,,,,,2017_Oct_04_1301,59.8854338449,Stroop,1,N,
RED,congruent,r,red,,,,,24,1,145,0,,,,,r,1,0.516925886506,,,,,2017_Oct_04_1301,59.8854338449,Stroop,1,N,
RED,congruent,r,red,,,,,24,2,146,0,,,,,r,1,0.433620171389,,,,,2017_Oct_04_1301,59.8854338449,Stroop,1,N,
BLUE,incongruent,r,red,,,,,24,3,147,2,,,,,r,1,0.364299800014,,,,,2017_Oct_04_1301,59.8854338449,Stroop,1,N,
RED,incongruent,b,blue,,,,,24,4,148,1,,,,,b,1,0.350655188318,,,,,2017_Oct_04_1301,59.8854338449,Stroop,1,N,
RED,congruent,r,red,,,,,24,5,149,0,,,,,r,1,0.330855162814,,,,,2017_Oct_04_1301,59.8854338449,Stroop,1,N,
,,,,,,,,,,,,,,,,,,,,,space,17.0497258669,2017_Oct_04_1301,59.8854338449,Stroop,1,N,
