word,type,correct,ink,Practice.thisRepN,Practice.thisTrialN,Practice.thisN,Practice.thisIndex,trials.thisRepN,trials.thisTrialN,trials.thisN,trials.thisIndex,ready_to_continue.keys,ready_to_continue.rt,key_resp_2.keys,key_resp_2.rt,Response.keys,Response.corr,Response.rt,begin_exp.keys,begin_exp.rt,finished.keys,finished.rt,date,frameRate,expName,participant,condition,
,,,,,,,,,,,,b,68.8811863251,,,,,,,,,,2017_Oct_03_1105,60.015454146,Stroop,21,N,
,,,,,,,,,,,,,,b,3.68364939187,,,,,,,,2017_Oct_03_1105,60.015454146,Stroop,21,N,
RED,congruent,r,red,0,0,0,0,,,,,,,,,r,1,2.1501595343,,,,,2017_Oct_03_1105,60.015454146,Stroop,21,N,
BLUE,congruent,b,blue,0,1,1,3,,,,,,,,,b,1,1.13368900889,,,,,2017_Oct_03_1105,60.015454146,Stroop,21,N,
XXXX,neutral,b,blue,0,2,2,5,,,,,,,,,b,1,0.416954641463,,,,,2017_Oct_03_1105,60.015454146,Stroop,21,N,
BLUE,incongruent,r,red,0,3,3,2,,,,,,,,,r,1,0.300053453306,,,,,2017_Oct_03_1105,60.015454146,Stroop,21,N,
XXXX,neutral,r,red,0,4,4,4,,,,,,,,,r,1,0.600193742663,,,,,2017_Oct_03_1105,60.015454146,Stroop,21,N,
RED,incongruent,b,blue,0,5,5,1,,,,,,,,,b,1,0.933417805238,,,,,2017_Oct_03_1105,60.015454146,Stroop,21,N,
XXXX,neutral,r,red,1,0,6,4,,,,,,,,,r,1,0.699552330887,,,,,2017_Oct_03_1105,60.015454146,Stroop,21,N,
RED,incongruent,b,blue,1,1,7,1,,,,,,,,,b,1,0.850176090142,,,,,2017_Oct_03_1105,60.015454146,Stroop,21,N,
XXXX,neutral,b,blue,1,2,8,5,,,,,,,,,b,1,0.667003092123,,,,,2017_Oct_03_1105,60.015454146,Stroop,21,N,
BLUE,incongruent,r,red,1,3,9,2,,,,,,,,,b,0,0.466930799186,,,,,2017_Oct_03_1105,60.015454146,Stroop,21,N,
RED,congruent,r,red,1,4,10,0,,,,,,,,,r,1,0.733575972263,,,,,2017_Oct_03_1105,60.015454146,Stroop,21,N,
BLUE,congruent,b,blue,1,5,11,3,,,,,,,,,b,1,0.316825048998,,,,,2017_Oct_03_1105,60.015454146,Stroop,21,N,
,,,,,,,,,,,,,,,,,,,b,8.61670753546,,,2017_Oct_03_1105,60.015454146,Stroop,21,N,
XXXX,neutral,r,red,,,,,0,0,0,4,,,,,r,1,0.566953124246,,,,,2017_Oct_03_1105,60.015454146,Stroop,21,N,
BLUE,congruent,b,blue,,,,,0,1,1,3,,,,,b,1,0.416895448929,,,,,2017_Oct_03_1105,60.015454146,Stroop,21,N,
BLUE,congruent,b,blue,,,,,0,2,2,3,,,,,b,1,0.366913882783,,,,,2017_Oct_03_1105,60.015454146,Stroop,21,N,
XXXX,neutral,b,blue,,,,,0,3,3,5,,,,,b,1,0.466877616011,,,,,2017_Oct_03_1105,60.015454146,Stroop,21,N,
XXXX,neutral,r,red,,,,,0,4,4,4,,,,,r,1,0.350230625132,,,,,2017_Oct_03_1105,60.015454146,Stroop,21,N,
RED,congruent,r,red,,,,,0,5,5,0,,,,,r,1,0.550138561288,,,,,2017_Oct_03_1105,60.015454146,Stroop,21,N,
RED,incongruent,b,blue,,,,,1,0,6,1,,,,,b,1,0.483667540364,,,,,2017_Oct_03_1105,60.015454146,Stroop,21,N,
XXXX,neutral,r,red,,,,,1,1,7,4,,,,,r,1,0.416913477238,,,,,2017_Oct_03_1105,60.015454146,Stroop,21,N,
BLUE,congruent,b,blue,,,,,1,2,8,3,,,,,b,1,0.530908826506,,,,,2017_Oct_03_1105,60.015454146,Stroop,21,N,
BLUE,incongruent,r,red,,,,,1,3,9,2,,,,,b,0,0.533643397735,,,,,2017_Oct_03_1105,60.015454146,Stroop,21,N,
RED,congruent,r,red,,,,,1,4,10,0,,,,,r,1,0.433669448365,,,,,2017_Oct_03_1105,60.015454146,Stroop,21,N,
XXXX,neutral,r,red,,,,,1,5,11,4,,,,,r,1,0.483554864302,,,,,2017_Oct_03_1105,60.015454146,Stroop,21,N,
BLUE,congruent,b,blue,,,,,2,0,12,3,,,,,b,1,0.333532945253,,,,,2017_Oct_03_1105,60.015454146,Stroop,21,N,
BLUE,incongruent,r,red,,,,,2,1,13,2,,,,,r,1,0.733548329212,,,,,2017_Oct_03_1105,60.015454146,Stroop,21,N,
RED,congruent,r,red,,,,,2,2,14,0,,,,,r,1,0.683691758197,,,,,2017_Oct_03_1105,60.015454146,Stroop,21,N,
XXXX,neutral,r,red,,,,,2,3,15,4,,,,,r,1,0.516537980642,,,,,2017_Oct_03_1105,60.015454146,Stroop,21,N,
RED,incongruent,b,blue,,,,,2,4,16,1,,,,,b,1,0.800259725656,,,,,2017_Oct_03_1105,60.015454146,Stroop,21,N,
XXXX,neutral,b,blue,,,,,2,5,17,5,,,,,b,1,0.383524727076,,,,,2017_Oct_03_1105,60.015454146,Stroop,21,N,
RED,incongruent,b,blue,,,,,3,0,18,1,,,,,b,1,0.38354305597,,,,,2017_Oct_03_1105,60.015454146,Stroop,21,N,
XXXX,neutral,b,blue,,,,,3,1,19,5,,,,,b,1,0.383596839849,,,,,2017_Oct_03_1105,60.015454146,Stroop,21,N,
BLUE,congruent,b,blue,,,,,3,2,20,3,,,,,b,1,0.350187658099,,,,,2017_Oct_03_1105,60.015454146,Stroop,21,N,
RED,congruent,r,red,,,,,3,3,21,0,,,,,r,1,0.366932211444,,,,,2017_Oct_03_1105,60.015454146,Stroop,21,N,
RED,congruent,r,red,,,,,3,4,22,0,,,,,r,1,0.316926607629,,,,,2017_Oct_03_1105,60.015454146,Stroop,21,N,
RED,incongruent,b,blue,,,,,3,5,23,1,,,,,b,1,0.366909676231,,,,,2017_Oct_03_1105,60.015454146,Stroop,21,N,
BLUE,incongruent,r,red,,,,,4,0,24,2,,,,,r,1,0.633527807193,,,,,2017_Oct_03_1105,60.015454146,Stroop,21,N,
XXXX,neutral,r,red,,,,,4,1,25,4,,,,,r,1,0.450503240805,,,,,2017_Oct_03_1105,60.015454146,Stroop,21,N,
BLUE,incongruent,r,red,,,,,4,2,26,2,,,,,r,1,0.583589508431,,,,,2017_Oct_03_1105,60.015454146,Stroop,21,N,
BLUE,incongruent,r,red,,,,,4,3,27,2,,,,,r,1,0.480859654723,,,,,2017_Oct_03_1105,60.015454146,Stroop,21,N,
BLUE,incongruent,r,red,,,,,4,4,28,2,,,,,r,1,0.400561637245,,,,,2017_Oct_03_1105,60.015454146,Stroop,21,N,
BLUE,incongruent,r,red,,,,,4,5,29,2,,,,,r,1,0.416954340879,,,,,2017_Oct_03_1105,60.015454146,Stroop,21,N,
RED,congruent,r,red,,,,,5,0,30,0,,,,,r,1,0.333580419188,,,,,2017_Oct_03_1105,60.015454146,Stroop,21,N,
XXXX,neutral,b,blue,,,,,5,1,31,5,,,,,b,1,0.383712821174,,,,,2017_Oct_03_1105,60.015454146,Stroop,21,N,
XXXX,neutral,r,red,,,,,5,2,32,4,,,,,r,1,0.350180446869,,,,,2017_Oct_03_1105,60.015454146,Stroop,21,N,
BLUE,congruent,b,blue,,,,,5,3,33,3,,,,,b,1,0.383628689684,,,,,2017_Oct_03_1105,60.015454146,Stroop,21,N,
BLUE,incongruent,r,red,,,,,5,4,34,2,,,,,r,1,0.752961050021,,,,,2017_Oct_03_1105,60.015454146,Stroop,21,N,
BLUE,congruent,b,blue,,,,,5,5,35,3,,,,,b,1,0.383621478453,,,,,2017_Oct_03_1105,60.015454146,Stroop,21,N,
RED,incongruent,b,blue,,,,,6,0,36,1,,,,,r,0,0.450232518371,,,,,2017_Oct_03_1105,60.015454146,Stroop,21,N,
XXXX,neutral,r,red,,,,,6,1,37,4,,,,,r,1,0.500284394016,,,,,2017_Oct_03_1105,60.015454146,Stroop,21,N,
BLUE,incongruent,r,red,,,,,6,2,38,2,,,,,b,0,0.550240720855,,,,,2017_Oct_03_1105,60.015454146,Stroop,21,N,
RED,incongruent,b,blue,,,,,6,3,39,1,,,,,b,1,0.800204739673,,,,,2017_Oct_03_1105,60.015454146,Stroop,21,N,
BLUE,incongruent,r,red,,,,,6,4,40,2,,,,,r,1,0.966785221826,,,,,2017_Oct_03_1105,60.015454146,Stroop,21,N,
XXXX,neutral,r,red,,,,,6,5,41,4,,,,,r,1,0.450208480703,,,,,2017_Oct_03_1105,60.015454146,Stroop,21,N,
BLUE,incongruent,r,red,,,,,7,0,42,2,,,,,b,0,0.48357078922,,,,,2017_Oct_03_1105,60.015454146,Stroop,21,N,
XXXX,neutral,b,blue,,,,,7,1,43,5,,,,,b,1,0.816183096264,,,,,2017_Oct_03_1105,60.015454146,Stroop,21,N,
RED,congruent,r,red,,,,,7,2,44,0,,,,,r,1,0.433671851875,,,,,2017_Oct_03_1105,60.015454146,Stroop,21,N,
XXXX,neutral,b,blue,,,,,7,3,45,5,,,,,b,1,0.366814126959,,,,,2017_Oct_03_1105,60.015454146,Stroop,21,N,
RED,congruent,r,red,,,,,7,4,46,0,,,,,r,1,0.519555593841,,,,,2017_Oct_03_1105,60.015454146,Stroop,21,N,
RED,congruent,r,red,,,,,7,5,47,0,,,,,r,1,0.664334023371,,,,,2017_Oct_03_1105,60.015454146,Stroop,21,N,
XXXX,neutral,b,blue,,,,,8,0,48,5,,,,,b,1,0.964295232669,,,,,2017_Oct_03_1105,60.015454146,Stroop,21,N,
RED,incongruent,b,blue,,,,,8,1,49,1,,,,,b,1,1.11673412705,,,,,2017_Oct_03_1105,60.015454146,Stroop,21,N,
BLUE,congruent,b,blue,,,,,8,2,50,3,,,,,b,1,0.350343301194,,,,,2017_Oct_03_1105,60.015454146,Stroop,21,N,
BLUE,congruent,b,blue,,,,,8,3,51,3,,,,,b,1,0.300277603557,,,,,2017_Oct_03_1105,60.015454146,Stroop,21,N,
BLUE,incongruent,r,red,,,,,8,4,52,2,,,,,r,1,0.284201894887,,,,,2017_Oct_03_1105,60.015454146,Stroop,21,N,
RED,incongruent,b,blue,,,,,8,5,53,1,,,,,b,1,0.416961552342,,,,,2017_Oct_03_1105,60.015454146,Stroop,21,N,
BLUE,incongruent,r,red,,,,,9,0,54,2,,,,,r,1,0.35033999593,,,,,2017_Oct_03_1105,60.015454146,Stroop,21,N,
XXXX,neutral,r,red,,,,,9,1,55,4,,,,,r,1,0.466714761918,,,,,2017_Oct_03_1105,60.015454146,Stroop,21,N,
XXXX,neutral,b,blue,,,,,9,2,56,5,,,,,b,1,0.30023193243,,,,,2017_Oct_03_1105,60.015454146,Stroop,21,N,
XXXX,neutral,b,blue,,,,,9,3,57,5,,,,,b,1,0.533522909507,,,,,2017_Oct_03_1105,60.015454146,Stroop,21,N,
BLUE,incongruent,r,red,,,,,9,4,58,2,,,,,r,1,0.366871817037,,,,,2017_Oct_03_1105,60.015454146,Stroop,21,N,
XXXX,neutral,b,blue,,,,,9,5,59,5,,,,,b,1,0.38351391023,,,,,2017_Oct_03_1105,60.015454146,Stroop,21,N,
BLUE,congruent,b,blue,,,,,10,0,60,3,,,,,b,1,0.466993296752,,,,,2017_Oct_03_1105,60.015454146,Stroop,21,N,
BLUE,incongruent,r,red,,,,,10,1,61,2,,,,,r,1,0.766966224648,,,,,2017_Oct_03_1105,60.015454146,Stroop,21,N,
RED,congruent,r,red,,,,,10,2,62,0,,,,,r,1,0.450269475812,,,,,2017_Oct_03_1105,60.015454146,Stroop,21,N,
RED,incongruent,b,blue,,,,,10,3,63,1,,,,,r,0,0.433542950545,,,,,2017_Oct_03_1105,60.015454146,Stroop,21,N,
BLUE,congruent,b,blue,,,,,10,4,64,3,,,,,b,1,0.316888147499,,,,,2017_Oct_03_1105,60.015454146,Stroop,21,N,
RED,congruent,r,red,,,,,10,5,65,0,,,,,r,1,0.583196194144,,,,,2017_Oct_03_1105,60.015454146,Stroop,21,N,
RED,incongruent,b,blue,,,,,11,0,66,1,,,,,b,1,1.00030737999,,,,,2017_Oct_03_1105,60.015454146,Stroop,21,N,
BLUE,congruent,b,blue,,,,,11,1,67,3,,,,,b,1,0.533523209859,,,,,2017_Oct_03_1105,60.015454146,Stroop,21,N,
RED,congruent,r,red,,,,,11,2,68,0,,,,,r,1,0.583511686884,,,,,2017_Oct_03_1105,60.015454146,Stroop,21,N,
XXXX,neutral,r,red,,,,,11,3,69,4,,,,,b,0,0.483609850286,,,,,2017_Oct_03_1105,60.015454146,Stroop,21,N,
XXXX,neutral,b,blue,,,,,11,4,70,5,,,,,b,1,0.950377494562,,,,,2017_Oct_03_1105,60.015454146,Stroop,21,N,
BLUE,congruent,b,blue,,,,,11,5,71,3,,,,,b,1,0.450238527497,,,,,2017_Oct_03_1105,60.015454146,Stroop,21,N,
BLUE,congruent,b,blue,,,,,12,0,72,3,,,,,b,1,0.483650413575,,,,,2017_Oct_03_1105,60.015454146,Stroop,21,N,
RED,congruent,r,red,,,,,12,1,73,0,,,,,r,1,0.400107327616,,,,,2017_Oct_03_1105,60.015454146,Stroop,21,N,
XXXX,neutral,r,red,,,,,12,2,74,4,,,,,r,1,0.350005874177,,,,,2017_Oct_03_1105,60.015454146,Stroop,21,N,
BLUE,incongruent,r,red,,,,,12,3,75,2,,,,,b,0,0.500084882602,,,,,2017_Oct_03_1105,60.015454146,Stroop,21,N,
XXXX,neutral,b,blue,,,,,12,4,76,5,,,,,b,1,0.480893607717,,,,,2017_Oct_03_1105,60.015454146,Stroop,21,N,
RED,congruent,r,red,,,,,12,5,77,0,,,,,r,1,0.400140980259,,,,,2017_Oct_03_1105,60.015454146,Stroop,21,N,
RED,incongruent,b,blue,,,,,13,0,78,1,,,,,b,1,0.531530197011,,,,,2017_Oct_03_1105,60.015454146,Stroop,21,N,
XXXX,neutral,b,blue,,,,,13,1,79,5,,,,,b,1,0.43359613372,,,,,2017_Oct_03_1105,60.015454146,Stroop,21,N,
BLUE,congruent,b,blue,,,,,13,2,80,3,,,,,b,1,0.566952222725,,,,,2017_Oct_03_1105,60.015454146,Stroop,21,N,
BLUE,incongruent,r,red,,,,,13,3,81,2,,,,,r,1,0.550055932254,,,,,2017_Oct_03_1105,60.015454146,Stroop,21,N,
XXXX,neutral,b,blue,,,,,13,4,82,5,,,,,b,1,0.447556538507,,,,,2017_Oct_03_1105,60.015454146,Stroop,21,N,
XXXX,neutral,b,blue,,,,,13,5,83,5,,,,,b,1,0.550356401596,,,,,2017_Oct_03_1105,60.015454146,Stroop,21,N,
XXXX,neutral,b,blue,,,,,14,0,84,5,,,,,b,1,0.550282486249,,,,,2017_Oct_03_1105,60.015454146,Stroop,21,N,
BLUE,congruent,b,blue,,,,,14,1,85,3,,,,,b,1,0.450173325837,,,,,2017_Oct_03_1105,60.015454146,Stroop,21,N,
XXXX,neutral,r,red,,,,,14,2,86,4,,,,,r,1,0.564288862748,,,,,2017_Oct_03_1105,60.015454146,Stroop,21,N,
BLUE,congruent,b,blue,,,,,14,3,87,3,,,,,b,1,0.366845075274,,,,,2017_Oct_03_1105,60.015454146,Stroop,21,N,
XXXX,neutral,b,blue,,,,,14,4,88,5,,,,,b,1,0.450220198836,,,,,2017_Oct_03_1105,60.015454146,Stroop,21,N,
XXXX,neutral,r,red,,,,,14,5,89,4,,,,,r,1,0.350154306041,,,,,2017_Oct_03_1105,60.015454146,Stroop,21,N,
XXXX,neutral,b,blue,,,,,15,0,90,5,,,,,b,1,0.466688620858,,,,,2017_Oct_03_1105,60.015454146,Stroop,21,N,
RED,congruent,r,red,,,,,15,1,91,0,,,,,r,1,0.466913672397,,,,,2017_Oct_03_1105,60.015454146,Stroop,21,N,
XXXX,neutral,b,blue,,,,,15,2,92,5,,,,,b,1,0.500158497598,,,,,2017_Oct_03_1105,60.015454146,Stroop,21,N,
BLUE,congruent,b,blue,,,,,15,3,93,3,,,,,b,1,0.433776114834,,,,,2017_Oct_03_1105,60.015454146,Stroop,21,N,
RED,incongruent,b,blue,,,,,15,4,94,1,,,,,r,0,0.516952327918,,,,,2017_Oct_03_1105,60.015454146,Stroop,21,N,
BLUE,congruent,b,blue,,,,,15,5,95,3,,,,,b,1,0.533903604141,,,,,2017_Oct_03_1105,60.015454146,Stroop,21,N,
RED,incongruent,b,blue,,,,,16,0,96,1,,,,,b,1,1.0336171065,,,,,2017_Oct_03_1105,60.015454146,Stroop,21,N,
RED,congruent,r,red,,,,,16,1,97,0,,,,,r,1,0.430873882025,,,,,2017_Oct_03_1105,60.015454146,Stroop,21,N,
XXXX,neutral,r,red,,,,,16,2,98,4,,,,,r,1,0.530856845435,,,,,2017_Oct_03_1105,60.015454146,Stroop,21,N,
XXXX,neutral,r,red,,,,,16,3,99,4,,,,,r,1,0.400161111727,,,,,2017_Oct_03_1105,60.015454146,Stroop,21,N,
RED,incongruent,b,blue,,,,,16,4,100,1,,,,,b,1,1.04751982121,,,,,2017_Oct_03_1105,60.015454146,Stroop,21,N,
BLUE,incongruent,r,red,,,,,16,5,101,2,,,,,r,1,0.950262715342,,,,,2017_Oct_03_1105,60.015454146,Stroop,21,N,
RED,incongruent,b,blue,,,,,17,0,102,1,,,,,b,1,1.03358014883,,,,,2017_Oct_03_1105,60.015454146,Stroop,21,N,
RED,incongruent,b,blue,,,,,17,1,103,1,,,,,b,1,0.40026777843,,,,,2017_Oct_03_1105,60.015454146,Stroop,21,N,
RED,incongruent,b,blue,,,,,17,2,104,1,,,,,b,1,0.36682133819,,,,,2017_Oct_03_1105,60.015454146,Stroop,21,N,
BLUE,congruent,b,blue,,,,,17,3,105,3,,,,,r,0,0.647561826976,,,,,2017_Oct_03_1105,60.015454146,Stroop,21,N,
BLUE,incongruent,r,red,,,,,17,4,106,2,,,,,r,1,0.950576104689,,,,,2017_Oct_03_1105,60.015454146,Stroop,21,N,
RED,congruent,r,red,,,,,17,5,107,0,,,,,r,1,0.800232683308,,,,,2017_Oct_03_1105,60.015454146,Stroop,21,N,
RED,incongruent,b,blue,,,,,18,0,108,1,,,,,b,1,0.766967426287,,,,,2017_Oct_03_1105,60.015454146,Stroop,21,N,
RED,incongruent,b,blue,,,,,18,1,109,1,,,,,b,1,0.800451725489,,,,,2017_Oct_03_1105,60.015454146,Stroop,21,N,
BLUE,incongruent,r,red,,,,,18,2,110,2,,,,,r,1,0.733618939528,,,,,2017_Oct_03_1105,60.015454146,Stroop,21,N,
BLUE,incongruent,r,red,,,,,18,3,111,2,,,,,r,1,0.816345950821,,,,,2017_Oct_03_1105,60.015454146,Stroop,21,N,
XXXX,neutral,b,blue,,,,,18,4,112,5,,,,,b,1,0.533580599586,,,,,2017_Oct_03_1105,60.015454146,Stroop,21,N,
RED,congruent,r,red,,,,,18,5,113,0,,,,,r,1,0.483489962993,,,,,2017_Oct_03_1105,60.015454146,Stroop,21,N,
XXXX,neutral,r,red,,,,,19,0,114,4,,,,,r,1,1.76420881762,,,,,2017_Oct_03_1105,60.015454146,Stroop,21,N,
XXXX,neutral,b,blue,,,,,19,1,115,5,,,,,b,1,0.533411735669,,,,,2017_Oct_03_1105,60.015454146,Stroop,21,N,
BLUE,congruent,b,blue,,,,,19,2,116,3,,,,,b,1,0.397638972383,,,,,2017_Oct_03_1105,60.015454146,Stroop,21,N,
BLUE,congruent,b,blue,,,,,19,3,117,3,,,,,b,1,0.450408893637,,,,,2017_Oct_03_1105,60.015454146,Stroop,21,N,
BLUE,incongruent,r,red,,,,,19,4,118,2,,,,,r,1,0.350299432641,,,,,2017_Oct_03_1105,60.015454146,Stroop,21,N,
XXXX,neutral,r,red,,,,,19,5,119,4,,,,,r,1,0.533648505574,,,,,2017_Oct_03_1105,60.015454146,Stroop,21,N,
RED,congruent,r,red,,,,,20,0,120,0,,,,,r,1,0.383641910274,,,,,2017_Oct_03_1105,60.015454146,Stroop,21,N,
BLUE,congruent,b,blue,,,,,20,1,121,3,,,,,b,1,0.383655732032,,,,,2017_Oct_03_1105,60.015454146,Stroop,21,N,
XXXX,neutral,r,red,,,,,20,2,122,4,,,,,r,1,0.533540336648,,,,,2017_Oct_03_1105,60.015454146,Stroop,21,N,
XXXX,neutral,r,red,,,,,20,3,123,4,,,,,r,1,0.383577309549,,,,,2017_Oct_03_1105,60.015454146,Stroop,21,N,
RED,congruent,r,red,,,,,20,4,124,0,,,,,r,1,0.36715095304,,,,,2017_Oct_03_1105,60.015454146,Stroop,21,N,
RED,congruent,r,red,,,,,20,5,125,0,,,,,r,1,0.350235432619,,,,,2017_Oct_03_1105,60.015454146,Stroop,21,N,
XXXX,neutral,r,red,,,,,21,0,126,4,,,,,r,1,0.366925901501,,,,,2017_Oct_03_1105,60.015454146,Stroop,21,N,
XXXX,neutral,r,red,,,,,21,1,127,4,,,,,r,1,0.383988651913,,,,,2017_Oct_03_1105,60.015454146,Stroop,21,N,
RED,incongruent,b,blue,,,,,21,2,128,1,,,,,b,1,0.367023554165,,,,,2017_Oct_03_1105,60.015454146,Stroop,21,N,
RED,incongruent,b,blue,,,,,21,3,129,1,,,,,b,1,0.333597846329,,,,,2017_Oct_03_1105,60.015454146,Stroop,21,N,
BLUE,incongruent,r,red,,,,,21,4,130,2,,,,,b,0,0.514212648617,,,,,2017_Oct_03_1105,60.015454146,Stroop,21,N,
RED,congruent,r,red,,,,,21,5,131,0,,,,,r,1,0.633449685061,,,,,2017_Oct_03_1105,60.015454146,Stroop,21,N,
XXXX,neutral,r,red,,,,,22,0,132,4,,,,,r,1,0.667166547384,,,,,2017_Oct_03_1105,60.015454146,Stroop,21,N,
RED,congruent,r,red,,,,,22,1,133,0,,,,,r,1,0.666759110987,,,,,2017_Oct_03_1105,60.015454146,Stroop,21,N,
RED,incongruent,b,blue,,,,,22,2,134,1,,,,,b,1,0.733538113069,,,,,2017_Oct_03_1105,60.015454146,Stroop,21,N,
BLUE,incongruent,r,red,,,,,22,3,135,2,,,,,r,1,1.01690229983,,,,,2017_Oct_03_1105,60.015454146,Stroop,21,N,
XXXX,neutral,b,blue,,,,,22,4,136,5,,,,,b,1,0.616849957965,,,,,2017_Oct_03_1105,60.015454146,Stroop,21,N,
XXXX,neutral,r,red,,,,,22,5,137,4,,,,,r,1,1.10015843739,,,,,2017_Oct_03_1105,60.015454146,Stroop,21,N,
RED,congruent,r,red,,,,,23,0,138,0,,,,,r,1,0.517096552998,,,,,2017_Oct_03_1105,60.015454146,Stroop,21,N,
BLUE,congruent,b,blue,,,,,23,1,139,3,,,,,b,1,0.350223413901,,,,,2017_Oct_03_1105,60.015454146,Stroop,21,N,
XXXX,neutral,b,blue,,,,,23,2,140,5,,,,,b,1,0.597817330854,,,,,2017_Oct_03_1105,60.015454146,Stroop,21,N,
BLUE,incongruent,r,red,,,,,23,3,141,2,,,,,r,1,0.633708990179,,,,,2017_Oct_03_1105,60.015454146,Stroop,21,N,
XXXX,neutral,r,red,,,,,23,4,142,4,,,,,r,1,0.700150565011,,,,,2017_Oct_03_1105,60.015454146,Stroop,21,N,
XXXX,neutral,b,blue,,,,,23,5,143,5,,,,,b,1,0.683583889622,,,,,2017_Oct_03_1105,60.015454146,Stroop,21,N,
RED,incongruent,b,blue,,,,,24,0,144,1,,,,,b,1,0.866904117633,,,,,2017_Oct_03_1105,60.015454146,Stroop,21,N,
XXXX,neutral,b,blue,,,,,24,1,145,5,,,,,b,1,0.366888342891,,,,,2017_Oct_03_1105,60.015454146,Stroop,21,N,
RED,incongruent,b,blue,,,,,24,2,146,1,,,,,b,1,0.666968538193,,,,,2017_Oct_03_1105,60.015454146,Stroop,21,N,
BLUE,congruent,b,blue,,,,,24,3,147,3,,,,,b,1,0.400305036223,,,,,2017_Oct_03_1105,60.015454146,Stroop,21,N,
RED,congruent,r,red,,,,,24,4,148,0,,,,,r,1,0.33364441921,,,,,2017_Oct_03_1105,60.015454146,Stroop,21,N,
RED,incongruent,b,blue,,,,,24,5,149,1,,,,,b,1,0.666863674298,,,,,2017_Oct_03_1105,60.015454146,Stroop,21,N,
,,,,,,,,,,,,,,,,,,,,,escape,39.2987632384,2017_Oct_03_1105,60.015454146,Stroop,21,N,
