word,type,correct,ink,Practice.thisRepN,Practice.thisTrialN,Practice.thisN,Practice.thisIndex,trials.thisRepN,trials.thisTrialN,trials.thisN,trials.thisIndex,ready_to_continue.keys,ready_to_continue.rt,key_resp_2.keys,key_resp_2.rt,Response.keys,Response.corr,Response.rt,begin_exp.keys,begin_exp.rt,finished.keys,finished.rt,date,frameRate,expName,participant,condition,
,,,,,,,,,,,,r,37.0325873983,,,,,,,,,,2017_Oct_03_1117,59.8468819452,Stroop,22,N,
,,,,,,,,,,,,,,r,1.81680116174,,,,,,,,2017_Oct_03_1117,59.8468819452,Stroop,22,N,
BLUE,congruent,b,blue,0,0,0,3,,,,,,,,,b,1,0.0833576964214,,,,,2017_Oct_03_1117,59.8468819452,Stroop,22,N,
BLUE,incongruent,r,red,0,1,1,2,,,,,,,,,r,1,0.383138323901,,,,,2017_Oct_03_1117,59.8468819452,Stroop,22,N,
XXXX,neutral,b,blue,0,2,2,5,,,,,,,,,b,1,0.616969845258,,,,,2017_Oct_03_1117,59.8468819452,Stroop,22,N,
RED,incongruent,b,blue,0,3,3,1,,,,,,,,,b,1,0.450242734281,,,,,2017_Oct_03_1117,59.8468819452,Stroop,22,N,
XXXX,neutral,r,red,0,4,4,4,,,,,,,,,r,1,0.317184710642,,,,,2017_Oct_03_1117,59.8468819452,Stroop,22,N,
RED,congruent,r,red,0,5,5,0,,,,,,,,,r,1,0.66678254772,,,,,2017_Oct_03_1117,59.8468819452,Stroop,22,N,
XXXX,neutral,b,blue,1,0,6,5,,,,,,,,,b,1,0.300337397028,,,,,2017_Oct_03_1117,59.8468819452,Stroop,22,N,
BLUE,congruent,b,blue,1,1,7,3,,,,,,,,,b,1,0.400470294524,,,,,2017_Oct_03_1117,59.8468819452,Stroop,22,N,
XXXX,neutral,r,red,1,2,8,4,,,,,,,,,r,1,0.280900638783,,,,,2017_Oct_03_1117,59.8468819452,Stroop,22,N,
BLUE,incongruent,r,red,1,3,9,2,,,,,,,,,r,1,0.650200247765,,,,,2017_Oct_03_1117,59.8468819452,Stroop,22,N,
RED,congruent,r,red,1,4,10,0,,,,,,,,,r,1,0.531608018558,,,,,2017_Oct_03_1117,59.8468819452,Stroop,22,N,
RED,incongruent,b,blue,1,5,11,1,,,,,,,,,b,1,0.333619780838,,,,,2017_Oct_03_1117,59.8468819452,Stroop,22,N,
,,,,,,,,,,,,,,,,,,,b,3.23349980335,,,2017_Oct_03_1117,59.8468819452,Stroop,22,N,
RED,congruent,r,red,,,,,0,0,0,0,,,,,r,1,0.683516283985,,,,,2017_Oct_03_1117,59.8468819452,Stroop,22,N,
RED,incongruent,b,blue,,,,,0,1,1,1,,,,,b,1,0.39755964838,,,,,2017_Oct_03_1117,59.8468819452,Stroop,22,N,
XXXX,neutral,b,blue,,,,,0,2,2,5,,,,,b,1,0.447532801656,,,,,2017_Oct_03_1117,59.8468819452,Stroop,22,N,
BLUE,incongruent,r,red,,,,,0,3,3,2,,,,,r,1,0.750247511547,,,,,2017_Oct_03_1117,59.8468819452,Stroop,22,N,
XXXX,neutral,r,red,,,,,0,4,4,4,,,,,r,1,0.666908444371,,,,,2017_Oct_03_1117,59.8468819452,Stroop,22,N,
BLUE,congruent,b,blue,,,,,0,5,5,3,,,,,b,1,0.36697127251,,,,,2017_Oct_03_1117,59.8468819452,Stroop,22,N,
RED,incongruent,b,blue,,,,,1,0,6,1,,,,,b,1,0.483827089425,,,,,2017_Oct_03_1117,59.8468819452,Stroop,22,N,
RED,congruent,r,red,,,,,1,1,7,0,,,,,r,1,0.3502820055,,,,,2017_Oct_03_1117,59.8468819452,Stroop,22,N,
RED,incongruent,b,blue,,,,,1,2,8,1,,,,,b,1,0.516943313647,,,,,2017_Oct_03_1117,59.8468819452,Stroop,22,N,
RED,congruent,r,red,,,,,1,3,9,0,,,,,r,1,0.483489362057,,,,,2017_Oct_03_1117,59.8468819452,Stroop,22,N,
RED,incongruent,b,blue,,,,,1,4,10,1,,,,,b,1,0.583714203211,,,,,2017_Oct_03_1117,59.8468819452,Stroop,22,N,
XXXX,neutral,r,red,,,,,1,5,11,4,,,,,r,1,0.447509364923,,,,,2017_Oct_03_1117,59.8468819452,Stroop,22,N,
BLUE,incongruent,r,red,,,,,2,0,12,2,,,,,b,0,0.616939497646,,,,,2017_Oct_03_1117,59.8468819452,Stroop,22,N,
RED,incongruent,b,blue,,,,,2,1,13,1,,,,,b,1,0.616846652934,,,,,2017_Oct_03_1117,59.8468819452,Stroop,22,N,
XXXX,neutral,b,blue,,,,,2,2,14,5,,,,,b,1,0.600721366704,,,,,2017_Oct_03_1117,59.8468819452,Stroop,22,N,
XXXX,neutral,b,blue,,,,,2,3,15,5,,,,,b,1,0.566894232063,,,,,2017_Oct_03_1117,59.8468819452,Stroop,22,N,
BLUE,congruent,b,blue,,,,,2,4,16,3,,,,,b,1,1.08363743313,,,,,2017_Oct_03_1117,59.8468819452,Stroop,22,N,
BLUE,congruent,b,blue,,,,,2,5,17,3,,,,,b,1,0.500257652253,,,,,2017_Oct_03_1117,59.8468819452,Stroop,22,N,
XXXX,neutral,r,red,,,,,3,0,18,4,,,,,r,1,0.46699209488,,,,,2017_Oct_03_1117,59.8468819452,Stroop,22,N,
XXXX,neutral,r,red,,,,,3,1,19,4,,,,,r,1,0.500287098577,,,,,2017_Oct_03_1117,59.8468819452,Stroop,22,N,
XXXX,neutral,r,red,,,,,3,2,20,4,,,,,r,1,0.450333475834,,,,,2017_Oct_03_1117,59.8468819452,Stroop,22,N,
BLUE,incongruent,r,red,,,,,3,3,21,2,,,,,r,1,0.433583213482,,,,,2017_Oct_03_1117,59.8468819452,Stroop,22,N,
BLUE,incongruent,r,red,,,,,3,4,22,2,,,,,r,1,0.683324284386,,,,,2017_Oct_03_1117,59.8468819452,Stroop,22,N,
BLUE,incongruent,r,red,,,,,3,5,23,2,,,,,r,1,0.416829045396,,,,,2017_Oct_03_1117,59.8468819452,Stroop,22,N,
RED,congruent,r,red,,,,,4,0,24,0,,,,,r,1,0.50062122033,,,,,2017_Oct_03_1117,59.8468819452,Stroop,22,N,
BLUE,congruent,b,blue,,,,,4,1,25,3,,,,,b,1,0.55024823267,,,,,2017_Oct_03_1117,59.8468819452,Stroop,22,N,
XXXX,neutral,r,red,,,,,4,2,26,4,,,,,r,1,0.716894517653,,,,,2017_Oct_03_1117,59.8468819452,Stroop,22,N,
BLUE,congruent,b,blue,,,,,4,3,27,3,,,,,b,1,0.516926187091,,,,,2017_Oct_03_1117,59.8468819452,Stroop,22,N,
RED,incongruent,b,blue,,,,,4,4,28,1,,,,,r,0,0.567706701113,,,,,2017_Oct_03_1117,59.8468819452,Stroop,22,N,
XXXX,neutral,b,blue,,,,,4,5,29,5,,,,,b,1,0.583808850963,,,,,2017_Oct_03_1117,59.8468819452,Stroop,22,N,
RED,incongruent,b,blue,,,,,5,0,30,1,,,,,b,1,1.86697442736,,,,,2017_Oct_03_1117,59.8468819452,Stroop,22,N,
RED,incongruent,b,blue,,,,,5,1,31,1,,,,,b,1,0.90009606001,,,,,2017_Oct_03_1117,59.8468819452,Stroop,22,N,
RED,incongruent,b,blue,,,,,5,2,32,1,,,,,b,1,0.750203943346,,,,,2017_Oct_03_1117,59.8468819452,Stroop,22,N,
BLUE,incongruent,r,red,,,,,5,3,33,2,,,,,r,1,0.897576324409,,,,,2017_Oct_03_1117,59.8468819452,Stroop,22,N,
RED,congruent,r,red,,,,,5,4,34,0,,,,,r,1,1.13347687759,,,,,2017_Oct_03_1117,59.8468819452,Stroop,22,N,
XXXX,neutral,b,blue,,,,,5,5,35,5,,,,,b,1,0.616914558923,,,,,2017_Oct_03_1117,59.8468819452,Stroop,22,N,
BLUE,congruent,b,blue,,,,,6,0,36,3,,,,,b,1,0.667507279664,,,,,2017_Oct_03_1117,59.8468819452,Stroop,22,N,
BLUE,incongruent,r,red,,,,,6,1,37,2,,,,,r,1,0.866939272499,,,,,2017_Oct_03_1117,59.8468819452,Stroop,22,N,
XXXX,neutral,b,blue,,,,,6,2,38,5,,,,,b,1,0.566951621789,,,,,2017_Oct_03_1117,59.8468819452,Stroop,22,N,
BLUE,congruent,b,blue,,,,,6,3,39,3,,,,,b,1,0.56428615842,,,,,2017_Oct_03_1117,59.8468819452,Stroop,22,N,
RED,incongruent,b,blue,,,,,6,4,40,1,,,,,b,1,1.10031918855,,,,,2017_Oct_03_1117,59.8468819452,Stroop,22,N,
BLUE,incongruent,r,red,,,,,6,5,41,2,,,,,r,1,0.966883475194,,,,,2017_Oct_03_1117,59.8468819452,Stroop,22,N,
XXXX,neutral,r,red,,,,,7,0,42,4,,,,,r,1,0.550256946124,,,,,2017_Oct_03_1117,59.8468819452,Stroop,22,N,
BLUE,incongruent,r,red,,,,,7,1,43,2,,,,,r,1,1.08334958367,,,,,2017_Oct_03_1117,59.8468819452,Stroop,22,N,
BLUE,congruent,b,blue,,,,,7,2,44,3,,,,,b,1,0.433590124361,,,,,2017_Oct_03_1117,59.8468819452,Stroop,22,N,
BLUE,congruent,b,blue,,,,,7,3,45,3,,,,,b,1,0.533570984611,,,,,2017_Oct_03_1117,59.8468819452,Stroop,22,N,
XXXX,neutral,b,blue,,,,,7,4,46,5,,,,,b,1,0.516891032225,,,,,2017_Oct_03_1117,59.8468819452,Stroop,22,N,
RED,incongruent,b,blue,,,,,7,5,47,1,,,,,b,1,0.480974433944,,,,,2017_Oct_03_1117,59.8468819452,Stroop,22,N,
BLUE,congruent,b,blue,,,,,8,0,48,3,,,,,b,1,0.447582979687,,,,,2017_Oct_03_1117,59.8468819452,Stroop,22,N,
XXXX,neutral,b,blue,,,,,8,1,49,5,,,,,b,1,0.417154453462,,,,,2017_Oct_03_1117,59.8468819452,Stroop,22,N,
XXXX,neutral,b,blue,,,,,8,2,50,5,,,,,b,1,0.483727934537,,,,,2017_Oct_03_1117,59.8468819452,Stroop,22,N,
XXXX,neutral,b,blue,,,,,8,3,51,5,,,,,b,1,0.41693991865,,,,,2017_Oct_03_1117,59.8468819452,Stroop,22,N,
RED,congruent,r,red,,,,,8,4,52,0,,,,,r,1,0.333579818485,,,,,2017_Oct_03_1117,59.8468819452,Stroop,22,N,
XXXX,neutral,r,red,,,,,8,5,53,4,,,,,r,1,0.547668102896,,,,,2017_Oct_03_1117,59.8468819452,Stroop,22,N,
BLUE,congruent,b,blue,,,,,9,0,54,3,,,,,b,1,0.466458761832,,,,,2017_Oct_03_1117,59.8468819452,Stroop,22,N,
XXXX,neutral,r,red,,,,,9,1,55,4,,,,,r,1,0.500178929651,,,,,2017_Oct_03_1117,59.8468819452,Stroop,22,N,
XXXX,neutral,r,red,,,,,9,2,56,4,,,,,r,1,0.400215796893,,,,,2017_Oct_03_1117,59.8468819452,Stroop,22,N,
BLUE,incongruent,r,red,,,,,9,3,57,2,,,,,r,1,0.450547410175,,,,,2017_Oct_03_1117,59.8468819452,Stroop,22,N,
RED,congruent,r,red,,,,,9,4,58,0,,,,,r,1,0.416946829297,,,,,2017_Oct_03_1117,59.8468819452,Stroop,22,N,
RED,congruent,r,red,,,,,9,5,59,0,,,,,r,1,0.350237235427,,,,,2017_Oct_03_1117,59.8468819452,Stroop,22,N,
BLUE,incongruent,r,red,,,,,10,0,60,2,,,,,r,1,0.516933698673,,,,,2017_Oct_03_1117,59.8468819452,Stroop,22,N,
BLUE,incongruent,r,red,,,,,10,1,61,2,,,,,b,0,0.569498699857,,,,,2017_Oct_03_1117,59.8468819452,Stroop,22,N,
RED,incongruent,b,blue,,,,,10,2,62,1,,,,,b,1,1.11688195798,,,,,2017_Oct_03_1117,59.8468819452,Stroop,22,N,
XXXX,neutral,r,red,,,,,10,3,63,4,,,,,r,1,0.916914829286,,,,,2017_Oct_03_1117,59.8468819452,Stroop,22,N,
XXXX,neutral,b,blue,,,,,10,4,64,5,,,,,b,1,0.549809547607,,,,,2017_Oct_03_1117,59.8468819452,Stroop,22,N,
RED,incongruent,b,blue,,,,,10,5,65,1,,,,,b,1,0.850313404575,,,,,2017_Oct_03_1117,59.8468819452,Stroop,22,N,
XXXX,neutral,r,red,,,,,11,0,66,4,,,,,r,1,0.449995748466,,,,,2017_Oct_03_1117,59.8468819452,Stroop,22,N,
BLUE,congruent,b,blue,,,,,11,1,67,3,,,,,b,1,0.633533215616,,,,,2017_Oct_03_1117,59.8468819452,Stroop,22,N,
XXXX,neutral,r,red,,,,,11,2,68,4,,,,,r,1,0.683614537586,,,,,2017_Oct_03_1117,59.8468819452,Stroop,22,N,
RED,congruent,r,red,,,,,11,3,69,0,,,,,r,1,0.800246505067,,,,,2017_Oct_03_1117,59.8468819452,Stroop,22,N,
XXXX,neutral,b,blue,,,,,11,4,70,5,,,,,b,1,0.550042110728,,,,,2017_Oct_03_1117,59.8468819452,Stroop,22,N,
XXXX,neutral,b,blue,,,,,11,5,71,5,,,,,b,1,0.483652516734,,,,,2017_Oct_03_1117,59.8468819452,Stroop,22,N,
BLUE,congruent,b,blue,,,,,12,0,72,3,,,,,b,1,0.466756226728,,,,,2017_Oct_03_1117,59.8468819452,Stroop,22,N,
BLUE,incongruent,r,red,,,,,12,1,73,2,,,,,r,1,0.583301057806,,,,,2017_Oct_03_1117,59.8468819452,Stroop,22,N,
BLUE,incongruent,r,red,,,,,12,2,74,2,,,,,r,1,0.66680688574,,,,,2017_Oct_03_1117,59.8468819452,Stroop,22,N,
RED,incongruent,b,blue,,,,,12,3,75,1,,,,,b,1,0.866999366321,,,,,2017_Oct_03_1117,59.8468819452,Stroop,22,N,
XXXX,neutral,b,blue,,,,,12,4,76,5,,,,,b,1,0.366653376026,,,,,2017_Oct_03_1117,59.8468819452,Stroop,22,N,
XXXX,neutral,r,red,,,,,12,5,77,4,,,,,r,1,0.317130926764,,,,,2017_Oct_03_1117,59.8468819452,Stroop,22,N,
BLUE,congruent,b,blue,,,,,13,0,78,3,,,,,b,1,0.486153322738,,,,,2017_Oct_03_1117,59.8468819452,Stroop,22,N,
BLUE,congruent,b,blue,,,,,13,1,79,3,,,,,b,1,0.400240135146,,,,,2017_Oct_03_1117,59.8468819452,Stroop,22,N,
BLUE,incongruent,r,red,,,,,13,2,80,2,,,,,r,1,0.450346997008,,,,,2017_Oct_03_1117,59.8468819452,Stroop,22,N,
XXXX,neutral,b,blue,,,,,13,3,81,5,,,,,b,1,0.716873785248,,,,,2017_Oct_03_1117,59.8468819452,Stroop,22,N,
BLUE,congruent,b,blue,,,,,13,4,82,3,,,,,b,1,0.466753822751,,,,,2017_Oct_03_1117,59.8468819452,Stroop,22,N,
RED,congruent,r,red,,,,,13,5,83,0,,,,,r,1,0.700347973499,,,,,2017_Oct_03_1117,59.8468819452,Stroop,22,N,
RED,congruent,r,red,,,,,14,0,84,0,,,,,r,1,0.500182535034,,,,,2017_Oct_03_1117,59.8468819452,Stroop,22,N,
XXXX,neutral,r,red,,,,,14,1,85,4,,,,,r,1,0.566871095914,,,,,2017_Oct_03_1117,59.8468819452,Stroop,22,N,
BLUE,incongruent,r,red,,,,,14,2,86,2,,,,,r,1,2.30001138779,,,,,2017_Oct_03_1117,59.8468819452,Stroop,22,N,
RED,incongruent,b,blue,,,,,14,3,87,1,,,,,b,1,0.650274764048,,,,,2017_Oct_03_1117,59.8468819452,Stroop,22,N,
BLUE,incongruent,r,red,,,,,14,4,88,2,,,,,r,1,0.816961011384,,,,,2017_Oct_03_1117,59.8468819452,Stroop,22,N,
BLUE,congruent,b,blue,,,,,14,5,89,3,,,,,b,1,0.349499884062,,,,,2017_Oct_03_1117,59.8468819452,Stroop,22,N,
RED,congruent,r,red,,,,,15,0,90,0,,,,,r,1,0.480922753224,,,,,2017_Oct_03_1117,59.8468819452,Stroop,22,N,
RED,congruent,r,red,,,,,15,1,91,0,,,,,r,1,0.597418007208,,,,,2017_Oct_03_1117,59.8468819452,Stroop,22,N,
RED,incongruent,b,blue,,,,,15,2,92,1,,,,,b,1,0.583499367815,,,,,2017_Oct_03_1117,59.8468819452,Stroop,22,N,
RED,congruent,r,red,,,,,15,3,93,0,,,,,r,1,0.566651152447,,,,,2017_Oct_03_1117,59.8468819452,Stroop,22,N,
RED,incongruent,b,blue,,,,,15,4,94,1,,,,,b,1,0.566881011473,,,,,2017_Oct_03_1117,59.8468819452,Stroop,22,N,
BLUE,incongruent,r,red,,,,,15,5,95,2,,,,,r,1,0.519536063541,,,,,2017_Oct_03_1117,59.8468819452,Stroop,22,N,
XXXX,neutral,r,red,,,,,16,0,96,4,,,,,r,1,0.766899219947,,,,,2017_Oct_03_1117,59.8468819452,Stroop,22,N,
XXXX,neutral,r,red,,,,,16,1,97,4,,,,,r,1,0.466651963769,,,,,2017_Oct_03_1117,59.8468819452,Stroop,22,N,
BLUE,congruent,b,blue,,,,,16,2,98,3,,,,,b,1,0.536307959352,,,,,2017_Oct_03_1117,59.8468819452,Stroop,22,N,
BLUE,congruent,b,blue,,,,,16,3,99,3,,,,,b,1,0.633068990428,,,,,2017_Oct_03_1117,59.8468819452,Stroop,22,N,
BLUE,congruent,b,blue,,,,,16,4,100,3,,,,,b,1,0.497473503929,,,,,2017_Oct_03_1117,59.8468819452,Stroop,22,N,
RED,congruent,r,red,,,,,16,5,101,0,,,,,r,1,0.500229408499,,,,,2017_Oct_03_1117,59.8468819452,Stroop,22,N,
RED,incongruent,b,blue,,,,,17,0,102,1,,,,,b,1,0.830969491275,,,,,2017_Oct_03_1117,59.8468819452,Stroop,22,N,
XXXX,neutral,r,red,,,,,17,1,103,4,,,,,r,1,0.650222182041,,,,,2017_Oct_03_1117,59.8468819452,Stroop,22,N,
XXXX,neutral,b,blue,,,,,17,2,104,5,,,,,b,1,0.664318098221,,,,,2017_Oct_03_1117,59.8468819452,Stroop,22,N,
XXXX,neutral,r,red,,,,,17,3,105,4,,,,,r,1,1.05015253322,,,,,2017_Oct_03_1117,59.8468819452,Stroop,22,N,
RED,congruent,r,red,,,,,17,4,106,0,,,,,r,1,0.646919723833,,,,,2017_Oct_03_1117,59.8468819452,Stroop,22,N,
BLUE,congruent,b,blue,,,,,17,5,107,3,,,,,b,1,0.700018659001,,,,,2017_Oct_03_1117,59.8468819452,Stroop,22,N,
BLUE,incongruent,r,red,,,,,18,0,108,2,,,,,r,1,0.683665316785,,,,,2017_Oct_03_1117,59.8468819452,Stroop,22,N,
RED,incongruent,b,blue,,,,,18,1,109,1,,,,,b,1,0.783554533729,,,,,2017_Oct_03_1117,59.8468819452,Stroop,22,N,
RED,congruent,r,red,,,,,18,2,110,0,,,,,r,1,0.500318948179,,,,,2017_Oct_03_1117,59.8468819452,Stroop,22,N,
BLUE,incongruent,r,red,,,,,18,3,111,2,,,,,r,1,0.933588471729,,,,,2017_Oct_03_1117,59.8468819452,Stroop,22,N,
BLUE,incongruent,r,red,,,,,18,4,112,2,,,,,r,1,0.41695944895,,,,,2017_Oct_03_1117,59.8468819452,Stroop,22,N,
XXXX,neutral,b,blue,,,,,18,5,113,5,,,,,b,1,0.616789563559,,,,,2017_Oct_03_1117,59.8468819452,Stroop,22,N,
XXXX,neutral,r,red,,,,,19,0,114,4,,,,,r,1,0.516715558013,,,,,2017_Oct_03_1117,59.8468819452,Stroop,22,N,
XXXX,neutral,b,blue,,,,,19,1,115,5,,,,,b,1,0.450211485382,,,,,2017_Oct_03_1117,59.8468819452,Stroop,22,N,
RED,congruent,r,red,,,,,19,2,116,0,,,,,r,1,0.766900421819,,,,,2017_Oct_03_1117,59.8468819452,Stroop,22,N,
BLUE,congruent,b,blue,,,,,19,3,117,3,,,,,b,1,0.766829210566,,,,,2017_Oct_03_1117,59.8468819452,Stroop,22,N,
RED,congruent,r,red,,,,,19,4,118,0,,,,,r,1,0.583661621204,,,,,2017_Oct_03_1117,59.8468819452,Stroop,22,N,
XXXX,neutral,r,red,,,,,19,5,119,4,,,,,r,1,0.667017214233,,,,,2017_Oct_03_1117,59.8468819452,Stroop,22,N,
RED,congruent,r,red,,,,,20,0,120,0,,,,,r,1,0.483406432671,,,,,2017_Oct_03_1117,59.8468819452,Stroop,22,N,
XXXX,neutral,b,blue,,,,,20,1,121,5,,,,,b,1,0.516852572095,,,,,2017_Oct_03_1117,59.8468819452,Stroop,22,N,
RED,congruent,r,red,,,,,20,2,122,0,,,,,r,1,0.566634927178,,,,,2017_Oct_03_1117,59.8468819452,Stroop,22,N,
BLUE,incongruent,r,red,,,,,20,3,123,2,,,,,r,1,0.93350223708,,,,,2017_Oct_03_1117,59.8468819452,Stroop,22,N,
BLUE,incongruent,r,red,,,,,20,4,124,2,,,,,r,1,0.866863253759,,,,,2017_Oct_03_1117,59.8468819452,Stroop,22,N,
XXXX,neutral,b,blue,,,,,20,5,125,5,,,,,b,1,0.550277077826,,,,,2017_Oct_03_1117,59.8468819452,Stroop,22,N,
BLUE,incongruent,r,red,,,,,21,0,126,2,,,,,r,1,0.600221385714,,,,,2017_Oct_03_1117,59.8468819452,Stroop,22,N,
XXXX,neutral,r,red,,,,,21,1,127,4,,,,,r,1,0.666877796408,,,,,2017_Oct_03_1117,59.8468819452,Stroop,22,N,
RED,congruent,r,red,,,,,21,2,128,0,,,,,r,1,0.433417354478,,,,,2017_Oct_03_1117,59.8468819452,Stroop,22,N,
XXXX,neutral,r,red,,,,,21,3,129,4,,,,,r,1,0.650111909723,,,,,2017_Oct_03_1117,59.8468819452,Stroop,22,N,
XXXX,neutral,r,red,,,,,21,4,130,4,,,,,r,1,0.549619049998,,,,,2017_Oct_03_1117,59.8468819452,Stroop,22,N,
XXXX,neutral,r,red,,,,,21,5,131,4,,,,,r,1,0.450350903207,,,,,2017_Oct_03_1117,59.8468819452,Stroop,22,N,
RED,incongruent,b,blue,,,,,22,0,132,1,,,,,b,1,0.566950419685,,,,,2017_Oct_03_1117,59.8468819452,Stroop,22,N,
BLUE,congruent,b,blue,,,,,22,1,133,3,,,,,b,1,0.833601001417,,,,,2017_Oct_03_1117,59.8468819452,Stroop,22,N,
RED,incongruent,b,blue,,,,,22,2,134,1,,,,,b,1,0.433579006931,,,,,2017_Oct_03_1117,59.8468819452,Stroop,22,N,
BLUE,congruent,b,blue,,,,,22,3,135,3,,,,,b,1,0.600192540791,,,,,2017_Oct_03_1117,59.8468819452,Stroop,22,N,
RED,incongruent,b,blue,,,,,22,4,136,1,,,,,b,1,0.433641805081,,,,,2017_Oct_03_1117,59.8468819452,Stroop,22,N,
XXXX,neutral,b,blue,,,,,22,5,137,5,,,,,b,1,0.483607446542,,,,,2017_Oct_03_1117,59.8468819452,Stroop,22,N,
RED,congruent,r,red,,,,,23,0,138,0,,,,,r,1,0.450363522861,,,,,2017_Oct_03_1117,59.8468819452,Stroop,22,N,
RED,congruent,r,red,,,,,23,1,139,0,,,,,r,1,0.697417496471,,,,,2017_Oct_03_1117,59.8468819452,Stroop,22,N,
RED,incongruent,b,blue,,,,,23,2,140,1,,,,,b,1,0.83367221267,,,,,2017_Oct_03_1117,59.8468819452,Stroop,22,N,
XXXX,neutral,b,blue,,,,,23,3,141,5,,,,,b,1,0.533603435382,,,,,2017_Oct_03_1117,59.8468819452,Stroop,22,N,
BLUE,congruent,b,blue,,,,,23,4,142,3,,,,,b,1,0.500283793313,,,,,2017_Oct_03_1117,59.8468819452,Stroop,22,N,
RED,congruent,r,red,,,,,23,5,143,0,,,,,r,1,0.800161171705,,,,,2017_Oct_03_1117,59.8468819452,Stroop,22,N,
BLUE,incongruent,r,red,,,,,24,0,144,2,,,,,r,1,0.96438447223,,,,,2017_Oct_03_1117,59.8468819452,Stroop,22,N,
RED,incongruent,b,blue,,,,,24,1,145,1,,,,,b,1,0.564292768948,,,,,2017_Oct_03_1117,59.8468819452,Stroop,22,N,
XXXX,neutral,b,blue,,,,,24,2,146,5,,,,,b,1,0.56695883302,,,,,2017_Oct_03_1117,59.8468819452,Stroop,22,N,
XXXX,neutral,b,blue,,,,,24,3,147,5,,,,,b,1,0.500182835618,,,,,2017_Oct_03_1117,59.8468819452,Stroop,22,N,
XXXX,neutral,b,blue,,,,,24,4,148,5,,,,,b,1,0.483584009809,,,,,2017_Oct_03_1117,59.8468819452,Stroop,22,N,
RED,incongruent,b,blue,,,,,24,5,149,1,,,,,b,1,1.11683959165,,,,,2017_Oct_03_1117,59.8468819452,Stroop,22,N,
,,,,,,,,,,,,,,,,,,,,,escape,56.4982448085,2017_Oct_03_1117,59.8468819452,Stroop,22,N,
