word,type,correct,ink,Practice.thisRepN,Practice.thisTrialN,Practice.thisN,Practice.thisIndex,trials.thisRepN,trials.thisTrialN,trials.thisN,trials.thisIndex,ready_to_continue.keys,ready_to_continue.rt,key_resp_2.keys,key_resp_2.rt,Response.keys,Response.corr,Response.rt,begin_exp.keys,begin_exp.rt,finished.keys,finished.rt,date,frameRate,expName,participant,condition,
,,,,,,,,,,,,r,35.7656901313,,,,,,,,,,2017_Oct_02_1202,59.97770745,Stroop,25,N,
,,,,,,,,,,,,,,r,2.88367991964,,,,,,,,2017_Oct_02_1202,59.97770745,Stroop,25,N,
XXXX,neutral,b,blue,0,0,0,5,,,,,,,,,b,1,1.28332632734,,,,,2017_Oct_02_1202,59.97770745,Stroop,25,N,
BLUE,incongruent,r,red,0,1,1,2,,,,,,,,,r,1,0.634099600138,,,,,2017_Oct_02_1202,59.97770745,Stroop,25,N,
BLUE,congruent,b,blue,0,2,2,3,,,,,,,,,b,1,0.333638109267,,,,,2017_Oct_02_1202,59.97770745,Stroop,25,N,
RED,congruent,r,red,0,3,3,0,,,,,,,,,r,1,0.367088455358,,,,,2017_Oct_02_1202,59.97770745,Stroop,25,N,
XXXX,neutral,r,red,0,4,4,4,,,,,,,,,r,1,0.516815313837,,,,,2017_Oct_02_1202,59.97770745,Stroop,25,N,
RED,incongruent,b,blue,0,5,5,1,,,,,,,,,b,1,0.750390534988,,,,,2017_Oct_02_1202,59.97770745,Stroop,25,N,
XXXX,neutral,r,red,1,0,6,4,,,,,,,,,r,1,0.700445025112,,,,,2017_Oct_02_1202,59.97770745,Stroop,25,N,
RED,congruent,r,red,1,1,7,0,,,,,,,,,r,1,0.41703937389,,,,,2017_Oct_02_1202,59.97770745,Stroop,25,N,
RED,incongruent,b,blue,1,2,8,1,,,,,,,,,b,1,0.283851848217,,,,,2017_Oct_02_1202,59.97770745,Stroop,25,N,
BLUE,incongruent,r,red,1,3,9,2,,,,,,,,,r,1,0.516997999162,,,,,2017_Oct_02_1202,59.97770745,Stroop,25,N,
BLUE,congruent,b,blue,1,4,10,3,,,,,,,,,b,1,0.481087410357,,,,,2017_Oct_02_1202,59.97770745,Stroop,25,N,
XXXX,neutral,b,blue,1,5,11,5,,,,,,,,,b,1,0.464448021376,,,,,2017_Oct_02_1202,59.97770745,Stroop,25,N,
,,,,,,,,,,,,,,,,,,,b,2.3670581081,,,2017_Oct_02_1202,59.97770745,Stroop,25,N,
XXXX,neutral,b,blue,,,,,0,0,0,5,,,,,b,1,0.600165498443,,,,,2017_Oct_02_1202,59.97770745,Stroop,25,N,
BLUE,congruent,b,blue,,,,,0,1,1,3,,,,,b,1,0.400373242912,,,,,2017_Oct_02_1202,59.97770745,Stroop,25,N,
RED,congruent,r,red,,,,,0,2,2,0,,,,,r,1,0.367152755964,,,,,2017_Oct_02_1202,59.97770745,Stroop,25,N,
BLUE,incongruent,r,red,,,,,0,3,3,2,,,,,r,1,0.569649235113,,,,,2017_Oct_02_1202,59.97770745,Stroop,25,N,
XXXX,neutral,b,blue,,,,,0,4,4,5,,,,,b,1,0.516973060323,,,,,2017_Oct_02_1202,59.97770745,Stroop,25,N,
XXXX,neutral,r,red,,,,,0,5,5,4,,,,,r,1,0.700431503938,,,,,2017_Oct_02_1202,59.97770745,Stroop,25,N,
RED,congruent,r,red,,,,,1,0,6,0,,,,,r,1,0.583753564628,,,,,2017_Oct_02_1202,59.97770745,Stroop,25,N,
BLUE,congruent,b,blue,,,,,1,1,7,3,,,,,b,1,0.397869732813,,,,,2017_Oct_02_1202,59.97770745,Stroop,25,N,
BLUE,incongruent,r,red,,,,,1,2,8,2,,,,,r,1,0.467023644247,,,,,2017_Oct_02_1202,59.97770745,Stroop,25,N,
RED,congruent,r,red,,,,,1,3,9,0,,,,,r,1,0.467072620755,,,,,2017_Oct_02_1202,59.97770745,Stroop,25,N,
BLUE,congruent,b,blue,,,,,1,4,10,3,,,,,b,1,0.517078224453,,,,,2017_Oct_02_1202,59.97770745,Stroop,25,N,
XXXX,neutral,r,red,,,,,1,5,11,4,,,,,r,1,0.500156394322,,,,,2017_Oct_02_1202,59.97770745,Stroop,25,N,
RED,congruent,r,red,,,,,2,0,12,0,,,,,r,1,0.433689880185,,,,,2017_Oct_02_1202,59.97770745,Stroop,25,N,
XXXX,neutral,r,red,,,,,2,1,13,4,,,,,r,1,0.567089236691,,,,,2017_Oct_02_1202,59.97770745,Stroop,25,N,
BLUE,incongruent,r,red,,,,,2,2,14,2,,,,,b,0,0.433729542186,,,,,2017_Oct_02_1202,59.97770745,Stroop,25,N,
XXXX,neutral,r,red,,,,,2,3,15,4,,,,,r,1,0.783747134614,,,,,2017_Oct_02_1202,59.97770745,Stroop,25,N,
RED,incongruent,b,blue,,,,,2,4,16,1,,,,,b,1,0.417030359735,,,,,2017_Oct_02_1202,59.97770745,Stroop,25,N,
RED,congruent,r,red,,,,,2,5,17,0,,,,,r,1,0.567168560578,,,,,2017_Oct_02_1202,59.97770745,Stroop,25,N,
RED,congruent,r,red,,,,,3,0,18,0,,,,,r,1,0.333815085818,,,,,2017_Oct_02_1202,59.97770745,Stroop,25,N,
XXXX,neutral,b,blue,,,,,3,1,19,5,,,,,b,1,0.650364604546,,,,,2017_Oct_02_1202,59.97770745,Stroop,25,N,
BLUE,incongruent,r,red,,,,,3,2,20,2,,,,,r,1,0.750409464585,,,,,2017_Oct_02_1202,59.97770745,Stroop,25,N,
RED,incongruent,b,blue,,,,,3,3,21,1,,,,,b,1,0.750361088896,,,,,2017_Oct_02_1202,59.97770745,Stroop,25,N,
BLUE,congruent,b,blue,,,,,3,4,22,3,,,,,b,1,0.483740854892,,,,,2017_Oct_02_1202,59.97770745,Stroop,25,N,
RED,congruent,r,red,,,,,3,5,23,0,,,,,r,1,0.483740554308,,,,,2017_Oct_02_1202,59.97770745,Stroop,25,N,
XXXX,neutral,b,blue,,,,,4,0,24,5,,,,,b,1,0.647757732775,,,,,2017_Oct_02_1202,59.97770745,Stroop,25,N,
BLUE,congruent,b,blue,,,,,4,1,25,3,,,,,b,1,0.483742056647,,,,,2017_Oct_02_1202,59.97770745,Stroop,25,N,
XXXX,neutral,r,red,,,,,4,2,26,4,,,,,r,1,0.583686259459,,,,,2017_Oct_02_1202,59.97770745,Stroop,25,N,
RED,congruent,r,red,,,,,4,3,27,0,,,,,r,1,0.600339470198,,,,,2017_Oct_02_1202,59.97770745,Stroop,25,N,
BLUE,incongruent,r,red,,,,,4,4,28,2,,,,,r,1,0.467064808472,,,,,2017_Oct_02_1202,59.97770745,Stroop,25,N,
BLUE,incongruent,r,red,,,,,4,5,29,2,,,,,b,0,1.23373567173,,,,,2017_Oct_02_1202,59.97770745,Stroop,25,N,
RED,congruent,r,red,,,,,5,0,30,0,,,,,r,1,0.467137822532,,,,,2017_Oct_02_1202,59.97770745,Stroop,25,N,
XXXX,neutral,b,blue,,,,,5,1,31,5,,,,,b,1,0.433761992841,,,,,2017_Oct_02_1202,59.97770745,Stroop,25,N,
XXXX,neutral,b,blue,,,,,5,2,32,5,,,,,b,1,0.700266846805,,,,,2017_Oct_02_1202,59.97770745,Stroop,25,N,
XXXX,neutral,r,red,,,,,5,3,33,4,,,,,r,1,0.716978047974,,,,,2017_Oct_02_1202,59.97770745,Stroop,25,N,
BLUE,incongruent,r,red,,,,,5,4,34,2,,,,,r,1,1.8835840699,,,,,2017_Oct_02_1202,59.97770745,Stroop,25,N,
RED,congruent,r,red,,,,,5,5,35,0,,,,,r,1,0.467066611396,,,,,2017_Oct_02_1202,59.97770745,Stroop,25,N,
RED,congruent,r,red,,,,,6,0,36,0,,,,,r,1,0.516970355995,,,,,2017_Oct_02_1202,59.97770745,Stroop,25,N,
XXXX,neutral,r,red,,,,,6,1,37,4,,,,,r,1,0.400503947167,,,,,2017_Oct_02_1202,59.97770745,Stroop,25,N,
XXXX,neutral,b,blue,,,,,6,2,38,5,,,,,b,1,0.450461475761,,,,,2017_Oct_02_1202,59.97770745,Stroop,25,N,
XXXX,neutral,b,blue,,,,,6,3,39,5,,,,,b,1,0.466797390836,,,,,2017_Oct_02_1202,59.97770745,Stroop,25,N,
XXXX,neutral,b,blue,,,,,6,4,40,5,,,,,b,1,0.483837004984,,,,,2017_Oct_02_1202,59.97770745,Stroop,25,N,
BLUE,congruent,b,blue,,,,,6,5,41,3,,,,,b,1,0.516848365427,,,,,2017_Oct_02_1202,59.97770745,Stroop,25,N,
RED,congruent,r,red,,,,,7,0,42,0,,,,,r,1,0.267026769114,,,,,2017_Oct_02_1202,59.97770745,Stroop,25,N,
XXXX,neutral,b,blue,,,,,7,1,43,5,,,,,b,1,0.46704948449,,,,,2017_Oct_02_1202,59.97770745,Stroop,25,N,
BLUE,incongruent,r,red,,,,,7,2,44,2,,,,,r,1,0.766961717512,,,,,2017_Oct_02_1202,59.97770745,Stroop,25,N,
XXXX,neutral,r,red,,,,,7,3,45,4,,,,,r,1,1.01709279721,,,,,2017_Oct_02_1202,59.97770745,Stroop,25,N,
XXXX,neutral,r,red,,,,,7,4,46,4,,,,,r,1,0.317097274237,,,,,2017_Oct_02_1202,59.97770745,Stroop,25,N,
XXXX,neutral,b,blue,,,,,7,5,47,5,,,,,b,1,0.533538233372,,,,,2017_Oct_02_1202,59.97770745,Stroop,25,N,
BLUE,congruent,b,blue,,,,,8,0,48,3,,,,,b,1,0.550230204593,,,,,2017_Oct_02_1202,59.97770745,Stroop,25,N,
XXXX,neutral,b,blue,,,,,8,1,49,5,,,,,b,1,0.650275064632,,,,,2017_Oct_02_1202,59.97770745,Stroop,25,N,
XXXX,neutral,r,red,,,,,8,2,50,4,,,,,r,1,0.250364844804,,,,,2017_Oct_02_1202,59.97770745,Stroop,25,N,
BLUE,congruent,b,blue,,,,,8,3,51,3,,,,,b,1,0.55034408241,,,,,2017_Oct_02_1202,59.97770745,Stroop,25,N,
XXXX,neutral,b,blue,,,,,8,4,52,5,,,,,b,1,0.533680956229,,,,,2017_Oct_02_1202,59.97770745,Stroop,25,N,
RED,incongruent,b,blue,,,,,8,5,53,1,,,,,b,1,1.00048676028,,,,,2017_Oct_02_1202,59.97770745,Stroop,25,N,
XXXX,neutral,b,blue,,,,,9,0,54,5,,,,,b,1,0.466875813319,,,,,2017_Oct_02_1202,59.97770745,Stroop,25,N,
BLUE,incongruent,r,red,,,,,9,1,55,2,,,,,r,1,0.867200981244,,,,,2017_Oct_02_1202,59.97770745,Stroop,25,N,
RED,incongruent,b,blue,,,,,9,2,56,1,,,,,b,1,0.866813976783,,,,,2017_Oct_02_1202,59.97770745,Stroop,25,N,
XXXX,neutral,b,blue,,,,,9,3,57,5,,,,,b,1,0.350420521805,,,,,2017_Oct_02_1202,59.97770745,Stroop,25,N,
XXXX,neutral,r,red,,,,,9,4,58,4,,,,,r,1,0.650189130451,,,,,2017_Oct_02_1202,59.97770745,Stroop,25,N,
RED,incongruent,b,blue,,,,,9,5,59,1,,,,,b,1,0.783669012599,,,,,2017_Oct_02_1202,59.97770745,Stroop,25,N,
XXXX,neutral,b,blue,,,,,10,0,60,5,,,,,b,1,0.633812952437,,,,,2017_Oct_02_1202,59.97770745,Stroop,25,N,
RED,incongruent,b,blue,,,,,10,1,61,1,,,,,b,1,1.06686012878,,,,,2017_Oct_02_1202,59.97770745,Stroop,25,N,
XXXX,neutral,r,red,,,,,10,2,62,4,,,,,r,1,0.500382046681,,,,,2017_Oct_02_1202,59.97770745,Stroop,25,N,
RED,congruent,r,red,,,,,10,3,63,0,,,,,r,1,0.550526767853,,,,,2017_Oct_02_1202,59.97770745,Stroop,25,N,
RED,incongruent,b,blue,,,,,10,4,64,1,,,,,b,1,0.567108466639,,,,,2017_Oct_02_1202,59.97770745,Stroop,25,N,
RED,incongruent,b,blue,,,,,10,5,65,1,,,,,b,1,0.566994288354,,,,,2017_Oct_02_1202,59.97770745,Stroop,25,N,
BLUE,incongruent,r,red,,,,,11,0,66,2,,,,,r,1,0.583057978307,,,,,2017_Oct_02_1202,59.97770745,Stroop,25,N,
BLUE,incongruent,r,red,,,,,11,1,67,2,,,,,b,0,0.633327994961,,,,,2017_Oct_02_1202,59.97770745,Stroop,25,N,
RED,congruent,r,red,,,,,11,2,68,0,,,,,r,1,0.550511443755,,,,,2017_Oct_02_1202,59.97770745,Stroop,25,N,
XXXX,neutral,r,red,,,,,11,3,69,4,,,,,r,1,0.600135752,,,,,2017_Oct_02_1202,59.97770745,Stroop,25,N,
RED,incongruent,b,blue,,,,,11,4,70,1,,,,,b,1,0.400448059896,,,,,2017_Oct_02_1202,59.97770745,Stroop,25,N,
RED,incongruent,b,blue,,,,,11,5,71,1,,,,,b,1,1.20035293128,,,,,2017_Oct_02_1202,59.97770745,Stroop,25,N,
RED,incongruent,b,blue,,,,,12,0,72,1,,,,,b,1,0.603129628114,,,,,2017_Oct_02_1202,59.97770745,Stroop,25,N,
XXXX,neutral,r,red,,,,,12,1,73,4,,,,,r,1,0.567123490153,,,,,2017_Oct_02_1202,59.97770745,Stroop,25,N,
BLUE,incongruent,r,red,,,,,12,2,74,2,,,,,r,1,0.41705830337,,,,,2017_Oct_02_1202,59.97770745,Stroop,25,N,
XXXX,neutral,b,blue,,,,,12,3,75,5,,,,,b,1,0.5643835105,,,,,2017_Oct_02_1202,59.97770745,Stroop,25,N,
BLUE,incongruent,r,red,,,,,12,4,76,2,,,,,r,1,0.666994979489,,,,,2017_Oct_02_1202,59.97770745,Stroop,25,N,
XXXX,neutral,b,blue,,,,,12,5,77,5,,,,,b,1,0.617060286459,,,,,2017_Oct_02_1202,59.97770745,Stroop,25,N,
RED,congruent,r,red,,,,,13,0,78,0,,,,,r,1,0.533739547827,,,,,2017_Oct_02_1202,59.97770745,Stroop,25,N,
XXXX,neutral,r,red,,,,,13,1,79,4,,,,,r,1,0.967113634688,,,,,2017_Oct_02_1202,59.97770745,Stroop,25,N,
BLUE,congruent,b,blue,,,,,13,2,80,3,,,,,b,1,0.53082259174,,,,,2017_Oct_02_1202,59.97770745,Stroop,25,N,
BLUE,incongruent,r,red,,,,,13,3,81,2,,,,,r,1,1.38338861463,,,,,2017_Oct_02_1202,59.97770745,Stroop,25,N,
RED,incongruent,b,blue,,,,,13,4,82,1,,,,,b,1,0.90054285794,,,,,2017_Oct_02_1202,59.97770745,Stroop,25,N,
RED,congruent,r,red,,,,,13,5,83,0,,,,,r,1,0.583646597574,,,,,2017_Oct_02_1202,59.97770745,Stroop,25,N,
XXXX,neutral,r,red,,,,,14,0,84,4,,,,,b,0,1.25043455372,,,,,2017_Oct_02_1202,59.97770745,Stroop,25,N,
RED,incongruent,b,blue,,,,,14,1,85,1,,,,,r,0,0.633572577033,,,,,2017_Oct_02_1202,59.97770745,Stroop,25,N,
XXXX,neutral,b,blue,,,,,14,2,86,5,,,,,b,1,0.917160913581,,,,,2017_Oct_02_1202,59.97770745,Stroop,25,N,
XXXX,neutral,r,red,,,,,14,3,87,4,,,,,r,1,0.567076616921,,,,,2017_Oct_02_1202,59.97770745,Stroop,25,N,
BLUE,incongruent,r,red,,,,,14,4,88,2,,,,,r,1,0.650428303983,,,,,2017_Oct_02_1202,59.97770745,Stroop,25,N,
BLUE,congruent,b,blue,,,,,14,5,89,3,,,,,b,1,0.850318211946,,,,,2017_Oct_02_1202,59.97770745,Stroop,25,N,
RED,congruent,r,red,,,,,15,0,90,0,,,,,r,1,0.550521659781,,,,,2017_Oct_02_1202,59.97770745,Stroop,25,N,
XXXX,neutral,r,red,,,,,15,1,91,4,,,,,r,1,0.650246219593,,,,,2017_Oct_02_1202,59.97770745,Stroop,25,N,
BLUE,incongruent,r,red,,,,,15,2,92,2,,,,,r,1,0.667060181266,,,,,2017_Oct_02_1202,59.97770745,Stroop,25,N,
BLUE,congruent,b,blue,,,,,15,3,93,3,,,,,b,1,0.867020098725,,,,,2017_Oct_02_1202,59.97770745,Stroop,25,N,
RED,incongruent,b,blue,,,,,15,4,94,1,,,,,b,1,0.550377134117,,,,,2017_Oct_02_1202,59.97770745,Stroop,25,N,
BLUE,congruent,b,blue,,,,,15,5,95,3,,,,,b,1,0.517046374734,,,,,2017_Oct_02_1202,59.97770745,Stroop,25,N,
RED,incongruent,b,blue,,,,,16,0,96,1,,,,,b,1,0.400329975411,,,,,2017_Oct_02_1202,59.97770745,Stroop,25,N,
XXXX,neutral,b,blue,,,,,16,1,97,5,,,,,b,1,0.483590620221,,,,,2017_Oct_02_1202,59.97770745,Stroop,25,N,
RED,incongruent,b,blue,,,,,16,2,98,1,,,,,b,1,0.41715174925,,,,,2017_Oct_02_1202,59.97770745,Stroop,25,N,
XXXX,neutral,b,blue,,,,,16,3,99,5,,,,,b,1,0.400442651357,,,,,2017_Oct_02_1202,59.97770745,Stroop,25,N,
BLUE,congruent,b,blue,,,,,16,4,100,3,,,,,b,1,0.383739262354,,,,,2017_Oct_02_1202,59.97770745,Stroop,25,N,
BLUE,incongruent,r,red,,,,,16,5,101,2,,,,,r,1,0.600387545303,,,,,2017_Oct_02_1202,59.97770745,Stroop,25,N,
XXXX,neutral,b,blue,,,,,17,0,102,5,,,,,b,1,0.550410486176,,,,,2017_Oct_02_1202,59.97770745,Stroop,25,N,
RED,incongruent,b,blue,,,,,17,1,103,1,,,,,b,1,0.533735341276,,,,,2017_Oct_02_1202,59.97770745,Stroop,25,N,
BLUE,congruent,b,blue,,,,,17,2,104,3,,,,,b,1,0.566979264957,,,,,2017_Oct_02_1202,59.97770745,Stroop,25,N,
BLUE,congruent,b,blue,,,,,17,3,105,3,,,,,b,1,0.517081830068,,,,,2017_Oct_02_1202,59.97770745,Stroop,25,N,
XXXX,neutral,r,red,,,,,17,4,106,4,,,,,r,1,0.433749673655,,,,,2017_Oct_02_1202,59.97770745,Stroop,25,N,
XXXX,neutral,b,blue,,,,,17,5,107,5,,,,,b,1,0.483733944013,,,,,2017_Oct_02_1202,59.97770745,Stroop,25,N,
BLUE,incongruent,r,red,,,,,18,0,108,2,,,,,b,0,0.316785687581,,,,,2017_Oct_02_1202,59.97770745,Stroop,25,N,
BLUE,incongruent,r,red,,,,,18,1,109,2,,,,,b,0,0.433751476463,,,,,2017_Oct_02_1202,59.97770745,Stroop,25,N,
BLUE,congruent,b,blue,,,,,18,2,110,3,,,,,r,0,0.300314561347,,,,,2017_Oct_02_1202,59.97770745,Stroop,25,N,
RED,incongruent,b,blue,,,,,18,3,111,1,,,,,b,1,0.402307664393,,,,,2017_Oct_02_1202,59.97770745,Stroop,25,N,
BLUE,congruent,b,blue,,,,,18,4,112,3,,,,,b,1,0.400514163077,,,,,2017_Oct_02_1202,59.97770745,Stroop,25,N,
XXXX,neutral,b,blue,,,,,18,5,113,5,,,,,b,1,0.566977462033,,,,,2017_Oct_02_1202,59.97770745,Stroop,25,N,
RED,congruent,r,red,,,,,19,0,114,0,,,,,r,1,0.481471410138,,,,,2017_Oct_02_1202,59.97770745,Stroop,25,N,
BLUE,incongruent,r,red,,,,,19,1,115,2,,,,,r,1,0.416399975191,,,,,2017_Oct_02_1202,59.97770745,Stroop,25,N,
XXXX,neutral,r,red,,,,,19,2,116,4,,,,,r,1,0.350321366917,,,,,2017_Oct_02_1202,59.97770745,Stroop,25,N,
BLUE,congruent,b,blue,,,,,19,3,117,3,,,,,b,1,0.58383018442,,,,,2017_Oct_02_1202,59.97770745,Stroop,25,N,
RED,incongruent,b,blue,,,,,19,4,118,1,,,,,b,1,1.11723500944,,,,,2017_Oct_02_1202,59.97770745,Stroop,25,N,
BLUE,congruent,b,blue,,,,,19,5,119,3,,,,,b,1,0.783783491468,,,,,2017_Oct_02_1202,59.97770745,Stroop,25,N,
RED,incongruent,b,blue,,,,,20,0,120,1,,,,,b,1,0.533093538717,,,,,2017_Oct_02_1202,59.97770745,Stroop,25,N,
RED,incongruent,b,blue,,,,,20,1,121,1,,,,,b,1,0.516966449912,,,,,2017_Oct_02_1202,59.97770745,Stroop,25,N,
XXXX,neutral,r,red,,,,,20,2,122,4,,,,,r,1,0.433513204334,,,,,2017_Oct_02_1202,59.97770745,Stroop,25,N,
RED,congruent,r,red,,,,,20,3,123,0,,,,,r,1,0.550488307606,,,,,2017_Oct_02_1202,59.97770745,Stroop,25,N,
RED,incongruent,b,blue,,,,,20,4,124,1,,,,,r,0,0.450452161254,,,,,2017_Oct_02_1202,59.97770745,Stroop,25,N,
RED,congruent,r,red,,,,,20,5,125,0,,,,,r,1,0.567172466661,,,,,2017_Oct_02_1202,59.97770745,Stroop,25,N,
RED,congruent,r,red,,,,,21,0,126,0,,,,,r,1,0.450429325574,,,,,2017_Oct_02_1202,59.97770745,Stroop,25,N,
RED,congruent,r,red,,,,,21,1,127,0,,,,,r,1,0.416901458404,,,,,2017_Oct_02_1202,59.97770745,Stroop,25,N,
BLUE,congruent,b,blue,,,,,21,2,128,3,,,,,b,1,0.65052956203,,,,,2017_Oct_02_1202,59.97770745,Stroop,25,N,
RED,congruent,r,red,,,,,21,3,129,0,,,,,r,1,0.567082325928,,,,,2017_Oct_02_1202,59.97770745,Stroop,25,N,
BLUE,congruent,b,blue,,,,,21,4,130,3,,,,,b,1,0.483687671716,,,,,2017_Oct_02_1202,59.97770745,Stroop,25,N,
BLUE,incongruent,r,red,,,,,21,5,131,2,,,,,b,0,0.550303519121,,,,,2017_Oct_02_1202,59.97770745,Stroop,25,N,
XXXX,neutral,r,red,,,,,22,0,132,4,,,,,r,1,0.600446136901,,,,,2017_Oct_02_1202,59.97770745,Stroop,25,N,
RED,incongruent,b,blue,,,,,22,1,133,1,,,,,b,1,0.850219958578,,,,,2017_Oct_02_1202,59.97770745,Stroop,25,N,
BLUE,congruent,b,blue,,,,,22,2,134,3,,,,,b,1,0.58411833446,,,,,2017_Oct_02_1202,59.97770745,Stroop,25,N,
RED,incongruent,b,blue,,,,,22,3,135,1,,,,,r,0,0.567077518441,,,,,2017_Oct_02_1202,59.97770745,Stroop,25,N,
XXXX,neutral,r,red,,,,,22,4,136,4,,,,,r,1,0.566994288354,,,,,2017_Oct_02_1202,59.97770745,Stroop,25,N,
BLUE,incongruent,r,red,,,,,22,5,137,2,,,,,b,0,0.550555913243,,,,,2017_Oct_02_1202,59.97770745,Stroop,25,N,
BLUE,incongruent,r,red,,,,,23,0,138,2,,,,,r,1,0.900003515533,,,,,2017_Oct_02_1202,59.97770745,Stroop,25,N,
XXXX,neutral,b,blue,,,,,23,1,139,5,,,,,b,1,1.10033601476,,,,,2017_Oct_02_1202,59.97770745,Stroop,25,N,
RED,incongruent,b,blue,,,,,23,2,140,1,,,,,b,1,0.883756539319,,,,,2017_Oct_02_1202,59.97770745,Stroop,25,N,
BLUE,incongruent,r,red,,,,,23,3,141,2,,,,,r,1,1.33372194029,,,,,2017_Oct_02_1202,59.97770745,Stroop,25,N,
RED,congruent,r,red,,,,,23,4,142,0,,,,,r,1,0.633600520669,,,,,2017_Oct_02_1202,59.97770745,Stroop,25,N,
BLUE,congruent,b,blue,,,,,23,5,143,3,,,,,b,1,0.616730972077,,,,,2017_Oct_02_1202,59.97770745,Stroop,25,N,
BLUE,incongruent,r,red,,,,,24,0,144,2,,,,,r,1,0.383411149844,,,,,2017_Oct_02_1202,59.97770745,Stroop,25,N,
BLUE,congruent,b,blue,,,,,24,1,145,3,,,,,b,1,0.983854883001,,,,,2017_Oct_02_1202,59.97770745,Stroop,25,N,
XXXX,neutral,r,red,,,,,24,2,146,4,,,,,r,1,0.497828959022,,,,,2017_Oct_02_1202,59.97770745,Stroop,25,N,
BLUE,congruent,b,blue,,,,,24,3,147,3,,,,,b,1,0.633431957336,,,,,2017_Oct_02_1202,59.97770745,Stroop,25,N,
XXXX,neutral,r,red,,,,,24,4,148,4,,,,,r,1,0.633785008802,,,,,2017_Oct_02_1202,59.97770745,Stroop,25,N,
RED,congruent,r,red,,,,,24,5,149,0,,,,,b,0,0.733658300946,,,,,2017_Oct_02_1202,59.97770745,Stroop,25,N,
,,,,,,,,,,,,,,,,,,,,,r,45.915209666,2017_Oct_02_1202,59.97770745,Stroop,25,N,
