word,type,correct,ink,Practice.thisRepN,Practice.thisTrialN,Practice.thisN,Practice.thisIndex,trials.thisRepN,trials.thisTrialN,trials.thisN,trials.thisIndex,ready_to_continue.keys,ready_to_continue.rt,key_resp_2.keys,key_resp_2.rt,Response.keys,Response.corr,Response.rt,begin_exp.keys,begin_exp.rt,finished.keys,finished.rt,date,frameRate,expName,participant,condition
,,,,,,,,,,,,r,34.56581705,,,,,,,,,,2017_Sep_29_1357,59.87466021,Stroop,29,N
,,,,,,,,,,,,,,b,6.433502387,,,,,,,,2017_Sep_29_1357,59.87466021,Stroop,29,N
RED,incongruent,b,blue,0,0,0,1,,,,,,,,,b,1,2.000079324,,,,,2017_Sep_29_1357,59.87466021,Stroop,29,N
BLUE,incongruent,r,red,0,1,1,2,,,,,,,,,r,1,1.700355786,,,,,2017_Sep_29_1357,59.87466021,Stroop,29,N
BLUE,congruent,b,blue,0,2,2,3,,,,,,,,,b,1,1.133609685,,,,,2017_Sep_29_1357,59.87466021,Stroop,29,N
XXXX,neutral,b,blue,0,3,3,5,,,,,,,,,b,1,0.964359834,,,,,2017_Sep_29_1357,59.87466021,Stroop,29,N
XXXX,neutral,r,red,0,4,4,4,,,,,,,,,r,1,0.667458604,,,,,2017_Sep_29_1357,59.87466021,Stroop,29,N
RED,congruent,r,red,0,5,5,0,,,,,,,,,r,1,1.233714038,,,,,2017_Sep_29_1357,59.87466021,Stroop,29,N
XXXX,neutral,r,red,1,0,6,4,,,,,,,,,r,1,0.517134112,,,,,2017_Sep_29_1357,59.87466021,Stroop,29,N
BLUE,incongruent,r,red,1,1,7,2,,,,,,,,,b,0,1.133803187,,,,,2017_Sep_29_1357,59.87466021,Stroop,29,N
RED,congruent,r,red,1,2,8,0,,,,,,,,,r,1,1.266789098,,,,,2017_Sep_29_1357,59.87466021,Stroop,29,N
BLUE,congruent,b,blue,1,3,9,3,,,,,,,,,b,1,0.619592341,,,,,2017_Sep_29_1357,59.87466021,Stroop,29,N
XXXX,neutral,b,blue,1,4,10,5,,,,,,,,,b,1,0.833688438,,,,,2017_Sep_29_1357,59.87466021,Stroop,29,N
RED,incongruent,b,blue,1,5,11,1,,,,,,,,,b,1,1.166862623,,,,,2017_Sep_29_1357,59.87466021,Stroop,29,N
,,,,,,,,,,,,,,,,,,,b,2.56705949,,,2017_Sep_29_1357,59.87466021,Stroop,29,N
RED,congruent,r,red,,,,,0,0,0,0,,,,,r,1,0.800323125,,,,,2017_Sep_29_1357,59.87466021,Stroop,29,N
BLUE,incongruent,r,red,,,,,0,1,1,2,,,,,r,1,0.767015502,,,,,2017_Sep_29_1357,59.87466021,Stroop,29,N
XXXX,neutral,b,blue,,,,,0,2,2,5,,,,,b,1,0.40049313,,,,,2017_Sep_29_1357,59.87466021,Stroop,29,N
XXXX,neutral,b,blue,,,,,0,3,3,5,,,,,b,1,0.400085994,,,,,2017_Sep_29_1357,59.87466021,Stroop,29,N
XXXX,neutral,b,blue,,,,,0,4,4,5,,,,,b,1,0.417050792,,,,,2017_Sep_29_1357,59.87466021,Stroop,29,N
BLUE,congruent,b,blue,,,,,0,5,5,3,,,,,b,1,0.483759484,,,,,2017_Sep_29_1357,59.87466021,Stroop,29,N
BLUE,congruent,b,blue,,,,,1,0,6,3,,,,,b,1,0.450296518,,,,,2017_Sep_29_1357,59.87466021,Stroop,29,N
RED,congruent,r,red,,,,,1,1,7,0,,,,,r,1,0.667050867,,,,,2017_Sep_29_1357,59.87466021,Stroop,29,N
XXXX,neutral,b,blue,,,,,1,2,8,5,,,,,b,1,0.616924174,,,,,2017_Sep_29_1357,59.87466021,Stroop,29,N
BLUE,incongruent,r,red,,,,,1,3,9,2,,,,,r,1,0.700265945,,,,,2017_Sep_29_1357,59.87466021,Stroop,29,N
RED,congruent,r,red,,,,,1,4,10,0,,,,,r,1,0.383782229,,,,,2017_Sep_29_1357,59.87466021,Stroop,29,N
XXXX,neutral,b,blue,,,,,1,5,11,5,,,,,b,1,0.567043565,,,,,2017_Sep_29_1357,59.87466021,Stroop,29,N
RED,incongruent,b,blue,,,,,2,0,12,1,,,,,b,1,0.833690241,,,,,2017_Sep_29_1357,59.87466021,Stroop,29,N
XXXX,neutral,b,blue,,,,,2,1,13,5,,,,,b,1,0.783716186,,,,,2017_Sep_29_1357,59.87466021,Stroop,29,N
XXXX,neutral,r,red,,,,,2,2,14,4,,,,,r,1,0.400069168,,,,,2017_Sep_29_1357,59.87466021,Stroop,29,N
BLUE,congruent,b,blue,,,,,2,3,15,3,,,,,b,1,0.583645095,,,,,2017_Sep_29_1357,59.87466021,Stroop,29,N
XXXX,neutral,b,blue,,,,,2,4,16,5,,,,,b,1,0.483809662,,,,,2017_Sep_29_1357,59.87466021,Stroop,29,N
BLUE,congruent,b,blue,,,,,2,5,17,3,,,,,b,1,0.483723428,,,,,2017_Sep_29_1357,59.87466021,Stroop,29,N
XXXX,neutral,b,blue,,,,,3,0,18,5,,,,,b,1,0.417063111,,,,,2017_Sep_29_1357,59.87466021,Stroop,29,N
XXXX,neutral,r,red,,,,,3,1,19,4,,,,,r,1,0.400487722,,,,,2017_Sep_29_1357,59.87466021,Stroop,29,N
XXXX,neutral,b,blue,,,,,3,2,20,5,,,,,b,1,0.399997055,,,,,2017_Sep_29_1357,59.87466021,Stroop,29,N
RED,incongruent,b,blue,,,,,3,3,21,1,,,,,b,1,0.450343692,,,,,2017_Sep_29_1357,59.87466021,Stroop,29,N
BLUE,congruent,b,blue,,,,,3,4,22,3,,,,,b,1,0.566865387,,,,,2017_Sep_29_1357,59.87466021,Stroop,29,N
XXXX,neutral,b,blue,,,,,3,5,23,5,,,,,b,1,0.500229108,,,,,2017_Sep_29_1357,59.87466021,Stroop,29,N
RED,incongruent,b,blue,,,,,4,0,24,1,,,,,b,1,0.533789125,,,,,2017_Sep_29_1357,59.87466021,Stroop,29,N
XXXX,neutral,b,blue,,,,,4,1,25,5,,,,,b,1,0.567172166,,,,,2017_Sep_29_1357,59.87466021,Stroop,29,N
XXXX,neutral,r,red,,,,,4,2,26,4,,,,,r,1,0.517096854,,,,,2017_Sep_29_1357,59.87466021,Stroop,29,N
BLUE,incongruent,r,red,,,,,4,3,27,2,,,,,r,1,0.381182268,,,,,2017_Sep_29_1357,59.87466021,Stroop,29,N
XXXX,neutral,r,red,,,,,4,4,28,4,,,,,r,1,0.45049603,,,,,2017_Sep_29_1357,59.87466021,Stroop,29,N
XXXX,neutral,r,red,,,,,4,5,29,4,,,,,r,1,0.43337619,,,,,2017_Sep_29_1357,59.87466021,Stroop,29,N
XXXX,neutral,r,red,,,,,5,0,30,4,,,,,r,1,0.417168876,,,,,2017_Sep_29_1357,59.87466021,Stroop,29,N
BLUE,congruent,b,blue,,,,,5,1,31,3,,,,,b,1,0.500398272,,,,,2017_Sep_29_1357,59.87466021,Stroop,29,N
BLUE,incongruent,r,red,,,,,5,2,32,2,,,,,r,1,0.400411102,,,,,2017_Sep_29_1357,59.87466021,Stroop,29,N
RED,congruent,r,red,,,,,5,3,33,0,,,,,r,1,0.450435635,,,,,2017_Sep_29_1357,59.87466021,Stroop,29,N
XXXX,neutral,b,blue,,,,,5,4,34,5,,,,,b,1,0.433859044,,,,,2017_Sep_29_1357,59.87466021,Stroop,29,N
XXXX,neutral,r,red,,,,,5,5,35,4,,,,,r,1,0.79762461,,,,,2017_Sep_29_1357,59.87466021,Stroop,29,N
XXXX,neutral,b,blue,,,,,6,0,36,5,,,,,b,1,0.633760971,,,,,2017_Sep_29_1357,59.87466021,Stroop,29,N
RED,congruent,r,red,,,,,6,1,37,0,,,,,r,1,0.550396064,,,,,2017_Sep_29_1357,59.87466021,Stroop,29,N
BLUE,congruent,b,blue,,,,,6,2,38,3,,,,,b,1,0.849545705,,,,,2017_Sep_29_1357,59.87466021,Stroop,29,N
XXXX,neutral,r,red,,,,,6,3,39,4,,,,,r,1,1.067012767,,,,,2017_Sep_29_1357,59.87466021,Stroop,29,N
RED,congruent,r,red,,,,,6,4,40,0,,,,,r,1,0.517095652,,,,,2017_Sep_29_1357,59.87466021,Stroop,29,N
RED,congruent,r,red,,,,,6,5,41,0,,,,,r,1,0.583460607,,,,,2017_Sep_29_1357,59.87466021,Stroop,29,N
RED,incongruent,b,blue,,,,,7,0,42,1,,,,,r,0,0.566765932,,,,,2017_Sep_29_1357,59.87466021,Stroop,29,N
RED,incongruent,b,blue,,,,,7,1,43,1,,,,,b,1,0.81702411,,,,,2017_Sep_29_1357,59.87466021,Stroop,29,N
BLUE,incongruent,r,red,,,,,7,2,44,2,,,,,r,1,0.683747645,,,,,2017_Sep_29_1357,59.87466021,Stroop,29,N
BLUE,congruent,b,blue,,,,,7,3,45,3,,,,,b,1,0.700308612,,,,,2017_Sep_29_1357,59.87466021,Stroop,29,N
XXXX,neutral,b,blue,,,,,7,4,46,5,,,,,b,1,0.667013609,,,,,2017_Sep_29_1357,59.87466021,Stroop,29,N
RED,incongruent,b,blue,,,,,7,5,47,1,,,,,b,1,0.46695664,,,,,2017_Sep_29_1357,59.87466021,Stroop,29,N
XXXX,neutral,r,red,,,,,8,0,48,4,,,,,r,1,0.53372182,,,,,2017_Sep_29_1357,59.87466021,Stroop,29,N
BLUE,incongruent,r,red,,,,,8,1,49,2,,,,,r,1,0.483716517,,,,,2017_Sep_29_1357,59.87466021,Stroop,29,N
BLUE,congruent,b,blue,,,,,8,2,50,3,,,,,b,1,0.367022953,,,,,2017_Sep_29_1357,59.87466021,Stroop,29,N
XXXX,neutral,r,red,,,,,8,3,51,4,,,,,r,1,0.400464886,,,,,2017_Sep_29_1357,59.87466021,Stroop,29,N
BLUE,congruent,b,blue,,,,,8,4,52,3,,,,,b,1,0.483665738,,,,,2017_Sep_29_1357,59.87466021,Stroop,29,N
XXXX,neutral,r,red,,,,,8,5,53,4,,,,,r,1,0.516994394,,,,,2017_Sep_29_1357,59.87466021,Stroop,29,N
RED,incongruent,b,blue,,,,,9,0,54,1,,,,,b,1,0.733795315,,,,,2017_Sep_29_1357,59.87466021,Stroop,29,N
BLUE,incongruent,r,red,,,,,9,1,55,2,,,,,r,1,0.547885042,,,,,2017_Sep_29_1357,59.87466021,Stroop,29,N
RED,incongruent,b,blue,,,,,9,2,56,1,,,,,b,1,0.517065905,,,,,2017_Sep_29_1357,59.87466021,Stroop,29,N
BLUE,incongruent,r,red,,,,,9,3,57,2,,,,,r,1,0.617282033,,,,,2017_Sep_29_1357,59.87466021,Stroop,29,N
RED,incongruent,b,blue,,,,,9,4,58,1,,,,,b,1,0.60038394,,,,,2017_Sep_29_1357,59.87466021,Stroop,29,N
BLUE,congruent,b,blue,,,,,9,5,59,3,,,,,b,1,0.883689835,,,,,2017_Sep_29_1357,59.87466021,Stroop,29,N
RED,congruent,r,red,,,,,10,0,60,0,,,,,r,1,0.786531884,,,,,2017_Sep_29_1357,59.87466021,Stroop,29,N
XXXX,neutral,r,red,,,,,10,1,61,4,,,,,r,1,0.60030762,,,,,2017_Sep_29_1357,59.87466021,Stroop,29,N
BLUE,congruent,b,blue,,,,,10,2,62,3,,,,,b,1,0.767194281,,,,,2017_Sep_29_1357,59.87466021,Stroop,29,N
RED,congruent,r,red,,,,,10,3,63,0,,,,,r,1,1.450279391,,,,,2017_Sep_29_1357,59.87466021,Stroop,29,N
RED,congruent,r,red,,,,,10,4,64,0,,,,,r,1,0.533683961,,,,,2017_Sep_29_1357,59.87466021,Stroop,29,N
BLUE,incongruent,r,red,,,,,10,5,65,2,,,,,r,1,0.481075392,,,,,2017_Sep_29_1357,59.87466021,Stroop,29,N
RED,congruent,r,red,,,,,11,0,66,0,,,,,r,1,0.633719206,,,,,2017_Sep_29_1357,59.87466021,Stroop,29,N
RED,incongruent,b,blue,,,,,11,1,67,1,,,,,b,1,1.066733331,,,,,2017_Sep_29_1357,59.87466021,Stroop,29,N
RED,congruent,r,red,,,,,11,2,68,0,,,,,r,1,0.750644732,,,,,2017_Sep_29_1357,59.87466021,Stroop,29,N
BLUE,incongruent,r,red,,,,,11,3,69,2,,,,,r,1,0.633833685,,,,,2017_Sep_29_1357,59.87466021,Stroop,29,N
XXXX,neutral,b,blue,,,,,11,4,70,5,,,,,b,1,0.450289006,,,,,2017_Sep_29_1357,59.87466021,Stroop,29,N
RED,incongruent,b,blue,,,,,11,5,71,1,,,,,b,1,1.183864979,,,,,2017_Sep_29_1357,59.87466021,Stroop,29,N
RED,congruent,r,red,,,,,12,0,72,0,,,,,r,1,0.700352481,,,,,2017_Sep_29_1357,59.87466021,Stroop,29,N
XXXX,neutral,b,blue,,,,,12,1,73,5,,,,,b,1,0.800366092,,,,,2017_Sep_29_1357,59.87466021,Stroop,29,N
RED,incongruent,b,blue,,,,,12,2,74,1,,,,,b,1,0.833555931,,,,,2017_Sep_29_1357,59.87466021,Stroop,29,N
BLUE,congruent,b,blue,,,,,12,3,75,3,,,,,b,1,0.783684937,,,,,2017_Sep_29_1357,59.87466021,Stroop,29,N
XXXX,neutral,r,red,,,,,12,4,76,4,,,,,r,1,0.716261429,,,,,2017_Sep_29_1357,59.87466021,Stroop,29,N
BLUE,incongruent,r,red,,,,,12,5,77,2,,,,,r,1,1.116971498,,,,,2017_Sep_29_1357,59.87466021,Stroop,29,N
BLUE,incongruent,r,red,,,,,13,0,78,2,,,,,r,1,0.817055359,,,,,2017_Sep_29_1357,59.87466021,Stroop,29,N
XXXX,neutral,b,blue,,,,,13,1,79,5,,,,,b,1,0.600514944,,,,,2017_Sep_29_1357,59.87466021,Stroop,29,N
XXXX,neutral,b,blue,,,,,13,2,80,5,,,,,b,1,0.500101108,,,,,2017_Sep_29_1357,59.87466021,Stroop,29,N
RED,incongruent,b,blue,,,,,13,3,81,1,,,,,b,1,0.550383444,,,,,2017_Sep_29_1357,59.87466021,Stroop,29,N
BLUE,congruent,b,blue,,,,,13,4,82,3,,,,,b,1,0.517040065,,,,,2017_Sep_29_1357,59.87466021,Stroop,29,N
XXXX,neutral,r,red,,,,,13,5,83,4,,,,,r,1,0.500351098,,,,,2017_Sep_29_1357,59.87466021,Stroop,29,N
RED,incongruent,b,blue,,,,,14,0,84,1,,,,,b,1,0.431242858,,,,,2017_Sep_29_1357,59.87466021,Stroop,29,N
RED,congruent,r,red,,,,,14,1,85,0,,,,,r,1,0.550479895,,,,,2017_Sep_29_1357,59.87466021,Stroop,29,N
BLUE,incongruent,r,red,,,,,14,2,86,2,,,,,r,1,0.433550763,,,,,2017_Sep_29_1357,59.87466021,Stroop,29,N
XXXX,neutral,b,blue,,,,,14,3,87,5,,,,,b,1,0.633829779,,,,,2017_Sep_29_1357,59.87466021,Stroop,29,N
RED,congruent,r,red,,,,,14,4,88,0,,,,,r,1,0.417134322,,,,,2017_Sep_29_1357,59.87466021,Stroop,29,N
BLUE,incongruent,r,red,,,,,14,5,89,2,,,,,r,1,0.483756479,,,,,2017_Sep_29_1357,59.87466021,Stroop,29,N
XXXX,neutral,b,blue,,,,,15,0,90,5,,,,,b,1,0.483710207,,,,,2017_Sep_29_1357,59.87466021,Stroop,29,N
BLUE,incongruent,r,red,,,,,15,1,91,2,,,,,r,1,0.51708814,,,,,2017_Sep_29_1357,59.87466021,Stroop,29,N
RED,congruent,r,red,,,,,15,2,92,0,,,,,r,1,0.514222264,,,,,2017_Sep_29_1357,59.87466021,Stroop,29,N
RED,congruent,r,red,,,,,15,3,93,0,,,,,r,1,0.450138772,,,,,2017_Sep_29_1357,59.87466021,Stroop,29,N
XXXX,neutral,b,blue,,,,,15,4,94,5,,,,,b,1,0.531013089,,,,,2017_Sep_29_1357,59.87466021,Stroop,29,N
BLUE,incongruent,r,red,,,,,15,5,95,2,,,,,r,1,0.483794038,,,,,2017_Sep_29_1357,59.87466021,Stroop,29,N
XXXX,neutral,r,red,,,,,16,0,96,4,,,,,r,1,0.400350407,,,,,2017_Sep_29_1357,59.87466021,Stroop,29,N
BLUE,incongruent,r,red,,,,,16,1,97,2,,,,,r,1,0.514119804,,,,,2017_Sep_29_1357,59.87466021,Stroop,29,N
BLUE,congruent,b,blue,,,,,16,2,98,3,,,,,b,1,0.517020835,,,,,2017_Sep_29_1357,59.87466021,Stroop,29,N
RED,incongruent,b,blue,,,,,16,3,99,1,,,,,b,1,0.433558275,,,,,2017_Sep_29_1357,59.87466021,Stroop,29,N
BLUE,incongruent,r,red,,,,,16,4,100,2,,,,,r,1,0.450133964,,,,,2017_Sep_29_1357,59.87466021,Stroop,29,N
BLUE,congruent,b,blue,,,,,16,5,101,3,,,,,b,1,0.533720318,,,,,2017_Sep_29_1357,59.87466021,Stroop,29,N
XXXX,neutral,r,red,,,,,17,0,102,4,,,,,r,1,0.367157563,,,,,2017_Sep_29_1357,59.87466021,Stroop,29,N
BLUE,congruent,b,blue,,,,,17,1,103,3,,,,,b,1,0.467133616,,,,,2017_Sep_29_1357,59.87466021,Stroop,29,N
BLUE,incongruent,r,red,,,,,17,2,104,2,,,,,r,1,0.467002611,,,,,2017_Sep_29_1357,59.87466021,Stroop,29,N
XXXX,neutral,r,red,,,,,17,3,105,4,,,,,r,1,0.583758372,,,,,2017_Sep_29_1357,59.87466021,Stroop,29,N
BLUE,congruent,b,blue,,,,,17,4,106,3,,,,,b,1,0.433712716,,,,,2017_Sep_29_1357,59.87466021,Stroop,29,N
BLUE,incongruent,r,red,,,,,17,5,107,2,,,,,r,1,0.517114281,,,,,2017_Sep_29_1357,59.87466021,Stroop,29,N
BLUE,incongruent,r,red,,,,,18,0,108,2,,,,,r,1,0.517093849,,,,,2017_Sep_29_1357,59.87466021,Stroop,29,N
BLUE,congruent,b,blue,,,,,18,1,109,3,,,,,b,1,0.550349491,,,,,2017_Sep_29_1357,59.87466021,Stroop,29,N
XXXX,neutral,b,blue,,,,,18,2,110,5,,,,,b,1,0.499657315,,,,,2017_Sep_29_1357,59.87466021,Stroop,29,N
RED,incongruent,b,blue,,,,,18,3,111,1,,,,,b,1,0.633684352,,,,,2017_Sep_29_1357,59.87466021,Stroop,29,N
BLUE,incongruent,r,red,,,,,18,4,112,2,,,,,r,1,0.650469168,,,,,2017_Sep_29_1357,59.87466021,Stroop,29,N
RED,incongruent,b,blue,,,,,18,5,113,1,,,,,b,1,0.550393059,,,,,2017_Sep_29_1357,59.87466021,Stroop,29,N
RED,congruent,r,red,,,,,19,0,114,0,,,,,r,1,0.633688258,,,,,2017_Sep_29_1357,59.87466021,Stroop,29,N
RED,incongruent,b,blue,,,,,19,1,115,1,,,,,b,1,0.500472188,,,,,2017_Sep_29_1357,59.87466021,Stroop,29,N
RED,incongruent,b,blue,,,,,19,2,116,1,,,,,b,1,0.70054388,,,,,2017_Sep_29_1357,59.87466021,Stroop,29,N
XXXX,neutral,b,blue,,,,,19,3,117,5,,,,,b,1,0.433711514,,,,,2017_Sep_29_1357,59.87466021,Stroop,29,N
XXXX,neutral,r,red,,,,,19,4,118,4,,,,,r,1,0.433517411,,,,,2017_Sep_29_1357,59.87466021,Stroop,29,N
RED,incongruent,b,blue,,,,,19,5,119,1,,,,,b,1,0.517000103,,,,,2017_Sep_29_1357,59.87466021,Stroop,29,N
BLUE,congruent,b,blue,,,,,20,0,120,3,,,,,b,1,0.83390117,,,,,2017_Sep_29_1357,59.87466021,Stroop,29,N
XXXX,neutral,r,red,,,,,20,1,121,4,,,,,r,1,0.466888734,,,,,2017_Sep_29_1357,59.87466021,Stroop,29,N
BLUE,congruent,b,blue,,,,,20,2,122,3,,,,,b,1,0.383656934,,,,,2017_Sep_29_1357,59.87466021,Stroop,29,N
BLUE,congruent,b,blue,,,,,20,3,123,3,,,,,b,1,0.533472431,,,,,2017_Sep_29_1357,59.87466021,Stroop,29,N
XXXX,neutral,b,blue,,,,,20,4,124,5,,,,,b,1,0.467039569,,,,,2017_Sep_29_1357,59.87466021,Stroop,29,N
RED,congruent,r,red,,,,,20,5,125,0,,,,,r,1,0.450487917,,,,,2017_Sep_29_1357,59.87466021,Stroop,29,N
RED,incongruent,b,blue,,,,,21,0,126,1,,,,,b,1,0.433867758,,,,,2017_Sep_29_1357,59.87466021,Stroop,29,N
XXXX,neutral,r,red,,,,,21,1,127,4,,,,,r,1,0.46718109,,,,,2017_Sep_29_1357,59.87466021,Stroop,29,N
XXXX,neutral,r,red,,,,,21,2,128,4,,,,,r,1,0.5503555,,,,,2017_Sep_29_1357,59.87466021,Stroop,29,N
RED,congruent,r,red,,,,,21,3,129,0,,,,,r,1,0.552301039,,,,,2017_Sep_29_1357,59.87466021,Stroop,29,N
BLUE,congruent,b,blue,,,,,21,4,130,3,,,,,b,1,0.631197968,,,,,2017_Sep_29_1357,59.87466021,Stroop,29,N
RED,congruent,r,red,,,,,21,5,131,0,,,,,r,1,0.65024652,,,,,2017_Sep_29_1357,59.87466021,Stroop,29,N
RED,incongruent,b,blue,,,,,22,0,132,1,,,,,b,1,0.616989376,,,,,2017_Sep_29_1357,59.87466021,Stroop,29,N
RED,congruent,r,red,,,,,22,1,133,0,,,,,r,1,0.550389153,,,,,2017_Sep_29_1357,59.87466021,Stroop,29,N
BLUE,incongruent,r,red,,,,,22,2,134,2,,,,,r,1,0.467026348,,,,,2017_Sep_29_1357,59.87466021,Stroop,29,N
XXXX,neutral,r,red,,,,,22,3,135,4,,,,,r,1,0.550390655,,,,,2017_Sep_29_1357,59.87466021,Stroop,29,N
RED,congruent,r,red,,,,,22,4,136,0,,,,,r,1,0.433700697,,,,,2017_Sep_29_1357,59.87466021,Stroop,29,N
BLUE,congruent,b,blue,,,,,22,5,137,3,,,,,b,1,0.500404882,,,,,2017_Sep_29_1357,59.87466021,Stroop,29,N
RED,incongruent,b,blue,,,,,23,0,138,1,,,,,b,1,0.98332816,,,,,2017_Sep_29_1357,59.87466021,Stroop,29,N
BLUE,incongruent,r,red,,,,,23,1,139,2,,,,,r,1,0.552633959,,,,,2017_Sep_29_1357,59.87466021,Stroop,29,N
XXXX,neutral,r,red,,,,,23,2,140,4,,,,,r,1,0.483787127,,,,,2017_Sep_29_1357,59.87466021,Stroop,29,N
XXXX,neutral,b,blue,,,,,23,3,141,5,,,,,b,1,0.467114086,,,,,2017_Sep_29_1357,59.87466021,Stroop,29,N
RED,incongruent,b,blue,,,,,23,4,142,1,,,,,b,1,0.466758931,,,,,2017_Sep_29_1357,59.87466021,Stroop,29,N
RED,incongruent,b,blue,,,,,23,5,143,1,,,,,b,1,0.39973114,,,,,2017_Sep_29_1357,59.87466021,Stroop,29,N
RED,congruent,r,red,,,,,24,0,144,0,,,,,r,1,0.400342896,,,,,2017_Sep_29_1357,59.87466021,Stroop,29,N
BLUE,incongruent,r,red,,,,,24,1,145,2,,,,,r,1,1.114297621,,,,,2017_Sep_29_1357,59.87466021,Stroop,29,N
XXXX,neutral,r,red,,,,,24,2,146,4,,,,,r,1,0.567095246,,,,,2017_Sep_29_1357,59.87466021,Stroop,29,N
RED,congruent,r,red,,,,,24,3,147,0,,,,,r,1,0.383649122,,,,,2017_Sep_29_1357,59.87466021,Stroop,29,N
XXXX,neutral,r,red,,,,,24,4,148,4,,,,,r,1,0.536324786,,,,,2017_Sep_29_1357,59.87466021,Stroop,29,N
BLUE,congruent,b,blue,,,,,24,5,149,3,,,,,b,1,0.417129815,,,,,2017_Sep_29_1357,59.87466021,Stroop,29,N
,,,,,,,,,,,,,,,,,,,,,space,24.91613902,2017_Sep_29_1357,59.87466021,Stroop,29,N
