word,type,correct,ink,Practice.thisRepN,Practice.thisTrialN,Practice.thisN,Practice.thisIndex,trials.thisRepN,trials.thisTrialN,trials.thisN,trials.thisIndex,ready_to_continue.keys,ready_to_continue.rt,key_resp_2.keys,key_resp_2.rt,Response.keys,Response.corr,Response.rt,begin_exp.keys,begin_exp.rt,finished.keys,finished.rt,date,frameRate,expName,participant,condition,
,,,,,,,,,,,,r,38.0322325442,,,,,,,,,,2017_Oct_04_1311,59.9669005041,Stroop,2,N,
,,,,,,,,,,,,,,r,3.2674209848,,,,,,,,2017_Oct_04_1311,59.9669005041,Stroop,2,N,
XXXX,neutral,b,blue,0,0,0,5,,,,,,,,,b,1,1.15038158116,,,,,2017_Oct_04_1311,59.9669005041,Stroop,2,N,
RED,incongruent,b,blue,0,1,1,1,,,,,,,,,b,1,1.18361048121,,,,,2017_Oct_04_1311,59.9669005041,Stroop,2,N,
BLUE,incongruent,r,red,0,2,2,2,,,,,,,,,r,1,0.700265043881,,,,,2017_Oct_04_1311,59.9669005041,Stroop,2,N,
BLUE,congruent,b,blue,0,3,3,3,,,,,,,,,b,1,0.750263436232,,,,,2017_Oct_04_1311,59.9669005041,Stroop,2,N,
RED,congruent,r,red,0,4,4,0,,,,,,,,,r,1,0.700007241452,,,,,2017_Oct_04_1311,59.9669005041,Stroop,2,N,
XXXX,neutral,r,red,0,5,5,4,,,,,,,,,r,1,0.969551041955,,,,,2017_Oct_04_1311,59.9669005041,Stroop,2,N,
RED,congruent,r,red,1,0,6,0,,,,,,,,,r,1,0.550250636647,,,,,2017_Oct_04_1311,59.9669005041,Stroop,2,N,
BLUE,incongruent,r,red,1,1,7,2,,,,,,,,,r,1,0.697469477542,,,,,2017_Oct_04_1311,59.9669005041,Stroop,2,N,
XXXX,neutral,r,red,1,2,8,4,,,,,,,,,r,1,0.450032405788,,,,,2017_Oct_04_1311,59.9669005041,Stroop,2,N,
RED,incongruent,b,blue,1,3,9,1,,,,,,,,,b,1,0.31688514282,,,,,2017_Oct_04_1311,59.9669005041,Stroop,2,N,
XXXX,neutral,b,blue,1,4,10,5,,,,,,,,,b,1,0.400358519983,,,,,2017_Oct_04_1311,59.9669005041,Stroop,2,N,
BLUE,congruent,b,blue,1,5,11,3,,,,,,,,,b,1,0.450209682574,,,,,2017_Oct_04_1311,59.9669005041,Stroop,2,N,
,,,,,,,,,,,,,,,,,,,b,11.8837550369,,,2017_Oct_04_1311,59.9669005041,Stroop,2,N,
BLUE,incongruent,r,red,,,,,0,0,0,2,,,,,r,1,0.500262159389,,,,,2017_Oct_04_1311,59.9669005041,Stroop,2,N,
XXXX,neutral,r,red,,,,,0,1,1,4,,,,,r,1,0.567029142752,,,,,2017_Oct_04_1311,59.9669005041,Stroop,2,N,
XXXX,neutral,b,blue,,,,,0,2,2,5,,,,,b,1,0.584176925942,,,,,2017_Oct_04_1311,59.9669005041,Stroop,2,N,
XXXX,neutral,b,blue,,,,,0,3,3,5,,,,,b,1,0.433613260509,,,,,2017_Oct_04_1311,59.9669005041,Stroop,2,N,
BLUE,congruent,b,blue,,,,,0,4,4,3,,,,,b,1,0.483618263155,,,,,2017_Oct_04_1311,59.9669005041,Stroop,2,N,
BLUE,congruent,b,blue,,,,,0,5,5,3,,,,,b,1,0.566900842357,,,,,2017_Oct_04_1311,59.9669005041,Stroop,2,N,
BLUE,congruent,b,blue,,,,,1,0,6,3,,,,,b,1,0.483544948744,,,,,2017_Oct_04_1311,59.9669005041,Stroop,2,N,
RED,congruent,r,red,,,,,1,1,7,0,,,,,r,1,0.316661894089,,,,,2017_Oct_04_1311,59.9669005041,Stroop,2,N,
RED,congruent,r,red,,,,,1,2,8,0,,,,,r,1,0.466947625624,,,,,2017_Oct_04_1311,59.9669005041,Stroop,2,N,
RED,incongruent,b,blue,,,,,1,3,9,1,,,,,b,1,0.583618653938,,,,,2017_Oct_04_1311,59.9669005041,Stroop,2,N,
XXXX,neutral,r,red,,,,,1,4,10,4,,,,,r,1,0.850195620442,,,,,2017_Oct_04_1311,59.9669005041,Stroop,2,N,
BLUE,incongruent,r,red,,,,,1,5,11,2,,,,,r,1,0.850250906777,,,,,2017_Oct_04_1311,59.9669005041,Stroop,2,N,
BLUE,incongruent,r,red,,,,,2,0,12,2,,,,,r,1,0.666842941893,,,,,2017_Oct_04_1311,59.9669005041,Stroop,2,N,
BLUE,congruent,b,blue,,,,,2,1,13,3,,,,,b,1,0.480791147798,,,,,2017_Oct_04_1311,59.9669005041,Stroop,2,N,
XXXX,neutral,b,blue,,,,,2,2,14,5,,,,,b,1,0.90019341209,,,,,2017_Oct_04_1311,59.9669005041,Stroop,2,N,
RED,incongruent,b,blue,,,,,2,3,15,1,,,,,b,1,0.966915325029,,,,,2017_Oct_04_1311,59.9669005041,Stroop,2,N,
XXXX,neutral,r,red,,,,,2,4,16,4,,,,,r,1,0.633628764655,,,,,2017_Oct_04_1311,59.9669005041,Stroop,2,N,
BLUE,incongruent,r,red,,,,,2,5,17,2,,,,,r,1,0.566902945749,,,,,2017_Oct_04_1311,59.9669005041,Stroop,2,N,
XXXX,neutral,r,red,,,,,3,0,18,4,,,,,r,1,0.616846652701,,,,,2017_Oct_04_1311,59.9669005041,Stroop,2,N,
BLUE,congruent,b,blue,,,,,3,1,19,3,,,,,b,1,0.548063520342,,,,,2017_Oct_04_1311,59.9669005041,Stroop,2,N,
XXXX,neutral,b,blue,,,,,3,2,20,5,,,,,b,1,0.766732759774,,,,,2017_Oct_04_1311,59.9669005041,Stroop,2,N,
BLUE,incongruent,r,red,,,,,3,3,21,2,,,,,r,1,1.06682347157,,,,,2017_Oct_04_1311,59.9669005041,Stroop,2,N,
RED,incongruent,b,blue,,,,,3,4,22,1,,,,,b,1,0.564242289867,,,,,2017_Oct_04_1311,59.9669005041,Stroop,2,N,
RED,incongruent,b,blue,,,,,3,5,23,1,,,,,b,1,0.750263737049,,,,,2017_Oct_04_1311,59.9669005041,Stroop,2,N,
XXXX,neutral,b,blue,,,,,4,0,24,5,,,,,b,1,0.516958637629,,,,,2017_Oct_04_1311,59.9669005041,Stroop,2,N,
BLUE,incongruent,r,red,,,,,4,1,25,2,,,,,r,1,0.550371124875,,,,,2017_Oct_04_1311,59.9669005041,Stroop,2,N,
RED,congruent,r,red,,,,,4,2,26,0,,,,,r,1,0.55086509604,,,,,2017_Oct_04_1311,59.9669005041,Stroop,2,N,
XXXX,neutral,b,blue,,,,,4,3,27,5,,,,,b,1,0.616889920318,,,,,2017_Oct_04_1311,59.9669005041,Stroop,2,N,
BLUE,incongruent,r,red,,,,,4,4,28,2,,,,,r,1,1.16655914858,,,,,2017_Oct_04_1311,59.9669005041,Stroop,2,N,
BLUE,congruent,b,blue,,,,,4,5,29,3,,,,,b,1,0.50015879795,,,,,2017_Oct_04_1311,59.9669005041,Stroop,2,N,
BLUE,incongruent,r,red,,,,,5,0,30,2,,,,,r,1,0.533713106532,,,,,2017_Oct_04_1311,59.9669005041,Stroop,2,N,
RED,incongruent,b,blue,,,,,5,1,31,1,,,,,b,1,0.550201660022,,,,,2017_Oct_04_1311,59.9669005041,Stroop,2,N,
XXXX,neutral,r,red,,,,,5,2,32,4,,,,,r,1,0.416755130049,,,,,2017_Oct_04_1311,59.9669005041,Stroop,2,N,
BLUE,incongruent,r,red,,,,,5,3,33,2,,,,,r,1,0.633902492234,,,,,2017_Oct_04_1311,59.9669005041,Stroop,2,N,
XXXX,neutral,r,red,,,,,5,4,34,4,,,,,r,1,0.483613155317,,,,,2017_Oct_04_1311,59.9669005041,Stroop,2,N,
BLUE,congruent,b,blue,,,,,5,5,35,3,,,,,b,1,0.483402526472,,,,,2017_Oct_04_1311,59.9669005041,Stroop,2,N,
XXXX,neutral,r,red,,,,,6,0,36,4,,,,,r,1,0.48361856374,,,,,2017_Oct_04_1311,59.9669005041,Stroop,2,N,
RED,congruent,r,red,,,,,6,1,37,0,,,,,r,1,0.500284093665,,,,,2017_Oct_04_1311,59.9669005041,Stroop,2,N,
XXXX,neutral,r,red,,,,,6,2,38,4,,,,,r,1,0.483610450989,,,,,2017_Oct_04_1311,59.9669005041,Stroop,2,N,
RED,incongruent,b,blue,,,,,6,3,39,1,,,,,b,1,0.516971858218,,,,,2017_Oct_04_1311,59.9669005041,Stroop,2,N,
XXXX,neutral,r,red,,,,,6,4,40,4,,,,,r,1,0.866986145731,,,,,2017_Oct_04_1311,59.9669005041,Stroop,2,N,
RED,congruent,r,red,,,,,6,5,41,0,,,,,r,1,0.564296975499,,,,,2017_Oct_04_1311,59.9669005041,Stroop,2,N,
RED,congruent,r,red,,,,,7,0,42,0,,,,,r,1,0.466941015096,,,,,2017_Oct_04_1311,59.9669005041,Stroop,2,N,
XXXX,neutral,r,red,,,,,7,1,43,4,,,,,r,1,0.566820917651,,,,,2017_Oct_04_1311,59.9669005041,Stroop,2,N,
RED,incongruent,b,blue,,,,,7,2,44,1,,,,,b,1,0.650361299282,,,,,2017_Oct_04_1311,59.9669005041,Stroop,2,N,
RED,incongruent,b,blue,,,,,7,3,45,1,,,,,b,1,0.683578481199,,,,,2017_Oct_04_1311,59.9669005041,Stroop,2,N,
BLUE,congruent,b,blue,,,,,7,4,46,3,,,,,b,1,0.730932142818,,,,,2017_Oct_04_1311,59.9669005041,Stroop,2,N,
RED,incongruent,b,blue,,,,,7,5,47,1,,,,,b,1,0.650233299471,,,,,2017_Oct_04_1311,59.9669005041,Stroop,2,N,
XXXX,neutral,b,blue,,,,,8,0,48,5,,,,,b,1,0.700061325682,,,,,2017_Oct_04_1311,59.9669005041,Stroop,2,N,
BLUE,incongruent,r,red,,,,,8,1,49,2,,,,,r,1,0.350264578359,,,,,2017_Oct_04_1311,59.9669005041,Stroop,2,N,
XXXX,neutral,r,red,,,,,8,2,50,4,,,,,r,1,0.633551544044,,,,,2017_Oct_04_1311,59.9669005041,Stroop,2,N,
RED,congruent,r,red,,,,,8,3,51,0,,,,,r,1,0.497469597729,,,,,2017_Oct_04_1311,59.9669005041,Stroop,2,N,
RED,incongruent,b,blue,,,,,8,4,52,1,,,,,b,1,0.466945822816,,,,,2017_Oct_04_1311,59.9669005041,Stroop,2,N,
RED,incongruent,b,blue,,,,,8,5,53,1,,,,,b,1,0.583592212526,,,,,2017_Oct_04_1311,59.9669005041,Stroop,2,N,
XXXX,neutral,r,red,,,,,9,0,54,4,,,,,r,1,0.550233209273,,,,,2017_Oct_04_1311,59.9669005041,Stroop,2,N,
XXXX,neutral,b,blue,,,,,9,1,55,5,,,,,b,1,0.750262234593,,,,,2017_Oct_04_1311,59.9669005041,Stroop,2,N,
RED,congruent,r,red,,,,,9,2,56,0,,,,,r,1,0.55001356639,,,,,2017_Oct_04_1311,59.9669005041,Stroop,2,N,
BLUE,congruent,b,blue,,,,,9,3,57,3,,,,,b,1,0.50016600918,,,,,2017_Oct_04_1311,59.9669005041,Stroop,2,N,
XXXX,neutral,r,red,,,,,9,4,58,4,,,,,r,1,0.550172814867,,,,,2017_Oct_04_1311,59.9669005041,Stroop,2,N,
RED,incongruent,b,blue,,,,,9,5,59,1,,,,,b,1,0.566737387097,,,,,2017_Oct_04_1311,59.9669005041,Stroop,2,N,
RED,congruent,r,red,,,,,10,0,60,0,,,,,r,1,0.56420473149,,,,,2017_Oct_04_1311,59.9669005041,Stroop,2,N,
RED,congruent,r,red,,,,,10,1,61,0,,,,,r,1,0.600150174694,,,,,2017_Oct_04_1311,59.9669005041,Stroop,2,N,
RED,congruent,r,red,,,,,10,2,62,0,,,,,r,1,0.617156136082,,,,,2017_Oct_04_1311,59.9669005041,Stroop,2,N,
XXXX,neutral,b,blue,,,,,10,3,63,5,,,,,b,1,0.616949112853,,,,,2017_Oct_04_1311,59.9669005041,Stroop,2,N,
BLUE,congruent,b,blue,,,,,10,4,64,3,,,,,b,1,0.500318948179,,,,,2017_Oct_04_1311,59.9669005041,Stroop,2,N,
XXXX,neutral,b,blue,,,,,10,5,65,5,,,,,b,1,0.65036310209,,,,,2017_Oct_04_1311,59.9669005041,Stroop,2,N,
RED,congruent,r,red,,,,,11,0,66,0,,,,,r,1,0.600320540601,,,,,2017_Oct_04_1311,59.9669005041,Stroop,2,N,
RED,incongruent,b,blue,,,,,11,1,67,1,,,,,b,1,0.600299207494,,,,,2017_Oct_04_1311,59.9669005041,Stroop,2,N,
XXXX,neutral,b,blue,,,,,11,2,68,5,,,,,b,1,0.583594015334,,,,,2017_Oct_04_1311,59.9669005041,Stroop,2,N,
BLUE,incongruent,r,red,,,,,11,3,69,2,,,,,r,1,1.88606624678,,,,,2017_Oct_04_1311,59.9669005041,Stroop,2,N,
XXXX,neutral,b,blue,,,,,11,4,70,5,,,,,b,1,0.533585106488,,,,,2017_Oct_04_1311,59.9669005041,Stroop,2,N,
BLUE,congruent,b,blue,,,,,11,5,71,3,,,,,b,1,0.583507179981,,,,,2017_Oct_04_1311,59.9669005041,Stroop,2,N,
XXXX,neutral,r,red,,,,,12,0,72,4,,,,,r,1,0.65038353391,,,,,2017_Oct_04_1311,59.9669005041,Stroop,2,N,
BLUE,incongruent,r,red,,,,,12,1,73,2,,,,,r,1,1.16699813446,,,,,2017_Oct_04_1311,59.9669005041,Stroop,2,N,
XXXX,neutral,r,red,,,,,12,2,74,4,,,,,r,1,0.483550657984,,,,,2017_Oct_04_1311,59.9669005041,Stroop,2,N,
RED,congruent,r,red,,,,,12,3,75,0,,,,,r,1,0.930769468891,,,,,2017_Oct_04_1311,59.9669005041,Stroop,2,N,
BLUE,congruent,b,blue,,,,,12,4,76,3,,,,,b,1,0.566947415238,,,,,2017_Oct_04_1311,59.9669005041,Stroop,2,N,
RED,incongruent,b,blue,,,,,12,5,77,1,,,,,b,1,0.466877916595,,,,,2017_Oct_04_1311,59.9669005041,Stroop,2,N,
RED,incongruent,b,blue,,,,,13,0,78,1,,,,,b,1,0.650388041046,,,,,2017_Oct_04_1311,59.9669005041,Stroop,2,N,
BLUE,incongruent,r,red,,,,,13,1,79,2,,,,,r,1,0.416984087322,,,,,2017_Oct_04_1311,59.9669005041,Stroop,2,N,
XXXX,neutral,r,red,,,,,13,2,80,4,,,,,r,1,0.630923639517,,,,,2017_Oct_04_1311,59.9669005041,Stroop,2,N,
XXXX,neutral,r,red,,,,,13,3,81,4,,,,,r,1,0.533546045655,,,,,2017_Oct_04_1311,59.9669005041,Stroop,2,N,
XXXX,neutral,b,blue,,,,,13,4,82,5,,,,,b,1,0.800245904131,,,,,2017_Oct_04_1311,59.9669005041,Stroop,2,N,
XXXX,neutral,b,blue,,,,,13,5,83,5,,,,,b,1,0.616861676099,,,,,2017_Oct_04_1311,59.9669005041,Stroop,2,N,
RED,incongruent,b,blue,,,,,14,0,84,1,,,,,b,1,0.616887816926,,,,,2017_Oct_04_1311,59.9669005041,Stroop,2,N,
BLUE,congruent,b,blue,,,,,14,1,85,3,,,,,b,1,0.633544032462,,,,,2017_Oct_04_1311,59.9669005041,Stroop,2,N,
RED,congruent,r,red,,,,,14,2,86,0,,,,,r,1,0.730973006925,,,,,2017_Oct_04_1311,59.9669005041,Stroop,2,N,
BLUE,incongruent,r,red,,,,,14,3,87,2,,,,,r,1,0.966916226316,,,,,2017_Oct_04_1311,59.9669005041,Stroop,2,N,
RED,congruent,r,red,,,,,14,4,88,0,,,,,r,1,0.733589493437,,,,,2017_Oct_04_1311,59.9669005041,Stroop,2,N,
BLUE,incongruent,r,red,,,,,14,5,89,2,,,,,r,1,0.716699813493,,,,,2017_Oct_04_1311,59.9669005041,Stroop,2,N,
XXXX,neutral,r,red,,,,,15,0,90,4,,,,,r,1,0.733521287097,,,,,2017_Oct_04_1311,59.9669005041,Stroop,2,N,
BLUE,congruent,b,blue,,,,,15,1,91,3,,,,,b,1,0.500311736716,,,,,2017_Oct_04_1311,59.9669005041,Stroop,2,N,
BLUE,incongruent,r,red,,,,,15,2,92,2,,,,,r,1,0.433082331205,,,,,2017_Oct_04_1311,59.9669005041,Stroop,2,N,
RED,congruent,r,red,,,,,15,3,93,0,,,,,r,1,0.547676515765,,,,,2017_Oct_04_1311,59.9669005041,Stroop,2,N,
BLUE,incongruent,r,red,,,,,15,4,94,2,,,,,r,1,0.583496062551,,,,,2017_Oct_04_1311,59.9669005041,Stroop,2,N,
BLUE,incongruent,r,red,,,,,15,5,95,2,,,,,r,1,0.481000574771,,,,,2017_Oct_04_1311,59.9669005041,Stroop,2,N,
RED,incongruent,b,blue,,,,,16,0,96,1,,,,,b,1,0.614290860714,,,,,2017_Oct_04_1311,59.9669005041,Stroop,2,N,
RED,congruent,r,red,,,,,16,1,97,0,,,,,r,1,0.633518191986,,,,,2017_Oct_04_1311,59.9669005041,Stroop,2,N,
BLUE,incongruent,r,red,,,,,16,2,98,2,,,,,r,1,0.500266065588,,,,,2017_Oct_04_1311,59.9669005041,Stroop,2,N,
BLUE,congruent,b,blue,,,,,16,3,99,3,,,,,b,1,0.633597816341,,,,,2017_Oct_04_1311,59.9669005041,Stroop,2,N,
RED,incongruent,b,blue,,,,,16,4,100,1,,,,,b,1,0.50027117366,,,,,2017_Oct_04_1311,59.9669005041,Stroop,2,N,
BLUE,congruent,b,blue,,,,,16,5,101,3,,,,,b,1,0.497658893233,,,,,2017_Oct_04_1311,59.9669005041,Stroop,2,N,
XXXX,neutral,r,red,,,,,17,0,102,4,,,,,r,1,0.716884000925,,,,,2017_Oct_04_1311,59.9669005041,Stroop,2,N,
XXXX,neutral,r,red,,,,,17,1,103,4,,,,,r,1,0.600168202771,,,,,2017_Oct_04_1311,59.9669005041,Stroop,2,N,
XXXX,neutral,b,blue,,,,,17,2,104,5,,,,,b,1,0.533729632385,,,,,2017_Oct_04_1311,59.9669005041,Stroop,2,N,
BLUE,incongruent,r,red,,,,,17,3,105,2,,,,,r,1,0.65027596592,,,,,2017_Oct_04_1311,59.9669005041,Stroop,2,N,
XXXX,neutral,b,blue,,,,,17,4,106,5,,,,,b,1,0.566912560724,,,,,2017_Oct_04_1311,59.9669005041,Stroop,2,N,
BLUE,incongruent,r,red,,,,,17,5,107,2,,,,,r,1,1.23355448875,,,,,2017_Oct_04_1311,59.9669005041,Stroop,2,N,
XXXX,neutral,r,red,,,,,18,0,108,4,,,,,r,1,0.866672155214,,,,,2017_Oct_04_1311,59.9669005041,Stroop,2,N,
BLUE,congruent,b,blue,,,,,18,1,109,3,,,,,b,1,0.550380439265,,,,,2017_Oct_04_1311,59.9669005041,Stroop,2,N,
RED,incongruent,b,blue,,,,,18,2,110,1,,,,,b,1,1.30286764889,,,,,2017_Oct_04_1311,59.9669005041,Stroop,2,N,
XXXX,neutral,b,blue,,,,,18,3,111,5,,,,,b,1,0.949926490197,,,,,2017_Oct_04_1311,59.9669005041,Stroop,2,N,
RED,incongruent,b,blue,,,,,18,4,112,1,,,,,b,1,0.433582913131,,,,,2017_Oct_04_1311,59.9669005041,Stroop,2,N,
RED,incongruent,b,blue,,,,,18,5,113,1,,,,,b,1,0.500266366173,,,,,2017_Oct_04_1311,59.9669005041,Stroop,2,N,
RED,congruent,r,red,,,,,19,0,114,0,,,,,r,1,0.51959315245,,,,,2017_Oct_04_1311,59.9669005041,Stroop,2,N,
XXXX,neutral,b,blue,,,,,19,1,115,5,,,,,b,1,0.514402244939,,,,,2017_Oct_04_1311,59.9669005041,Stroop,2,N,
RED,congruent,r,red,,,,,19,2,116,0,,,,,r,1,0.58371720789,,,,,2017_Oct_04_1311,59.9669005041,Stroop,2,N,
BLUE,congruent,b,blue,,,,,19,3,117,3,,,,,b,1,0.532845351147,,,,,2017_Oct_04_1311,59.9669005041,Stroop,2,N,
RED,incongruent,b,blue,,,,,19,4,118,1,,,,,b,1,0.633554849308,,,,,2017_Oct_04_1311,59.9669005041,Stroop,2,N,
XXXX,neutral,r,red,,,,,19,5,119,4,,,,,r,1,0.514343352988,,,,,2017_Oct_04_1311,59.9669005041,Stroop,2,N,
RED,congruent,r,red,,,,,20,0,120,0,,,,,r,1,0.800252814777,,,,,2017_Oct_04_1311,59.9669005041,Stroop,2,N,
XXXX,neutral,r,red,,,,,20,1,121,4,,,,,r,1,0.767158825416,,,,,2017_Oct_04_1311,59.9669005041,Stroop,2,N,
XXXX,neutral,b,blue,,,,,20,2,122,5,,,,,b,1,0.599761968246,,,,,2017_Oct_04_1311,59.9669005041,Stroop,2,N,
RED,incongruent,b,blue,,,,,20,3,123,1,,,,,b,1,1.16424853983,,,,,2017_Oct_04_1311,59.9669005041,Stroop,2,N,
RED,incongruent,b,blue,,,,,20,4,124,1,,,,,b,1,0.400181844132,,,,,2017_Oct_04_1311,59.9669005041,Stroop,2,N,
BLUE,incongruent,r,red,,,,,20,5,125,2,,,,,r,1,0.597547509475,,,,,2017_Oct_04_1311,59.9669005041,Stroop,2,N,
BLUE,congruent,b,blue,,,,,21,0,126,3,,,,,b,1,0.717068188824,,,,,2017_Oct_04_1311,59.9669005041,Stroop,2,N,
BLUE,incongruent,r,red,,,,,21,1,127,2,,,,,r,1,0.75291447714,,,,,2017_Oct_04_1311,59.9669005041,Stroop,2,N,
RED,congruent,r,red,,,,,21,2,128,0,,,,,r,1,0.600204258924,,,,,2017_Oct_04_1311,59.9669005041,Stroop,2,N,
RED,congruent,r,red,,,,,21,3,129,0,,,,,r,1,0.466872808756,,,,,2017_Oct_04_1311,59.9669005041,Stroop,2,N,
BLUE,incongruent,r,red,,,,,21,4,130,2,,,,,r,1,0.516929792706,,,,,2017_Oct_04_1311,59.9669005041,Stroop,2,N,
BLUE,congruent,b,blue,,,,,21,5,131,3,,,,,b,1,0.533561369637,,,,,2017_Oct_04_1311,59.9669005041,Stroop,2,N,
XXXX,neutral,b,blue,,,,,22,0,132,5,,,,,b,1,0.683591100853,,,,,2017_Oct_04_1311,59.9669005041,Stroop,2,N,
XXXX,neutral,r,red,,,,,22,1,133,4,,,,,r,1,0.616944305366,,,,,2017_Oct_04_1311,59.9669005041,Stroop,2,N,
XXXX,neutral,b,blue,,,,,22,2,134,5,,,,,b,1,0.617005300708,,,,,2017_Oct_04_1311,59.9669005041,Stroop,2,N,
BLUE,congruent,b,blue,,,,,22,3,135,3,,,,,b,1,0.66685946798,,,,,2017_Oct_04_1311,59.9669005041,Stroop,2,N,
XXXX,neutral,b,blue,,,,,22,4,136,5,,,,,b,1,0.666969739832,,,,,2017_Oct_04_1311,59.9669005041,Stroop,2,N,
RED,congruent,r,red,,,,,22,5,137,0,,,,,r,1,0.65035619121,,,,,2017_Oct_04_1311,59.9669005041,Stroop,2,N,
XXXX,neutral,b,blue,,,,,23,0,138,5,,,,,b,1,0.6170542771,,,,,2017_Oct_04_1311,59.9669005041,Stroop,2,N,
RED,congruent,r,red,,,,,23,1,139,0,,,,,r,1,0.616932286648,,,,,2017_Oct_04_1311,59.9669005041,Stroop,2,N,
XXXX,neutral,b,blue,,,,,23,2,140,5,,,,,b,1,0.633581591072,,,,,2017_Oct_04_1311,59.9669005041,Stroop,2,N,
BLUE,congruent,b,blue,,,,,23,3,141,3,,,,,b,1,0.56688672048,,,,,2017_Oct_04_1311,59.9669005041,Stroop,2,N,
RED,incongruent,b,blue,,,,,23,4,142,1,,,,,b,1,0.48361555906,,,,,2017_Oct_04_1311,59.9669005041,Stroop,2,N,
RED,congruent,r,red,,,,,23,5,143,0,,,,,r,1,0.650182520039,,,,,2017_Oct_04_1311,59.9669005041,Stroop,2,N,
BLUE,congruent,b,blue,,,,,24,0,144,3,,,,,b,1,0.680875159102,,,,,2017_Oct_04_1311,59.9669005041,Stroop,2,N,
XXXX,neutral,b,blue,,,,,24,1,145,5,,,,,b,1,0.53356106882,,,,,2017_Oct_04_1311,59.9669005041,Stroop,2,N,
XXXX,neutral,r,red,,,,,24,2,146,4,,,,,r,1,0.519115706906,,,,,2017_Oct_04_1311,59.9669005041,Stroop,2,N,
BLUE,congruent,b,blue,,,,,24,3,147,3,,,,,b,1,0.5168693983,,,,,2017_Oct_04_1311,59.9669005041,Stroop,2,N,
BLUE,incongruent,r,red,,,,,24,4,148,2,,,,,r,1,0.547710468993,,,,,2017_Oct_04_1311,59.9669005041,Stroop,2,N,
BLUE,congruent,b,blue,,,,,24,5,149,3,,,,,b,1,0.650226088008,,,,,2017_Oct_04_1311,59.9669005041,Stroop,2,N,
,,,,,,,,,,,,,,,,,,,,,space,794.855563204,2017_Oct_04_1311,59.9669005041,Stroop,2,N,
