word,type,correct,ink,Practice.thisRepN,Practice.thisTrialN,Practice.thisN,Practice.thisIndex,trials.thisRepN,trials.thisTrialN,trials.thisN,trials.thisIndex,ready_to_continue.keys,ready_to_continue.rt,key_resp_2.keys,key_resp_2.rt,Response.keys,Response.corr,Response.rt,begin_exp.keys,begin_exp.rt,finished.keys,finished.rt,date,frameRate,expName,participant,condition
,,,,,,,,,,,,r,37.49900259,,,,,,,,,,2017_Sep_29_1417,59.79989,Stroop,30,N
,,,,,,,,,,,,,,r,7.816740767,,,,,,,,2017_Sep_29_1417,59.79989,Stroop,30,N
RED,congruent,r,red,0,0,0,0,,,,,,,,,r,1,0.733736723,,,,,2017_Sep_29_1417,59.79989,Stroop,30,N
RED,incongruent,b,blue,0,1,1,1,,,,,,,,,b,1,0.716829316,,,,,2017_Sep_29_1417,59.79989,Stroop,30,N
XXXX,neutral,b,blue,0,2,2,5,,,,,,,,,b,1,0.667164444,,,,,2017_Sep_29_1417,59.79989,Stroop,30,N
BLUE,incongruent,r,red,0,3,3,2,,,,,,,,,r,1,0.700398152,,,,,2017_Sep_29_1417,59.79989,Stroop,30,N
BLUE,congruent,b,blue,0,4,4,3,,,,,,,,,b,1,0.450512255,,,,,2017_Sep_29_1417,59.79989,Stroop,30,N
XXXX,neutral,r,red,0,5,5,4,,,,,,,,,r,1,0.533917125,,,,,2017_Sep_29_1417,59.79989,Stroop,30,N
BLUE,incongruent,r,red,1,0,6,2,,,,,,,,,r,1,0.650492604,,,,,2017_Sep_29_1417,59.79989,Stroop,30,N
XXXX,neutral,b,blue,1,1,7,5,,,,,,,,,b,1,0.583624964,,,,,2017_Sep_29_1417,59.79989,Stroop,30,N
RED,congruent,r,red,1,2,8,0,,,,,,,,,r,1,0.400072473,,,,,2017_Sep_29_1417,59.79989,Stroop,30,N
RED,incongruent,b,blue,1,3,9,1,,,,,,,,,b,1,0.600382137,,,,,2017_Sep_29_1417,59.79989,Stroop,30,N
BLUE,congruent,b,blue,1,4,10,3,,,,,,,,,b,1,0.633640183,,,,,2017_Sep_29_1417,59.79989,Stroop,30,N
XXXX,neutral,r,red,1,5,11,4,,,,,,,,,r,1,0.399986239,,,,,2017_Sep_29_1417,59.79989,Stroop,30,N
,,,,,,,,,,,,,,,,,,,r,4.216899175,,,2017_Sep_29_1417,59.79989,Stroop,30,N
RED,incongruent,b,blue,,,,,0,0,0,1,,,,,b,1,0.583996644,,,,,2017_Sep_29_1417,59.79989,Stroop,30,N
XXXX,neutral,b,blue,,,,,0,1,1,5,,,,,b,1,0.583647799,,,,,2017_Sep_29_1417,59.79989,Stroop,30,N
RED,congruent,r,red,,,,,0,2,2,0,,,,,r,1,0.316755941,,,,,2017_Sep_29_1417,59.79989,Stroop,30,N
XXXX,neutral,b,blue,,,,,0,3,3,5,,,,,b,1,0.567160448,,,,,2017_Sep_29_1417,59.79989,Stroop,30,N
XXXX,neutral,b,blue,,,,,0,4,4,5,,,,,b,1,0.467067212,,,,,2017_Sep_29_1417,59.79989,Stroop,30,N
RED,incongruent,b,blue,,,,,0,5,5,1,,,,,b,1,0.383650624,,,,,2017_Sep_29_1417,59.79989,Stroop,30,N
BLUE,congruent,b,blue,,,,,1,0,6,3,,,,,b,1,0.433742763,,,,,2017_Sep_29_1417,59.79989,Stroop,30,N
RED,congruent,r,red,,,,,1,1,7,0,,,,,r,1,0.416685721,,,,,2017_Sep_29_1417,59.79989,Stroop,30,N
RED,congruent,r,red,,,,,1,2,8,0,,,,,r,1,0.547721586,,,,,2017_Sep_29_1417,59.79989,Stroop,30,N
RED,congruent,r,red,,,,,1,3,9,0,,,,,r,1,0.416499731,,,,,2017_Sep_29_1417,59.79989,Stroop,30,N
RED,congruent,r,red,,,,,1,4,10,0,,,,,r,1,0.483804855,,,,,2017_Sep_29_1417,59.79989,Stroop,30,N
BLUE,congruent,b,blue,,,,,1,5,11,3,,,,,b,1,0.5334529,,,,,2017_Sep_29_1417,59.79989,Stroop,30,N
RED,congruent,r,red,,,,,2,0,12,0,,,,,r,1,0.450384856,,,,,2017_Sep_29_1417,59.79989,Stroop,30,N
XXXX,neutral,r,red,,,,,2,1,13,4,,,,,r,1,0.800379312,,,,,2017_Sep_29_1417,59.79989,Stroop,30,N
RED,congruent,r,red,,,,,2,2,14,0,,,,,r,1,0.450407391,,,,,2017_Sep_29_1417,59.79989,Stroop,30,N
BLUE,congruent,b,blue,,,,,2,3,15,3,,,,,b,1,0.433789636,,,,,2017_Sep_29_1417,59.79989,Stroop,30,N
XXXX,neutral,r,red,,,,,2,4,16,4,,,,,r,1,0.600294099,,,,,2017_Sep_29_1417,59.79989,Stroop,30,N
RED,congruent,r,red,,,,,2,5,17,0,,,,,r,1,0.61701131,,,,,2017_Sep_29_1417,59.79989,Stroop,30,N
XXXX,neutral,b,blue,,,,,3,0,18,5,,,,,b,1,0.467239081,,,,,2017_Sep_29_1417,59.79989,Stroop,30,N
BLUE,congruent,b,blue,,,,,3,1,19,3,,,,,b,1,0.597756636,,,,,2017_Sep_29_1417,59.79989,Stroop,30,N
XXXX,neutral,r,red,,,,,3,2,20,4,,,,,r,1,0.433716321,,,,,2017_Sep_29_1417,59.79989,Stroop,30,N
XXXX,neutral,b,blue,,,,,3,3,21,5,,,,,b,1,0.567024035,,,,,2017_Sep_29_1417,59.79989,Stroop,30,N
XXXX,neutral,b,blue,,,,,3,4,22,5,,,,,b,1,0.700377419,,,,,2017_Sep_29_1417,59.79989,Stroop,30,N
BLUE,incongruent,r,red,,,,,3,5,23,2,,,,,r,1,0.550528871,,,,,2017_Sep_29_1417,59.79989,Stroop,30,N
RED,incongruent,b,blue,,,,,4,0,24,1,,,,,b,1,0.466697635,,,,,2017_Sep_29_1417,59.79989,Stroop,30,N
BLUE,congruent,b,blue,,,,,4,1,25,3,,,,,b,1,0.716954611,,,,,2017_Sep_29_1417,59.79989,Stroop,30,N
XXXX,neutral,b,blue,,,,,4,2,26,5,,,,,b,1,0.450418208,,,,,2017_Sep_29_1417,59.79989,Stroop,30,N
BLUE,congruent,b,blue,,,,,4,3,27,3,,,,,b,1,0.783668111,,,,,2017_Sep_29_1417,59.79989,Stroop,30,N
RED,incongruent,b,blue,,,,,4,4,28,1,,,,,b,1,0.550326054,,,,,2017_Sep_29_1417,59.79989,Stroop,30,N
XXXX,neutral,r,red,,,,,4,5,29,4,,,,,r,1,0.483730338,,,,,2017_Sep_29_1417,59.79989,Stroop,30,N
XXXX,neutral,r,red,,,,,5,0,30,4,,,,,r,1,0.483706601,,,,,2017_Sep_29_1417,59.79989,Stroop,30,N
RED,incongruent,b,blue,,,,,5,1,31,1,,,,,b,1,0.517112178,,,,,2017_Sep_29_1417,59.79989,Stroop,30,N
XXXX,neutral,b,blue,,,,,5,2,32,5,,,,,b,1,0.483708705,,,,,2017_Sep_29_1417,59.79989,Stroop,30,N
RED,congruent,r,red,,,,,5,3,33,0,,,,,r,1,0.400359722,,,,,2017_Sep_29_1417,59.79989,Stroop,30,N
BLUE,incongruent,r,red,,,,,5,4,34,2,,,,,r,1,0.433891195,,,,,2017_Sep_29_1417,59.79989,Stroop,30,N
RED,incongruent,b,blue,,,,,5,5,35,1,,,,,b,1,0.433705805,,,,,2017_Sep_29_1417,59.79989,Stroop,30,N
BLUE,congruent,b,blue,,,,,6,0,36,3,,,,,b,1,0.383643112,,,,,2017_Sep_29_1417,59.79989,Stroop,30,N
XXXX,neutral,r,red,,,,,6,1,37,4,,,,,r,1,0.483717719,,,,,2017_Sep_29_1417,59.79989,Stroop,30,N
RED,congruent,r,red,,,,,6,2,38,0,,,,,r,1,0.467015532,,,,,2017_Sep_29_1417,59.79989,Stroop,30,N
XXXX,neutral,r,red,,,,,6,3,39,4,,,,,r,1,0.35050285,,,,,2017_Sep_29_1417,59.79989,Stroop,30,N
RED,incongruent,b,blue,,,,,6,4,40,1,,,,,b,1,0.40032637,,,,,2017_Sep_29_1417,59.79989,Stroop,30,N
RED,incongruent,b,blue,,,,,6,5,41,1,,,,,b,1,0.516934901,,,,,2017_Sep_29_1417,59.79989,Stroop,30,N
BLUE,incongruent,r,red,,,,,7,0,42,2,,,,,r,1,0.383836915,,,,,2017_Sep_29_1417,59.79989,Stroop,30,N
BLUE,congruent,b,blue,,,,,7,1,43,3,,,,,b,1,0.550993096,,,,,2017_Sep_29_1417,59.79989,Stroop,30,N
BLUE,incongruent,r,red,,,,,7,2,44,2,,,,,r,1,0.533667135,,,,,2017_Sep_29_1417,59.79989,Stroop,30,N
XXXX,neutral,r,red,,,,,7,3,45,4,,,,,r,1,0.450436537,,,,,2017_Sep_29_1417,59.79989,Stroop,30,N
XXXX,neutral,b,blue,,,,,7,4,46,5,,,,,b,1,0.550328458,,,,,2017_Sep_29_1417,59.79989,Stroop,30,N
XXXX,neutral,b,blue,,,,,7,5,47,5,,,,,b,1,0.500341784,,,,,2017_Sep_29_1417,59.79989,Stroop,30,N
XXXX,neutral,r,red,,,,,8,0,48,4,,,,,r,1,0.350405198,,,,,2017_Sep_29_1417,59.79989,Stroop,30,N
XXXX,neutral,r,red,,,,,8,1,49,4,,,,,r,1,0.417274341,,,,,2017_Sep_29_1417,59.79989,Stroop,30,N
XXXX,neutral,r,red,,,,,8,2,50,4,,,,,r,1,0.536281819,,,,,2017_Sep_29_1417,59.79989,Stroop,30,N
BLUE,congruent,b,blue,,,,,8,3,51,3,,,,,b,1,0.416834454,,,,,2017_Sep_29_1417,59.79989,Stroop,30,N
RED,congruent,r,red,,,,,8,4,52,0,,,,,r,1,0.466822029,,,,,2017_Sep_29_1417,59.79989,Stroop,30,N
RED,congruent,r,red,,,,,8,5,53,0,,,,,r,1,0.416872012,,,,,2017_Sep_29_1417,59.79989,Stroop,30,N
BLUE,incongruent,r,red,,,,,9,0,54,2,,,,,r,1,0.583725921,,,,,2017_Sep_29_1417,59.79989,Stroop,30,N
XXXX,neutral,r,red,,,,,9,1,55,4,,,,,r,1,0.483748367,,,,,2017_Sep_29_1417,59.79989,Stroop,30,N
BLUE,congruent,b,blue,,,,,9,2,56,3,,,,,b,1,0.417023148,,,,,2017_Sep_29_1417,59.79989,Stroop,30,N
BLUE,congruent,b,blue,,,,,9,3,57,3,,,,,b,1,0.566973856,,,,,2017_Sep_29_1417,59.79989,Stroop,30,N
RED,incongruent,b,blue,,,,,9,4,58,1,,,,,b,1,0.483634789,,,,,2017_Sep_29_1417,59.79989,Stroop,30,N
RED,incongruent,b,blue,,,,,9,5,59,1,,,,,b,1,0.467057297,,,,,2017_Sep_29_1417,59.79989,Stroop,30,N
BLUE,incongruent,r,red,,,,,10,0,60,2,,,,,r,1,0.383752783,,,,,2017_Sep_29_1417,59.79989,Stroop,30,N
BLUE,incongruent,r,red,,,,,10,1,61,2,,,,,r,1,0.433687476,,,,,2017_Sep_29_1417,59.79989,Stroop,30,N
XXXX,neutral,b,blue,,,,,10,2,62,5,,,,,b,1,0.383951694,,,,,2017_Sep_29_1417,59.79989,Stroop,30,N
BLUE,incongruent,r,red,,,,,10,3,63,2,,,,,r,1,0.317025162,,,,,2017_Sep_29_1417,59.79989,Stroop,30,N
BLUE,congruent,b,blue,,,,,10,4,64,3,,,,,b,1,0.333477358,,,,,2017_Sep_29_1417,59.79989,Stroop,30,N
RED,incongruent,b,blue,,,,,10,5,65,1,,,,,b,1,0.550395763,,,,,2017_Sep_29_1417,59.79989,Stroop,30,N
XXXX,neutral,r,red,,,,,11,0,66,4,,,,,r,1,0.417129515,,,,,2017_Sep_29_1417,59.79989,Stroop,30,N
RED,incongruent,b,blue,,,,,11,1,67,1,,,,,b,1,0.433737354,,,,,2017_Sep_29_1417,59.79989,Stroop,30,N
RED,incongruent,b,blue,,,,,11,2,68,1,,,,,b,1,0.400399083,,,,,2017_Sep_29_1417,59.79989,Stroop,30,N
RED,incongruent,b,blue,,,,,11,3,69,1,,,,,b,1,0.650449637,,,,,2017_Sep_29_1417,59.79989,Stroop,30,N
RED,congruent,r,red,,,,,11,4,70,0,,,,,r,1,0.367118502,,,,,2017_Sep_29_1417,59.79989,Stroop,30,N
XXXX,neutral,r,red,,,,,11,5,71,4,,,,,r,1,0.733700066,,,,,2017_Sep_29_1417,59.79989,Stroop,30,N
BLUE,congruent,b,blue,,,,,12,0,72,3,,,,,b,1,0.433008115,,,,,2017_Sep_29_1417,59.79989,Stroop,30,N
BLUE,incongruent,r,red,,,,,12,1,73,2,,,,,r,1,0.51732521,,,,,2017_Sep_29_1417,59.79989,Stroop,30,N
RED,congruent,r,red,,,,,12,2,74,0,,,,,r,1,0.566979565,,,,,2017_Sep_29_1417,59.79989,Stroop,30,N
XXXX,neutral,b,blue,,,,,12,3,75,5,,,,,b,1,0.483838207,,,,,2017_Sep_29_1417,59.79989,Stroop,30,N
XXXX,neutral,b,blue,,,,,12,4,76,5,,,,,b,1,0.534071566,,,,,2017_Sep_29_1417,59.79989,Stroop,30,N
BLUE,congruent,b,blue,,,,,12,5,77,3,,,,,b,1,0.53372813,,,,,2017_Sep_29_1417,59.79989,Stroop,30,N
BLUE,incongruent,r,red,,,,,13,0,78,2,,,,,r,1,0.43372834,,,,,2017_Sep_29_1417,59.79989,Stroop,30,N
RED,congruent,r,red,,,,,13,1,79,0,,,,,r,1,0.433687777,,,,,2017_Sep_29_1417,59.79989,Stroop,30,N
RED,incongruent,b,blue,,,,,13,2,80,1,,,,,b,1,0.383830305,,,,,2017_Sep_29_1417,59.79989,Stroop,30,N
RED,incongruent,b,blue,,,,,13,3,81,1,,,,,b,1,0.719724638,,,,,2017_Sep_29_1417,59.79989,Stroop,30,N
XXXX,neutral,b,blue,,,,,13,4,82,5,,,,,b,1,0.483766395,,,,,2017_Sep_29_1417,59.79989,Stroop,30,N
RED,congruent,r,red,,,,,13,5,83,0,,,,,r,1,0.567075415,,,,,2017_Sep_29_1417,59.79989,Stroop,30,N
XXXX,neutral,r,red,,,,,14,0,84,4,,,,,b,0,0.464547477,,,,,2017_Sep_29_1417,59.79989,Stroop,30,N
RED,incongruent,b,blue,,,,,14,1,85,1,,,,,b,1,1.31702396,,,,,2017_Sep_29_1417,59.79989,Stroop,30,N
RED,congruent,r,red,,,,,14,2,86,0,,,,,r,1,0.633714999,,,,,2017_Sep_29_1417,59.79989,Stroop,30,N
BLUE,congruent,b,blue,,,,,14,3,87,3,,,,,b,1,0.483479747,,,,,2017_Sep_29_1417,59.79989,Stroop,30,N
XXXX,neutral,r,red,,,,,14,4,88,4,,,,,r,1,0.766764309,,,,,2017_Sep_29_1417,59.79989,Stroop,30,N
XXXX,neutral,b,blue,,,,,14,5,89,5,,,,,b,1,0.350526888,,,,,2017_Sep_29_1417,59.79989,Stroop,30,N
BLUE,incongruent,r,red,,,,,15,0,90,2,,,,,r,1,0.367056005,,,,,2017_Sep_29_1417,59.79989,Stroop,30,N
BLUE,incongruent,r,red,,,,,15,1,91,2,,,,,r,1,0.433617467,,,,,2017_Sep_29_1417,59.79989,Stroop,30,N
RED,incongruent,b,blue,,,,,15,2,92,1,,,,,b,1,0.333626391,,,,,2017_Sep_29_1417,59.79989,Stroop,30,N
BLUE,congruent,b,blue,,,,,15,3,93,3,,,,,b,1,0.466991794,,,,,2017_Sep_29_1417,59.79989,Stroop,30,N
RED,incongruent,b,blue,,,,,15,4,94,1,,,,,b,1,0.417405345,,,,,2017_Sep_29_1417,59.79989,Stroop,30,N
RED,congruent,r,red,,,,,15,5,95,0,,,,,r,1,0.467035362,,,,,2017_Sep_29_1417,59.79989,Stroop,30,N
BLUE,incongruent,r,red,,,,,16,0,96,2,,,,,r,1,0.550389153,,,,,2017_Sep_29_1417,59.79989,Stroop,30,N
BLUE,incongruent,r,red,,,,,16,1,97,2,,,,,r,1,0.500379042,,,,,2017_Sep_29_1417,59.79989,Stroop,30,N
XXXX,neutral,r,red,,,,,16,2,98,4,,,,,r,1,0.514466245,,,,,2017_Sep_29_1417,59.79989,Stroop,30,N
XXXX,neutral,b,blue,,,,,16,3,99,5,,,,,b,1,0.481141795,,,,,2017_Sep_29_1417,59.79989,Stroop,30,N
XXXX,neutral,b,blue,,,,,16,4,100,5,,,,,b,1,0.500391061,,,,,2017_Sep_29_1417,59.79989,Stroop,30,N
BLUE,incongruent,r,red,,,,,16,5,101,2,,,,,r,1,0.317099378,,,,,2017_Sep_29_1417,59.79989,Stroop,30,N
BLUE,incongruent,r,red,,,,,17,0,102,2,,,,,r,1,0.433733148,,,,,2017_Sep_29_1417,59.79989,Stroop,30,N
BLUE,incongruent,r,red,,,,,17,1,103,2,,,,,r,1,0.549799331,,,,,2017_Sep_29_1417,59.79989,Stroop,30,N
BLUE,congruent,b,blue,,,,,17,2,104,3,,,,,b,1,0.350401292,,,,,2017_Sep_29_1417,59.79989,Stroop,30,N
BLUE,congruent,b,blue,,,,,17,3,105,3,,,,,b,1,0.433749974,,,,,2017_Sep_29_1417,59.79989,Stroop,30,N
BLUE,congruent,b,blue,,,,,17,4,106,3,,,,,b,1,1.183567514,,,,,2017_Sep_29_1417,59.79989,Stroop,30,N
BLUE,congruent,b,blue,,,,,17,5,107,3,,,,,b,1,0.55017642,,,,,2017_Sep_29_1417,59.79989,Stroop,30,N
RED,incongruent,b,blue,,,,,18,0,108,1,,,,,b,1,0.466791682,,,,,2017_Sep_29_1417,59.79989,Stroop,30,N
BLUE,congruent,b,blue,,,,,18,1,109,3,,,,,b,1,0.449659523,,,,,2017_Sep_29_1417,59.79989,Stroop,30,N
RED,incongruent,b,blue,,,,,18,2,110,1,,,,,b,1,0.450419711,,,,,2017_Sep_29_1417,59.79989,Stroop,30,N
BLUE,incongruent,r,red,,,,,18,3,111,2,,,,,r,1,0.383644314,,,,,2017_Sep_29_1417,59.79989,Stroop,30,N
XXXX,neutral,b,blue,,,,,18,4,112,5,,,,,b,1,0.483484254,,,,,2017_Sep_29_1417,59.79989,Stroop,30,N
BLUE,congruent,b,blue,,,,,18,5,113,3,,,,,b,1,0.630775508,,,,,2017_Sep_29_1417,59.79989,Stroop,30,N
BLUE,incongruent,r,red,,,,,19,0,114,2,,,,,r,1,0.566737688,,,,,2017_Sep_29_1417,59.79989,Stroop,30,N
XXXX,neutral,b,blue,,,,,19,1,115,5,,,,,b,1,0.717051964,,,,,2017_Sep_29_1417,59.79989,Stroop,30,N
BLUE,incongruent,r,red,,,,,19,2,116,2,,,,,r,1,0.78376336,,,,,2017_Sep_29_1417,59.79989,Stroop,30,N
XXXX,neutral,b,blue,,,,,19,3,117,5,,,,,b,1,0.483736047,,,,,2017_Sep_29_1417,59.79989,Stroop,30,N
RED,congruent,r,red,,,,,19,4,118,0,,,,,r,1,0.450399579,,,,,2017_Sep_29_1417,59.79989,Stroop,30,N
RED,congruent,r,red,,,,,19,5,119,0,,,,,r,1,0.500361014,,,,,2017_Sep_29_1417,59.79989,Stroop,30,N
XXXX,neutral,r,red,,,,,20,0,120,4,,,,,r,1,0.483668442,,,,,2017_Sep_29_1417,59.79989,Stroop,30,N
XXXX,neutral,r,red,,,,,20,1,121,4,,,,,r,1,0.51704998,,,,,2017_Sep_29_1417,59.79989,Stroop,30,N
RED,congruent,r,red,,,,,20,2,122,0,,,,,r,1,0.450230415,,,,,2017_Sep_29_1417,59.79989,Stroop,30,N
BLUE,incongruent,r,red,,,,,20,3,123,2,,,,,r,1,0.367215554,,,,,2017_Sep_29_1417,59.79989,Stroop,30,N
XXXX,neutral,r,red,,,,,20,4,124,4,,,,,r,1,0.433681768,,,,,2017_Sep_29_1417,59.79989,Stroop,30,N
XXXX,neutral,b,blue,,,,,20,5,125,5,,,,,b,1,0.383793647,,,,,2017_Sep_29_1417,59.79989,Stroop,30,N
BLUE,incongruent,r,red,,,,,21,0,126,2,,,,,r,1,1.450405288,,,,,2017_Sep_29_1417,59.79989,Stroop,30,N
XXXX,neutral,r,red,,,,,21,1,127,4,,,,,r,1,0.519907143,,,,,2017_Sep_29_1417,59.79989,Stroop,30,N
RED,congruent,r,red,,,,,21,2,128,0,,,,,r,1,0.433941073,,,,,2017_Sep_29_1417,59.79989,Stroop,30,N
RED,incongruent,b,blue,,,,,21,3,129,1,,,,,b,1,0.500378141,,,,,2017_Sep_29_1417,59.79989,Stroop,30,N
BLUE,congruent,b,blue,,,,,21,4,130,3,,,,,b,1,0.450364124,,,,,2017_Sep_29_1417,59.79989,Stroop,30,N
BLUE,incongruent,r,red,,,,,21,5,131,2,,,,,r,1,0.550410186,,,,,2017_Sep_29_1417,59.79989,Stroop,30,N
BLUE,incongruent,r,red,,,,,22,0,132,2,,,,,r,1,1.366947235,,,,,2017_Sep_29_1417,59.79989,Stroop,30,N
XXXX,neutral,r,red,,,,,22,1,133,4,,,,,r,1,0.719961708,,,,,2017_Sep_29_1417,59.79989,Stroop,30,N
BLUE,congruent,b,blue,,,,,22,2,134,3,,,,,b,1,0.533540938,,,,,2017_Sep_29_1417,59.79989,Stroop,30,N
BLUE,incongruent,r,red,,,,,22,3,135,2,,,,,r,1,0.816712523,,,,,2017_Sep_29_1417,59.79989,Stroop,30,N
RED,congruent,r,red,,,,,22,4,136,0,,,,,r,1,0.65040006,,,,,2017_Sep_29_1417,59.79989,Stroop,30,N
XXXX,neutral,b,blue,,,,,22,5,137,5,,,,,b,1,0.433733749,,,,,2017_Sep_29_1417,59.79989,Stroop,30,N
XXXX,neutral,r,red,,,,,23,0,138,4,,,,,r,1,0.483678658,,,,,2017_Sep_29_1417,59.79989,Stroop,30,N
XXXX,neutral,r,red,,,,,23,1,139,4,,,,,r,1,0.467012827,,,,,2017_Sep_29_1417,59.79989,Stroop,30,N
RED,incongruent,b,blue,,,,,23,2,140,1,,,,,b,1,0.514337043,,,,,2017_Sep_29_1417,59.79989,Stroop,30,N
RED,congruent,r,red,,,,,23,3,141,0,,,,,r,1,0.31719703,,,,,2017_Sep_29_1417,59.79989,Stroop,30,N
BLUE,congruent,b,blue,,,,,23,4,142,3,,,,,b,1,0.500990798,,,,,2017_Sep_29_1417,59.79989,Stroop,30,N
RED,congruent,r,red,,,,,23,5,143,0,,,,,r,1,0.867147197,,,,,2017_Sep_29_1417,59.79989,Stroop,30,N
RED,incongruent,b,blue,,,,,24,0,144,1,,,,,b,1,0.700356687,,,,,2017_Sep_29_1417,59.79989,Stroop,30,N
XXXX,neutral,b,blue,,,,,24,1,145,5,,,,,b,1,0.46710417,,,,,2017_Sep_29_1417,59.79989,Stroop,30,N
XXXX,neutral,b,blue,,,,,24,2,146,5,,,,,b,1,0.617214127,,,,,2017_Sep_29_1417,59.79989,Stroop,30,N
XXXX,neutral,r,red,,,,,24,3,147,4,,,,,r,1,0.550408683,,,,,2017_Sep_29_1417,59.79989,Stroop,30,N
XXXX,neutral,b,blue,,,,,24,4,148,5,,,,,b,1,0.867028512,,,,,2017_Sep_29_1417,59.79989,Stroop,30,N
RED,incongruent,b,blue,,,,,24,5,149,1,,,,,b,1,0.550405078,,,,,2017_Sep_29_1417,59.79989,Stroop,30,N
,,,,,,,,,,,,,,,,,,,,,space,23.3995785,2017_Sep_29_1417,59.79989,Stroop,30,N
