word,type,correct,ink,Practice.thisRepN,Practice.thisTrialN,Practice.thisN,Practice.thisIndex,trials.thisRepN,trials.thisTrialN,trials.thisN,trials.thisIndex,ready_to_continue.keys,ready_to_continue.rt,key_resp_2.keys,key_resp_2.rt,Response.keys,Response.corr,Response.rt,begin_exp.keys,begin_exp.rt,finished.keys,finished.rt,date,frameRate,expName,participant,condition
,,,,,,,,,,,,r,35.48263152,,,,,,,,,,2017_Sep_29_1433,59.99738602,Stroop,31,N
,,,,,,,,,,,,,,r,2.416918585,,,,,,,,2017_Sep_29_1433,59.99738602,Stroop,31,N
RED,incongruent,b,blue,0,0,0,1,,,,,,,,,b,1,1.033711153,,,,,2017_Sep_29_1433,59.99738602,Stroop,31,N
BLUE,incongruent,r,red,0,1,1,2,,,,,,,,,r,1,0.633732427,,,,,2017_Sep_29_1433,59.99738602,Stroop,31,N
RED,congruent,r,red,0,2,2,0,,,,,,,,,r,1,0.548042488,,,,,2017_Sep_29_1433,59.99738602,Stroop,31,N
BLUE,congruent,b,blue,0,3,3,3,,,,,,,,,b,1,0.550402674,,,,,2017_Sep_29_1433,59.99738602,Stroop,31,N
XXXX,neutral,b,blue,0,4,4,5,,,,,,,,,b,1,0.717012302,,,,,2017_Sep_29_1433,59.99738602,Stroop,31,N
XXXX,neutral,r,red,0,5,5,4,,,,,,,,,r,1,0.533832693,,,,,2017_Sep_29_1433,59.99738602,Stroop,31,N
XXXX,neutral,b,blue,1,0,6,5,,,,,,,,,b,1,0.400370238,,,,,2017_Sep_29_1433,59.99738602,Stroop,31,N
XXXX,neutral,r,red,1,1,7,4,,,,,,,,,r,1,0.450385457,,,,,2017_Sep_29_1433,59.99738602,Stroop,31,N
RED,congruent,r,red,1,2,8,0,,,,,,,,,r,1,0.367062916,,,,,2017_Sep_29_1433,59.99738602,Stroop,31,N
BLUE,incongruent,r,red,1,3,9,2,,,,,,,,,b,0,0.764247879,,,,,2017_Sep_29_1433,59.99738602,Stroop,31,N
BLUE,congruent,b,blue,1,4,10,3,,,,,,,,,b,1,0.900459628,,,,,2017_Sep_29_1433,59.99738602,Stroop,31,N
RED,incongruent,b,blue,1,5,11,1,,,,,,,,,b,1,0.866938671,,,,,2017_Sep_29_1433,59.99738602,Stroop,31,N
,,,,,,,,,,,,,,,,,,,b,4.44988187,,,2017_Sep_29_1433,59.99738602,Stroop,31,N
BLUE,incongruent,r,red,,,,,0,0,0,2,,,,,r,1,0.783752543,,,,,2017_Sep_29_1433,59.99738602,Stroop,31,N
XXXX,neutral,b,blue,,,,,0,1,1,5,,,,,b,1,0.733682038,,,,,2017_Sep_29_1433,59.99738602,Stroop,31,N
XXXX,neutral,b,blue,,,,,0,2,2,5,,,,,b,1,0.766985755,,,,,2017_Sep_29_1433,59.99738602,Stroop,31,N
RED,congruent,r,red,,,,,0,3,3,0,,,,,r,1,0.450334678,,,,,2017_Sep_29_1433,59.99738602,Stroop,31,N
RED,congruent,r,red,,,,,0,4,4,0,,,,,r,1,0.783842984,,,,,2017_Sep_29_1433,59.99738602,Stroop,31,N
XXXX,neutral,r,red,,,,,0,5,5,4,,,,,r,1,0.567112974,,,,,2017_Sep_29_1433,59.99738602,Stroop,31,N
XXXX,neutral,b,blue,,,,,1,0,6,5,,,,,b,1,0.367140136,,,,,2017_Sep_29_1433,59.99738602,Stroop,31,N
XXXX,neutral,b,blue,,,,,1,1,7,5,,,,,b,1,0.350315057,,,,,2017_Sep_29_1433,59.99738602,Stroop,31,N
RED,incongruent,b,blue,,,,,1,2,8,1,,,,,b,1,0.500381746,,,,,2017_Sep_29_1433,59.99738602,Stroop,31,N
BLUE,congruent,b,blue,,,,,1,3,9,3,,,,,b,1,0.450632743,,,,,2017_Sep_29_1433,59.99738602,Stroop,31,N
RED,incongruent,b,blue,,,,,1,4,10,1,,,,,b,1,0.500372732,,,,,2017_Sep_29_1433,59.99738602,Stroop,31,N
RED,congruent,r,red,,,,,1,5,11,0,,,,,r,1,0.450485814,,,,,2017_Sep_29_1433,59.99738602,Stroop,31,N
BLUE,incongruent,r,red,,,,,2,0,12,2,,,,,r,1,0.55036812,,,,,2017_Sep_29_1433,59.99738602,Stroop,31,N
RED,congruent,r,red,,,,,2,1,13,0,,,,,r,1,0.533670139,,,,,2017_Sep_29_1433,59.99738602,Stroop,31,N
RED,congruent,r,red,,,,,2,2,14,0,,,,,r,1,0.550430317,,,,,2017_Sep_29_1433,59.99738602,Stroop,31,N
BLUE,incongruent,r,red,,,,,2,3,15,2,,,,,r,1,0.533712506,,,,,2017_Sep_29_1433,59.99738602,Stroop,31,N
RED,incongruent,b,blue,,,,,2,4,16,1,,,,,b,1,0.333806973,,,,,2017_Sep_29_1433,59.99738602,Stroop,31,N
XXXX,neutral,r,red,,,,,2,5,17,4,,,,,r,1,0.917601101,,,,,2017_Sep_29_1433,59.99738602,Stroop,31,N
RED,congruent,r,red,,,,,3,0,18,0,,,,,r,1,0.500471887,,,,,2017_Sep_29_1433,59.99738602,Stroop,31,N
XXXX,neutral,b,blue,,,,,3,1,19,5,,,,,b,1,0.433864453,,,,,2017_Sep_29_1433,59.99738602,Stroop,31,N
RED,congruent,r,red,,,,,3,2,20,0,,,,,r,1,0.550362411,,,,,2017_Sep_29_1433,59.99738602,Stroop,31,N
BLUE,congruent,b,blue,,,,,3,3,21,3,,,,,b,1,0.683677937,,,,,2017_Sep_29_1433,59.99738602,Stroop,31,N
BLUE,incongruent,r,red,,,,,3,4,22,2,,,,,r,1,0.350236635,,,,,2017_Sep_29_1433,59.99738602,Stroop,31,N
XXXX,neutral,b,blue,,,,,3,5,23,5,,,,,b,1,0.419483391,,,,,2017_Sep_29_1433,59.99738602,Stroop,31,N
RED,incongruent,b,blue,,,,,4,0,24,1,,,,,b,1,0.567062495,,,,,2017_Sep_29_1433,59.99738602,Stroop,31,N
RED,congruent,r,red,,,,,4,1,25,0,,,,,r,1,0.367151855,,,,,2017_Sep_29_1433,59.99738602,Stroop,31,N
RED,incongruent,b,blue,,,,,4,2,26,1,,,,,b,1,0.46700141,,,,,2017_Sep_29_1433,59.99738602,Stroop,31,N
XXXX,neutral,r,red,,,,,4,3,27,4,,,,,r,1,0.333844231,,,,,2017_Sep_29_1433,59.99738602,Stroop,31,N
RED,incongruent,b,blue,,,,,4,4,28,1,,,,,b,1,0.383679168,,,,,2017_Sep_29_1433,59.99738602,Stroop,31,N
BLUE,congruent,b,blue,,,,,4,5,29,3,,,,,b,1,0.500386854,,,,,2017_Sep_29_1433,59.99738602,Stroop,31,N
BLUE,congruent,b,blue,,,,,5,0,30,3,,,,,b,1,0.500382347,,,,,2017_Sep_29_1433,59.99738602,Stroop,31,N
BLUE,congruent,b,blue,,,,,5,1,31,3,,,,,b,1,0.583253884,,,,,2017_Sep_29_1433,59.99738602,Stroop,31,N
XXXX,neutral,b,blue,,,,,5,2,32,5,,,,,b,1,0.583630673,,,,,2017_Sep_29_1433,59.99738602,Stroop,31,N
XXXX,neutral,r,red,,,,,5,3,33,4,,,,,r,1,0.650363403,,,,,2017_Sep_29_1433,59.99738602,Stroop,31,N
RED,congruent,r,red,,,,,5,4,34,0,,,,,r,1,0.700126528,,,,,2017_Sep_29_1433,59.99738602,Stroop,31,N
RED,incongruent,b,blue,,,,,5,5,35,1,,,,,b,1,0.517356159,,,,,2017_Sep_29_1433,59.99738602,Stroop,31,N
XXXX,neutral,b,blue,,,,,6,0,36,5,,,,,b,1,0.55038074,,,,,2017_Sep_29_1433,59.99738602,Stroop,31,N
XXXX,neutral,b,blue,,,,,6,1,37,5,,,,,b,1,0.550474787,,,,,2017_Sep_29_1433,59.99738602,Stroop,31,N
RED,congruent,r,red,,,,,6,2,38,0,,,,,r,1,0.317114401,,,,,2017_Sep_29_1433,59.99738602,Stroop,31,N
XXXX,neutral,r,red,,,,,6,3,39,4,,,,,r,1,0.700446527,,,,,2017_Sep_29_1433,59.99738602,Stroop,31,N
XXXX,neutral,r,red,,,,,6,4,40,4,,,,,r,1,0.550495519,,,,,2017_Sep_29_1433,59.99738602,Stroop,31,N
RED,incongruent,b,blue,,,,,6,5,41,1,,,,,b,1,0.450423617,,,,,2017_Sep_29_1433,59.99738602,Stroop,31,N
BLUE,congruent,b,blue,,,,,7,0,42,3,,,,,b,1,0.817007284,,,,,2017_Sep_29_1433,59.99738602,Stroop,31,N
XXXX,neutral,r,red,,,,,7,1,43,4,,,,,r,1,0.467163362,,,,,2017_Sep_29_1433,59.99738602,Stroop,31,N
BLUE,incongruent,r,red,,,,,7,2,44,2,,,,,r,1,0.35043194,,,,,2017_Sep_29_1433,59.99738602,Stroop,31,N
RED,congruent,r,red,,,,,7,3,45,0,,,,,r,1,0.46700171,,,,,2017_Sep_29_1433,59.99738602,Stroop,31,N
RED,congruent,r,red,,,,,7,4,46,0,,,,,r,1,0.417039975,,,,,2017_Sep_29_1433,59.99738602,Stroop,31,N
RED,congruent,r,red,,,,,7,5,47,0,,,,,r,1,0.414529854,,,,,2017_Sep_29_1433,59.99738602,Stroop,31,N
RED,incongruent,b,blue,,,,,8,0,48,1,,,,,b,1,0.31717119,,,,,2017_Sep_29_1433,59.99738602,Stroop,31,N
XXXX,neutral,b,blue,,,,,8,1,49,5,,,,,b,1,0.566288786,,,,,2017_Sep_29_1433,59.99738602,Stroop,31,N
XXXX,neutral,b,blue,,,,,8,2,50,5,,,,,b,1,0.417048388,,,,,2017_Sep_29_1433,59.99738602,Stroop,31,N
XXXX,neutral,b,blue,,,,,8,3,51,5,,,,,b,1,0.467246893,,,,,2017_Sep_29_1433,59.99738602,Stroop,31,N
XXXX,neutral,r,red,,,,,8,4,52,4,,,,,r,1,0.41743389,,,,,2017_Sep_29_1433,59.99738602,Stroop,31,N
BLUE,congruent,b,blue,,,,,8,5,53,3,,,,,b,1,0.517010318,,,,,2017_Sep_29_1433,59.99738602,Stroop,31,N
XXXX,neutral,b,blue,,,,,9,0,54,5,,,,,b,1,0.367090859,,,,,2017_Sep_29_1433,59.99738602,Stroop,31,N
RED,incongruent,b,blue,,,,,9,1,55,1,,,,,b,1,0.549777698,,,,,2017_Sep_29_1433,59.99738602,Stroop,31,N
RED,congruent,r,red,,,,,9,2,56,0,,,,,r,1,0.667077909,,,,,2017_Sep_29_1433,59.99738602,Stroop,31,N
BLUE,congruent,b,blue,,,,,9,3,57,3,,,,,b,1,0.583710297,,,,,2017_Sep_29_1433,59.99738602,Stroop,31,N
XXXX,neutral,r,red,,,,,9,4,58,4,,,,,r,1,0.533648506,,,,,2017_Sep_29_1433,59.99738602,Stroop,31,N
XXXX,neutral,r,red,,,,,9,5,59,4,,,,,r,1,0.384007882,,,,,2017_Sep_29_1433,59.99738602,Stroop,31,N
RED,incongruent,b,blue,,,,,10,0,60,1,,,,,b,1,0.650307215,,,,,2017_Sep_29_1433,59.99738602,Stroop,31,N
BLUE,congruent,b,blue,,,,,10,1,61,3,,,,,b,1,0.317082551,,,,,2017_Sep_29_1433,59.99738602,Stroop,31,N
BLUE,incongruent,r,red,,,,,10,2,62,2,,,,,r,1,0.316873425,,,,,2017_Sep_29_1433,59.99738602,Stroop,31,N
XXXX,neutral,b,blue,,,,,10,3,63,5,,,,,b,1,0.316997218,,,,,2017_Sep_29_1433,59.99738602,Stroop,31,N
XXXX,neutral,r,red,,,,,10,4,64,4,,,,,r,1,0.384271994,,,,,2017_Sep_29_1433,59.99738602,Stroop,31,N
BLUE,incongruent,r,red,,,,,10,5,65,2,,,,,r,1,0.4837697,,,,,2017_Sep_29_1433,59.99738602,Stroop,31,N
BLUE,congruent,b,blue,,,,,11,0,66,3,,,,,b,1,0.316975284,,,,,2017_Sep_29_1433,59.99738602,Stroop,31,N
BLUE,congruent,b,blue,,,,,11,1,67,3,,,,,b,1,0.483688573,,,,,2017_Sep_29_1433,59.99738602,Stroop,31,N
BLUE,incongruent,r,red,,,,,11,2,68,2,,,,,r,1,0.467031757,,,,,2017_Sep_29_1433,59.99738602,Stroop,31,N
RED,congruent,r,red,,,,,11,3,69,0,,,,,r,1,0.533589914,,,,,2017_Sep_29_1433,59.99738602,Stroop,31,N
RED,incongruent,b,blue,,,,,11,4,70,1,,,,,b,1,0.533693876,,,,,2017_Sep_29_1433,59.99738602,Stroop,31,N
XXXX,neutral,r,red,,,,,11,5,71,4,,,,,r,1,0.383773516,,,,,2017_Sep_29_1433,59.99738602,Stroop,31,N
BLUE,incongruent,r,red,,,,,12,0,72,2,,,,,r,1,0.567015622,,,,,2017_Sep_29_1433,59.99738602,Stroop,31,N
RED,congruent,r,red,,,,,12,1,73,0,,,,,r,1,0.433698594,,,,,2017_Sep_29_1433,59.99738602,Stroop,31,N
RED,incongruent,b,blue,,,,,12,2,74,1,,,,,b,1,0.283767416,,,,,2017_Sep_29_1433,59.99738602,Stroop,31,N
RED,incongruent,b,blue,,,,,12,3,75,1,,,,,b,1,0.633502868,,,,,2017_Sep_29_1433,59.99738602,Stroop,31,N
RED,incongruent,b,blue,,,,,12,4,76,1,,,,,b,1,0.517130206,,,,,2017_Sep_29_1433,59.99738602,Stroop,31,N
BLUE,incongruent,r,red,,,,,12,5,77,2,,,,,r,1,0.650510633,,,,,2017_Sep_29_1433,59.99738602,Stroop,31,N
RED,congruent,r,red,,,,,13,0,78,0,,,,,r,1,0.550364214,,,,,2017_Sep_29_1433,59.99738602,Stroop,31,N
BLUE,congruent,b,blue,,,,,13,1,79,3,,,,,b,1,0.350371846,,,,,2017_Sep_29_1433,59.99738602,Stroop,31,N
BLUE,incongruent,r,red,,,,,13,2,80,2,,,,,r,1,0.300456082,,,,,2017_Sep_29_1433,59.99738602,Stroop,31,N
RED,incongruent,b,blue,,,,,13,3,81,1,,,,,b,1,0.31761919,,,,,2017_Sep_29_1433,59.99738602,Stroop,31,N
XXXX,neutral,r,red,,,,,13,4,82,4,,,,,r,1,0.516991088,,,,,2017_Sep_29_1433,59.99738602,Stroop,31,N
BLUE,congruent,b,blue,,,,,13,5,83,3,,,,,b,1,0.331077209,,,,,2017_Sep_29_1433,59.99738602,Stroop,31,N
BLUE,congruent,b,blue,,,,,14,0,84,3,,,,,b,1,0.48373755,,,,,2017_Sep_29_1433,59.99738602,Stroop,31,N
RED,congruent,r,red,,,,,14,1,85,0,,,,,r,1,0.333642917,,,,,2017_Sep_29_1433,59.99738602,Stroop,31,N
RED,incongruent,b,blue,,,,,14,2,86,1,,,,,b,1,0.366806615,,,,,2017_Sep_29_1433,59.99738602,Stroop,31,N
BLUE,congruent,b,blue,,,,,14,3,87,3,,,,,b,1,0.650538276,,,,,2017_Sep_29_1433,59.99738602,Stroop,31,N
BLUE,incongruent,r,red,,,,,14,4,88,2,,,,,r,1,0.683748246,,,,,2017_Sep_29_1433,59.99738602,Stroop,31,N
XXXX,neutral,b,blue,,,,,14,5,89,5,,,,,b,1,0.64979852,,,,,2017_Sep_29_1433,59.99738602,Stroop,31,N
RED,incongruent,b,blue,,,,,15,0,90,1,,,,,b,1,0.800374805,,,,,2017_Sep_29_1433,59.99738602,Stroop,31,N
XXXX,neutral,r,red,,,,,15,1,91,4,,,,,r,1,0.383690887,,,,,2017_Sep_29_1433,59.99738602,Stroop,31,N
BLUE,congruent,b,blue,,,,,15,2,92,3,,,,,b,1,0.350422926,,,,,2017_Sep_29_1433,59.99738602,Stroop,31,N
XXXX,neutral,b,blue,,,,,15,3,93,5,,,,,b,1,0.483845418,,,,,2017_Sep_29_1433,59.99738602,Stroop,31,N
BLUE,congruent,b,blue,,,,,15,4,94,3,,,,,b,1,0.450344593,,,,,2017_Sep_29_1433,59.99738602,Stroop,31,N
BLUE,incongruent,r,red,,,,,15,5,95,2,,,,,r,1,0.400407797,,,,,2017_Sep_29_1433,59.99738602,Stroop,31,N
XXXX,neutral,b,blue,,,,,16,0,96,5,,,,,b,1,0.567084429,,,,,2017_Sep_29_1433,59.99738602,Stroop,31,N
BLUE,incongruent,r,red,,,,,16,1,97,2,,,,,r,1,0.366760343,,,,,2017_Sep_29_1433,59.99738602,Stroop,31,N
BLUE,congruent,b,blue,,,,,16,2,98,3,,,,,b,1,0.350445761,,,,,2017_Sep_29_1433,59.99738602,Stroop,31,N
RED,incongruent,b,blue,,,,,16,3,99,1,,,,,b,1,0.400326971,,,,,2017_Sep_29_1433,59.99738602,Stroop,31,N
XXXX,neutral,r,red,,,,,16,4,100,4,,,,,r,1,0.36703377,,,,,2017_Sep_29_1433,59.99738602,Stroop,31,N
XXXX,neutral,b,blue,,,,,16,5,101,5,,,,,b,1,0.467120395,,,,,2017_Sep_29_1433,59.99738602,Stroop,31,N
BLUE,incongruent,r,red,,,,,17,0,102,2,,,,,r,1,0.417157759,,,,,2017_Sep_29_1433,59.99738602,Stroop,31,N
XXXX,neutral,r,red,,,,,17,1,103,4,,,,,r,1,0.633791619,,,,,2017_Sep_29_1433,59.99738602,Stroop,31,N
RED,congruent,r,red,,,,,17,2,104,0,,,,,r,1,0.483722827,,,,,2017_Sep_29_1433,59.99738602,Stroop,31,N
BLUE,incongruent,r,red,,,,,17,3,105,2,,,,,r,1,0.533727829,,,,,2017_Sep_29_1433,59.99738602,Stroop,31,N
XXXX,neutral,r,red,,,,,17,4,106,4,,,,,r,1,0.450480706,,,,,2017_Sep_29_1433,59.99738602,Stroop,31,N
BLUE,congruent,b,blue,,,,,17,5,107,3,,,,,b,1,0.350261574,,,,,2017_Sep_29_1433,59.99738602,Stroop,31,N
BLUE,incongruent,r,red,,,,,18,0,108,2,,,,,r,1,0.633855619,,,,,2017_Sep_29_1433,59.99738602,Stroop,31,N
RED,congruent,r,red,,,,,18,1,109,0,,,,,r,1,0.550372927,,,,,2017_Sep_29_1433,59.99738602,Stroop,31,N
RED,congruent,r,red,,,,,18,2,110,0,,,,,r,1,0.417013233,,,,,2017_Sep_29_1433,59.99738602,Stroop,31,N
BLUE,incongruent,r,red,,,,,18,3,111,2,,,,,r,1,0.833753339,,,,,2017_Sep_29_1433,59.99738602,Stroop,31,N
BLUE,incongruent,r,red,,,,,18,4,112,2,,,,,r,1,0.517298168,,,,,2017_Sep_29_1433,59.99738602,Stroop,31,N
BLUE,congruent,b,blue,,,,,18,5,113,3,,,,,b,1,0.317663659,,,,,2017_Sep_29_1433,59.99738602,Stroop,31,N
XXXX,neutral,b,blue,,,,,19,0,114,5,,,,,b,1,0.333646522,,,,,2017_Sep_29_1433,59.99738602,Stroop,31,N
BLUE,incongruent,r,red,,,,,19,1,115,2,,,,,r,1,0.416996106,,,,,2017_Sep_29_1433,59.99738602,Stroop,31,N
XXXX,neutral,b,blue,,,,,19,2,116,5,,,,,b,1,0.516976365,,,,,2017_Sep_29_1433,59.99738602,Stroop,31,N
XXXX,neutral,r,red,,,,,19,3,117,4,,,,,r,1,0.383768408,,,,,2017_Sep_29_1433,59.99738602,Stroop,31,N
BLUE,congruent,b,blue,,,,,19,4,118,3,,,,,b,1,0.433668246,,,,,2017_Sep_29_1433,59.99738602,Stroop,31,N
XXXX,neutral,r,red,,,,,19,5,119,4,,,,,r,1,0.35036794,,,,,2017_Sep_29_1433,59.99738602,Stroop,31,N
XXXX,neutral,b,blue,,,,,20,0,120,5,,,,,b,1,0.317095471,,,,,2017_Sep_29_1433,59.99738602,Stroop,31,N
XXXX,neutral,b,blue,,,,,20,1,121,5,,,,,b,1,0.433720528,,,,,2017_Sep_29_1433,59.99738602,Stroop,31,N
XXXX,neutral,r,red,,,,,20,2,122,4,,,,,r,1,0.516826131,,,,,2017_Sep_29_1433,59.99738602,Stroop,31,N
RED,congruent,r,red,,,,,20,3,123,0,,,,,r,1,0.547701755,,,,,2017_Sep_29_1433,59.99738602,Stroop,31,N
XXXX,neutral,b,blue,,,,,20,4,124,5,,,,,b,1,0.369745205,,,,,2017_Sep_29_1433,59.99738602,Stroop,31,N
XXXX,neutral,r,red,,,,,20,5,125,4,,,,,r,1,0.533722121,,,,,2017_Sep_29_1433,59.99738602,Stroop,31,N
BLUE,incongruent,r,red,,,,,21,0,126,2,,,,,r,1,0.4837057,,,,,2017_Sep_29_1433,59.99738602,Stroop,31,N
BLUE,congruent,b,blue,,,,,21,1,127,3,,,,,b,1,0.58362256,,,,,2017_Sep_29_1433,59.99738602,Stroop,31,N
BLUE,incongruent,r,red,,,,,21,2,128,2,,,,,r,1,0.401022257,,,,,2017_Sep_29_1433,59.99738602,Stroop,31,N
BLUE,incongruent,r,red,,,,,21,3,129,2,,,,,r,1,0.433652322,,,,,2017_Sep_29_1433,59.99738602,Stroop,31,N
XXXX,neutral,b,blue,,,,,21,4,130,5,,,,,b,1,0.333798259,,,,,2017_Sep_29_1433,59.99738602,Stroop,31,N
RED,incongruent,b,blue,,,,,21,5,131,1,,,,,b,1,0.350357724,,,,,2017_Sep_29_1433,59.99738602,Stroop,31,N
RED,incongruent,b,blue,,,,,22,0,132,1,,,,,b,1,0.500374235,,,,,2017_Sep_29_1433,59.99738602,Stroop,31,N
XXXX,neutral,r,red,,,,,22,1,133,4,,,,,r,1,0.350322569,,,,,2017_Sep_29_1433,59.99738602,Stroop,31,N
XXXX,neutral,r,red,,,,,22,2,134,4,,,,,r,1,0.417083843,,,,,2017_Sep_29_1433,59.99738602,Stroop,31,N
XXXX,neutral,r,red,,,,,22,3,135,4,,,,,r,1,0.451107785,,,,,2017_Sep_29_1433,59.99738602,Stroop,31,N
BLUE,incongruent,r,red,,,,,22,4,136,2,,,,,r,1,0.664075319,,,,,2017_Sep_29_1433,59.99738602,Stroop,31,N
BLUE,congruent,b,blue,,,,,22,5,137,3,,,,,b,1,0.400338389,,,,,2017_Sep_29_1433,59.99738602,Stroop,31,N
BLUE,congruent,b,blue,,,,,23,0,138,3,,,,,b,1,0.500297915,,,,,2017_Sep_29_1433,59.99738602,Stroop,31,N
RED,incongruent,b,blue,,,,,23,1,139,1,,,,,b,1,0.583677846,,,,,2017_Sep_29_1433,59.99738602,Stroop,31,N
RED,incongruent,b,blue,,,,,23,2,140,1,,,,,b,1,0.433535739,,,,,2017_Sep_29_1433,59.99738602,Stroop,31,N
RED,congruent,r,red,,,,,23,3,141,0,,,,,r,1,0.500387756,,,,,2017_Sep_29_1433,59.99738602,Stroop,31,N
RED,congruent,r,red,,,,,23,4,142,0,,,,,r,1,0.433670049,,,,,2017_Sep_29_1433,59.99738602,Stroop,31,N
BLUE,incongruent,r,red,,,,,23,5,143,2,,,,,r,1,0.400514764,,,,,2017_Sep_29_1433,59.99738602,Stroop,31,N
XXXX,neutral,b,blue,,,,,24,0,144,5,,,,,b,1,0.467291663,,,,,2017_Sep_29_1433,59.99738602,Stroop,31,N
RED,congruent,r,red,,,,,24,1,145,0,,,,,r,1,0.550591068,,,,,2017_Sep_29_1433,59.99738602,Stroop,31,N
RED,incongruent,b,blue,,,,,24,2,146,1,,,,,r,0,0.533678552,,,,,2017_Sep_29_1433,59.99738602,Stroop,31,N
XXXX,neutral,r,red,,,,,24,3,147,4,,,,,r,1,0.583823874,,,,,2017_Sep_29_1433,59.99738602,Stroop,31,N
BLUE,congruent,b,blue,,,,,24,4,148,3,,,,,b,1,0.483747465,,,,,2017_Sep_29_1433,59.99738602,Stroop,31,N
RED,incongruent,b,blue,,,,,24,5,149,1,,,,,b,1,0.781331962,,,,,2017_Sep_29_1433,59.99738602,Stroop,31,N
,,,,,,,,,,,,,,,,,,,,,space,15.24956079,2017_Sep_29_1433,59.99738602,Stroop,31,N
