word,type,correct,ink,Practice.thisRepN,Practice.thisTrialN,Practice.thisN,Practice.thisIndex,trials.thisRepN,trials.thisTrialN,trials.thisN,trials.thisIndex,ready_to_continue.keys,ready_to_continue.rt,key_resp_2.keys,key_resp_2.rt,Response.keys,Response.corr,Response.rt,begin_exp.keys,begin_exp.rt,finished.keys,finished.rt,date,frameRate,expName,participant,condition,
,,,,,,,,,,,,b,38.3323743355,,,,,,,,,,2017_Oct_02_1314,59.7648822862,Stroop,34,N,
,,,,,,,,,,,,,,b,3.48361405684,,,,,,,,2017_Oct_02_1314,59.7648822862,Stroop,34,N,
XXXX,neutral,r,red,0,0,0,4,,,,,,,,,r,1,0.783656092477,,,,,2017_Oct_02_1314,59.7648822862,Stroop,34,N,
RED,incongruent,b,blue,0,1,1,1,,,,,,,,,b,1,0.786191452411,,,,,2017_Oct_02_1314,59.7648822862,Stroop,34,N,
BLUE,congruent,b,blue,0,2,2,3,,,,,,,,,b,1,0.450495128403,,,,,2017_Oct_02_1314,59.7648822862,Stroop,34,N,
BLUE,incongruent,r,red,0,3,3,2,,,,,,,,,r,1,0.516806299798,,,,,2017_Oct_02_1314,59.7648822862,Stroop,34,N,
XXXX,neutral,b,blue,0,4,4,5,,,,,,,,,b,1,0.364505020319,,,,,2017_Oct_02_1314,59.7648822862,Stroop,34,N,
RED,congruent,r,red,0,5,5,0,,,,,,,,,r,1,0.747611494502,,,,,2017_Oct_02_1314,59.7648822862,Stroop,34,N,
XXXX,neutral,b,blue,1,0,6,5,,,,,,,,,b,1,0.402965992573,,,,,2017_Oct_02_1314,59.7648822862,Stroop,34,N,
RED,incongruent,b,blue,1,1,7,1,,,,,,,,,b,1,0.430912341923,,,,,2017_Oct_02_1314,59.7648822862,Stroop,34,N,
RED,congruent,r,red,1,2,8,0,,,,,,,,,r,1,0.450688630575,,,,,2017_Oct_02_1314,59.7648822862,Stroop,34,N,
BLUE,congruent,b,blue,1,3,9,3,,,,,,,,,b,1,0.386246077833,,,,,2017_Oct_02_1314,59.7648822862,Stroop,34,N,
XXXX,neutral,r,red,1,4,10,4,,,,,,,,,r,1,0.45310019725,,,,,2017_Oct_02_1314,59.7648822862,Stroop,34,N,
BLUE,incongruent,r,red,1,5,11,2,,,,,,,,,r,1,0.664332821383,,,,,2017_Oct_02_1314,59.7648822862,Stroop,34,N,
,,,,,,,,,,,,,,,,,,,b,4.66421083082,,,2017_Oct_02_1314,59.7648822862,Stroop,34,N,
RED,congruent,r,red,,,,,0,0,0,0,,,,,r,1,0.586290727486,,,,,2017_Oct_02_1314,59.7648822862,Stroop,34,N,
BLUE,congruent,b,blue,,,,,0,1,1,3,,,,,b,1,0.43113859545,,,,,2017_Oct_02_1314,59.7648822862,Stroop,34,N,
RED,incongruent,b,blue,,,,,0,2,2,1,,,,,b,1,0.486338712391,,,,,2017_Oct_02_1314,59.7648822862,Stroop,34,N,
RED,incongruent,b,blue,,,,,0,3,3,1,,,,,b,1,0.483705399442,,,,,2017_Oct_02_1314,59.7648822862,Stroop,34,N,
BLUE,congruent,b,blue,,,,,0,4,4,3,,,,,b,1,0.483741455711,,,,,2017_Oct_02_1314,59.7648822862,Stroop,34,N,
RED,congruent,r,red,,,,,0,5,5,0,,,,,r,1,0.467111681704,,,,,2017_Oct_02_1314,59.7648822862,Stroop,34,N,
RED,incongruent,b,blue,,,,,1,0,6,1,,,,,b,1,0.800400946289,,,,,2017_Oct_02_1314,59.7648822862,Stroop,34,N,
BLUE,congruent,b,blue,,,,,1,1,7,3,,,,,b,1,0.381194287329,,,,,2017_Oct_02_1314,59.7648822862,Stroop,34,N,
BLUE,congruent,b,blue,,,,,1,2,8,3,,,,,b,1,0.45083255542,,,,,2017_Oct_02_1314,59.7648822862,Stroop,34,N,
RED,congruent,r,red,,,,,1,3,9,0,,,,,r,1,0.603133834782,,,,,2017_Oct_02_1314,59.7648822862,Stroop,34,N,
RED,incongruent,b,blue,,,,,1,4,10,1,,,,,b,1,0.550410486059,,,,,2017_Oct_02_1314,59.7648822862,Stroop,34,N,
RED,congruent,r,red,,,,,1,5,11,0,,,,,r,1,0.436475531198,,,,,2017_Oct_02_1314,59.7648822862,Stroop,34,N,
BLUE,congruent,b,blue,,,,,2,0,12,3,,,,,b,1,0.350280803628,,,,,2017_Oct_02_1314,59.7648822862,Stroop,34,N,
XXXX,neutral,b,blue,,,,,2,1,13,5,,,,,b,1,0.3837699102,,,,,2017_Oct_02_1314,59.7648822862,Stroop,34,N,
RED,incongruent,b,blue,,,,,2,2,14,1,,,,,b,1,0.453453549067,,,,,2017_Oct_02_1314,59.7648822862,Stroop,34,N,
BLUE,congruent,b,blue,,,,,2,3,15,3,,,,,b,1,0.400051139877,,,,,2017_Oct_02_1314,59.7648822862,Stroop,34,N,
RED,congruent,r,red,,,,,2,4,16,0,,,,,r,1,0.333847536473,,,,,2017_Oct_02_1314,59.7648822862,Stroop,34,N,
RED,incongruent,b,blue,,,,,2,5,17,1,,,,,b,1,0.433623476536,,,,,2017_Oct_02_1314,59.7648822862,Stroop,34,N,
RED,incongruent,b,blue,,,,,3,0,18,1,,,,,b,1,0.4672598131,,,,,2017_Oct_02_1314,59.7648822862,Stroop,34,N,
RED,congruent,r,red,,,,,3,1,19,0,,,,,r,1,0.502935134456,,,,,2017_Oct_02_1314,59.7648822862,Stroop,34,N,
XXXX,neutral,b,blue,,,,,3,2,20,5,,,,,b,1,0.433713316801,,,,,2017_Oct_02_1314,59.7648822862,Stroop,34,N,
XXXX,neutral,r,red,,,,,3,3,21,4,,,,,r,1,0.46454086632,,,,,2017_Oct_02_1314,59.7648822862,Stroop,34,N,
BLUE,incongruent,r,red,,,,,3,4,22,2,,,,,r,1,0.500397370663,,,,,2017_Oct_02_1314,59.7648822862,Stroop,34,N,
RED,incongruent,b,blue,,,,,3,5,23,1,,,,,b,1,0.417348256218,,,,,2017_Oct_02_1314,59.7648822862,Stroop,34,N,
BLUE,congruent,b,blue,,,,,4,0,24,3,,,,,b,1,0.450456067338,,,,,2017_Oct_02_1314,59.7648822862,Stroop,34,N,
RED,congruent,r,red,,,,,4,1,25,0,,,,,r,1,0.450433532242,,,,,2017_Oct_02_1314,59.7648822862,Stroop,34,N,
BLUE,incongruent,r,red,,,,,4,2,26,2,,,,,r,1,0.433871664223,,,,,2017_Oct_02_1314,59.7648822862,Stroop,34,N,
RED,congruent,r,red,,,,,4,3,27,0,,,,,r,1,0.450366527541,,,,,2017_Oct_02_1314,59.7648822862,Stroop,34,N,
RED,congruent,r,red,,,,,4,4,28,0,,,,,r,1,0.416344688856,,,,,2017_Oct_02_1314,59.7648822862,Stroop,34,N,
BLUE,incongruent,r,red,,,,,4,5,29,2,,,,,r,1,0.433755983482,,,,,2017_Oct_02_1314,59.7648822862,Stroop,34,N,
XXXX,neutral,b,blue,,,,,5,0,30,5,,,,,b,1,0.514410357573,,,,,2017_Oct_02_1314,59.7648822862,Stroop,34,N,
BLUE,incongruent,r,red,,,,,5,1,31,2,,,,,r,1,0.51729245903,,,,,2017_Oct_02_1314,59.7648822862,Stroop,34,N,
BLUE,incongruent,r,red,,,,,5,2,32,2,,,,,r,1,0.436474028858,,,,,2017_Oct_02_1314,59.7648822862,Stroop,34,N,
BLUE,incongruent,r,red,,,,,5,3,33,2,,,,,r,1,0.43375778629,,,,,2017_Oct_02_1314,59.7648822862,Stroop,34,N,
XXXX,neutral,r,red,,,,,5,4,34,4,,,,,r,1,0.400158707867,,,,,2017_Oct_02_1314,59.7648822862,Stroop,34,N,
RED,incongruent,b,blue,,,,,5,5,35,1,,,,,b,1,0.597774063353,,,,,2017_Oct_02_1314,59.7648822862,Stroop,34,N,
XXXX,neutral,b,blue,,,,,6,0,36,5,,,,,b,1,0.500376938726,,,,,2017_Oct_02_1314,59.7648822862,Stroop,34,N,
RED,congruent,r,red,,,,,6,1,37,0,,,,,r,1,0.433736452949,,,,,2017_Oct_02_1314,59.7648822862,Stroop,34,N,
XXXX,neutral,r,red,,,,,6,2,38,4,,,,,r,1,0.56699639163,,,,,2017_Oct_02_1314,59.7648822862,Stroop,34,N,
RED,incongruent,b,blue,,,,,6,3,39,1,,,,,b,1,0.550380439148,,,,,2017_Oct_02_1314,59.7648822862,Stroop,34,N,
BLUE,congruent,b,blue,,,,,6,4,40,3,,,,,b,1,0.414395544445,,,,,2017_Oct_02_1314,59.7648822862,Stroop,34,N,
XXXX,neutral,b,blue,,,,,6,5,41,5,,,,,b,1,0.400246144505,,,,,2017_Oct_02_1314,59.7648822862,Stroop,34,N,
BLUE,incongruent,r,red,,,,,7,0,42,2,,,,,r,1,0.33112167893,,,,,2017_Oct_02_1314,59.7648822862,Stroop,34,N,
RED,incongruent,b,blue,,,,,7,1,43,1,,,,,b,1,0.384276201017,,,,,2017_Oct_02_1314,59.7648822862,Stroop,34,N,
BLUE,incongruent,r,red,,,,,7,2,44,2,,,,,r,1,0.582955518272,,,,,2017_Oct_02_1314,59.7648822862,Stroop,34,N,
RED,incongruent,b,blue,,,,,7,3,45,1,,,,,b,1,0.333649527165,,,,,2017_Oct_02_1314,59.7648822862,Stroop,34,N,
BLUE,incongruent,r,red,,,,,7,4,46,2,,,,,r,1,1.08373178064,,,,,2017_Oct_02_1314,59.7648822862,Stroop,34,N,
XXXX,neutral,r,red,,,,,7,5,47,4,,,,,r,1,0.533776805969,,,,,2017_Oct_02_1314,59.7648822862,Stroop,34,N,
BLUE,incongruent,r,red,,,,,8,0,48,2,,,,,r,1,0.516798787983,,,,,2017_Oct_02_1314,59.7648822862,Stroop,34,N,
XXXX,neutral,b,blue,,,,,8,1,49,5,,,,,b,1,0.397656399524,,,,,2017_Oct_02_1314,59.7648822862,Stroop,34,N,
BLUE,congruent,b,blue,,,,,8,2,50,3,,,,,b,1,0.433600640856,,,,,2017_Oct_02_1314,59.7648822862,Stroop,34,N,
RED,congruent,r,red,,,,,8,3,51,0,,,,,r,1,0.333811780671,,,,,2017_Oct_02_1314,59.7648822862,Stroop,34,N,
XXXX,neutral,r,red,,,,,8,4,52,4,,,,,r,1,0.450396574335,,,,,2017_Oct_02_1314,59.7648822862,Stroop,34,N,
BLUE,congruent,b,blue,,,,,8,5,53,3,,,,,b,1,0.466962949489,,,,,2017_Oct_02_1314,59.7648822862,Stroop,34,N,
BLUE,incongruent,r,red,,,,,9,0,54,2,,,,,r,1,0.283741575899,,,,,2017_Oct_02_1314,59.7648822862,Stroop,34,N,
RED,congruent,r,red,,,,,9,1,55,0,,,,,r,1,0.414296389557,,,,,2017_Oct_02_1314,59.7648822862,Stroop,34,N,
RED,congruent,r,red,,,,,9,2,56,0,,,,,r,1,0.464651739574,,,,,2017_Oct_02_1314,59.7648822862,Stroop,34,N,
RED,congruent,r,red,,,,,9,3,57,0,,,,,r,1,0.367137431982,,,,,2017_Oct_02_1314,59.7648822862,Stroop,34,N,
XXXX,neutral,r,red,,,,,9,4,58,4,,,,,r,1,0.483696084935,,,,,2017_Oct_02_1314,59.7648822862,Stroop,34,N,
RED,congruent,r,red,,,,,9,5,59,0,,,,,r,1,0.533850120497,,,,,2017_Oct_02_1314,59.7648822862,Stroop,34,N,
XXXX,neutral,r,red,,,,,10,0,60,4,,,,,r,1,0.380963527015,,,,,2017_Oct_02_1314,59.7648822862,Stroop,34,N,
RED,incongruent,b,blue,,,,,10,1,61,1,,,,,b,1,0.414591450361,,,,,2017_Oct_02_1314,59.7648822862,Stroop,34,N,
BLUE,incongruent,r,red,,,,,10,2,62,2,,,,,r,1,0.533825482009,,,,,2017_Oct_02_1314,59.7648822862,Stroop,34,N,
BLUE,congruent,b,blue,,,,,10,3,63,3,,,,,b,1,0.387011974002,,,,,2017_Oct_02_1314,59.7648822862,Stroop,34,N,
BLUE,congruent,b,blue,,,,,10,4,64,3,,,,,b,1,0.364484588499,,,,,2017_Oct_02_1314,59.7648822862,Stroop,34,N,
BLUE,incongruent,r,red,,,,,10,5,65,2,,,,,r,1,0.500385952764,,,,,2017_Oct_02_1314,59.7648822862,Stroop,34,N,
XXXX,neutral,b,blue,,,,,11,0,66,5,,,,,b,1,0.550514448434,,,,,2017_Oct_02_1314,59.7648822862,Stroop,34,N,
XXXX,neutral,r,red,,,,,11,1,67,4,,,,,r,1,0.417023448972,,,,,2017_Oct_02_1314,59.7648822862,Stroop,34,N,
RED,congruent,r,red,,,,,11,2,68,0,,,,,r,1,0.450551015558,,,,,2017_Oct_02_1314,59.7648822862,Stroop,34,N,
XXXX,neutral,r,red,,,,,11,3,69,4,,,,,r,1,0.483714713948,,,,,2017_Oct_02_1314,59.7648822862,Stroop,34,N,
XXXX,neutral,b,blue,,,,,11,4,70,5,,,,,b,1,0.417094960576,,,,,2017_Oct_02_1314,59.7648822862,Stroop,34,N,
XXXX,neutral,b,blue,,,,,11,5,71,5,,,,,b,1,0.433795044431,,,,,2017_Oct_02_1314,59.7648822862,Stroop,34,N,
XXXX,neutral,r,red,,,,,12,0,72,4,,,,,r,1,0.331158336252,,,,,2017_Oct_02_1314,59.7648822862,Stroop,34,N,
RED,incongruent,b,blue,,,,,12,1,73,1,,,,,b,1,0.350496240077,,,,,2017_Oct_02_1314,59.7648822862,Stroop,34,N,
XXXX,neutral,r,red,,,,,12,2,74,4,,,,,r,1,0.367730558384,,,,,2017_Oct_02_1314,59.7648822862,Stroop,34,N,
XXXX,neutral,b,blue,,,,,12,3,75,5,,,,,b,1,0.550365115283,,,,,2017_Oct_02_1314,59.7648822862,Stroop,34,N,
BLUE,incongruent,r,red,,,,,12,4,76,2,,,,,r,1,0.617047366221,,,,,2017_Oct_02_1314,59.7648822862,Stroop,34,N,
XXXX,neutral,r,red,,,,,12,5,77,4,,,,,r,1,0.400154200848,,,,,2017_Oct_02_1314,59.7648822862,Stroop,34,N,
XXXX,neutral,b,blue,,,,,13,0,78,5,,,,,b,1,0.533998251776,,,,,2017_Oct_02_1314,59.7648822862,Stroop,34,N,
XXXX,neutral,b,blue,,,,,13,1,79,5,,,,,b,1,0.550383744412,,,,,2017_Oct_02_1314,59.7648822862,Stroop,34,N,
BLUE,congruent,b,blue,,,,,13,2,80,3,,,,,b,1,0.403016771888,,,,,2017_Oct_02_1314,59.7648822862,Stroop,34,N,
BLUE,incongruent,r,red,,,,,13,3,81,2,,,,,r,1,0.597727190121,,,,,2017_Oct_02_1314,59.7648822862,Stroop,34,N,
BLUE,congruent,b,blue,,,,,13,4,82,3,,,,,b,1,0.481115354109,,,,,2017_Oct_02_1314,59.7648822862,Stroop,34,N,
BLUE,incongruent,r,red,,,,,13,5,83,2,,,,,r,1,0.667294547311,,,,,2017_Oct_02_1314,59.7648822862,Stroop,34,N,
BLUE,congruent,b,blue,,,,,14,0,84,3,,,,,b,1,0.447694153525,,,,,2017_Oct_02_1314,59.7648822862,Stroop,34,N,
BLUE,incongruent,r,red,,,,,14,1,85,2,,,,,r,1,0.719528431422,,,,,2017_Oct_02_1314,59.7648822862,Stroop,34,N,
BLUE,congruent,b,blue,,,,,14,2,86,3,,,,,b,1,0.533810158027,,,,,2017_Oct_02_1314,59.7648822862,Stroop,34,N,
XXXX,neutral,b,blue,,,,,14,3,87,5,,,,,b,1,0.566823621863,,,,,2017_Oct_02_1314,59.7648822862,Stroop,34,N,
RED,congruent,r,red,,,,,14,4,88,0,,,,,r,1,0.533685162896,,,,,2017_Oct_02_1314,59.7648822862,Stroop,34,N,
RED,incongruent,b,blue,,,,,14,5,89,1,,,,,b,1,0.936010554899,,,,,2017_Oct_02_1314,59.7648822862,Stroop,34,N,
BLUE,congruent,b,blue,,,,,15,0,90,3,,,,,b,1,0.436409127433,,,,,2017_Oct_02_1314,59.7648822862,Stroop,34,N,
XXXX,neutral,b,blue,,,,,15,1,91,5,,,,,b,1,0.533730233205,,,,,2017_Oct_02_1314,59.7648822862,Stroop,34,N,
XXXX,neutral,r,red,,,,,15,2,92,4,,,,,r,1,0.466847869684,,,,,2017_Oct_02_1314,59.7648822862,Stroop,34,N,
XXXX,neutral,b,blue,,,,,15,3,93,5,,,,,b,1,0.533509989269,,,,,2017_Oct_02_1314,59.7648822862,Stroop,34,N,
XXXX,neutral,b,blue,,,,,15,4,94,5,,,,,b,1,0.516835745657,,,,,2017_Oct_02_1314,59.7648822862,Stroop,34,N,
BLUE,congruent,b,blue,,,,,15,5,95,3,,,,,b,1,0.583631574176,,,,,2017_Oct_02_1314,59.7648822862,Stroop,34,N,
RED,congruent,r,red,,,,,16,0,96,0,,,,,r,1,0.450446151895,,,,,2017_Oct_02_1314,59.7648822862,Stroop,34,N,
RED,incongruent,b,blue,,,,,16,1,97,1,,,,,b,1,0.600513742422,,,,,2017_Oct_02_1314,59.7648822862,Stroop,34,N,
BLUE,congruent,b,blue,,,,,16,2,98,3,,,,,b,1,0.481036631158,,,,,2017_Oct_02_1314,59.7648822862,Stroop,34,N,
XXXX,neutral,r,red,,,,,16,3,99,4,,,,,r,1,0.450388762169,,,,,2017_Oct_02_1314,59.7648822862,Stroop,34,N,
XXXX,neutral,r,red,,,,,16,4,100,4,,,,,r,1,0.486387688899,,,,,2017_Oct_02_1314,59.7648822862,Stroop,34,N,
XXXX,neutral,b,blue,,,,,16,5,101,5,,,,,b,1,0.750396844815,,,,,2017_Oct_02_1314,59.7648822862,Stroop,34,N,
XXXX,neutral,r,red,,,,,17,0,102,4,,,,,r,1,0.700307710678,,,,,2017_Oct_02_1314,59.7648822862,Stroop,34,N,
RED,congruent,r,red,,,,,17,1,103,0,,,,,r,1,0.567182983155,,,,,2017_Oct_02_1314,59.7648822862,Stroop,34,N,
BLUE,incongruent,r,red,,,,,17,2,104,2,,,,,r,1,0.536381574348,,,,,2017_Oct_02_1314,59.7648822862,Stroop,34,N,
XXXX,neutral,b,blue,,,,,17,3,105,5,,,,,b,1,0.417067017057,,,,,2017_Oct_02_1314,59.7648822862,Stroop,34,N,
RED,incongruent,b,blue,,,,,17,4,106,1,,,,,b,1,0.616964737186,,,,,2017_Oct_02_1314,59.7648822862,Stroop,34,N,
XXXX,neutral,b,blue,,,,,17,5,107,5,,,,,b,1,0.70045554149,,,,,2017_Oct_02_1314,59.7648822862,Stroop,34,N,
XXXX,neutral,r,red,,,,,18,0,108,4,,,,,r,1,0.536399302073,,,,,2017_Oct_02_1314,59.7648822862,Stroop,34,N,
RED,congruent,r,red,,,,,18,1,109,0,,,,,r,1,0.531020601164,,,,,2017_Oct_02_1314,59.7648822862,Stroop,34,N,
RED,congruent,r,red,,,,,18,2,110,0,,,,,r,1,0.533745256718,,,,,2017_Oct_02_1314,59.7648822862,Stroop,34,N,
RED,incongruent,b,blue,,,,,18,3,111,1,,,,,b,1,0.550419199746,,,,,2017_Oct_02_1314,59.7648822862,Stroop,34,N,
XXXX,neutral,r,red,,,,,18,4,112,4,,,,,r,1,0.600396258873,,,,,2017_Oct_02_1314,59.7648822862,Stroop,34,N,
RED,congruent,r,red,,,,,18,5,113,0,,,,,r,1,0.500572243822,,,,,2017_Oct_02_1314,59.7648822862,Stroop,34,N,
BLUE,incongruent,r,red,,,,,19,0,114,2,,,,,b,0,0.983756929985,,,,,2017_Oct_02_1314,59.7648822862,Stroop,34,N,
BLUE,congruent,b,blue,,,,,19,1,115,3,,,,,b,1,0.74959038524,,,,,2017_Oct_02_1314,59.7648822862,Stroop,34,N,
RED,incongruent,b,blue,,,,,19,2,116,1,,,,,b,1,1.03085489233,,,,,2017_Oct_02_1314,59.7648822862,Stroop,34,N,
BLUE,incongruent,r,red,,,,,19,3,117,2,,,,,r,1,0.935833578464,,,,,2017_Oct_02_1314,59.7648822862,Stroop,34,N,
XXXX,neutral,b,blue,,,,,19,4,118,5,,,,,b,1,0.783813838847,,,,,2017_Oct_02_1314,59.7648822862,Stroop,34,N,
XXXX,neutral,r,red,,,,,19,5,119,4,,,,,r,1,0.65032554348,,,,,2017_Oct_02_1314,59.7648822862,Stroop,34,N,
RED,incongruent,b,blue,,,,,20,0,120,1,,,,,b,1,0.780863230349,,,,,2017_Oct_02_1314,59.7648822862,Stroop,34,N,
RED,incongruent,b,blue,,,,,20,1,121,1,,,,,b,1,0.483816873631,,,,,2017_Oct_02_1314,59.7648822862,Stroop,34,N,
RED,incongruent,b,blue,,,,,20,2,122,1,,,,,b,1,0.400509656058,,,,,2017_Oct_02_1314,59.7648822862,Stroop,34,N,
BLUE,incongruent,r,red,,,,,20,3,123,2,,,,,r,1,0.566777649918,,,,,2017_Oct_02_1314,59.7648822862,Stroop,34,N,
BLUE,incongruent,r,red,,,,,20,4,124,2,,,,,r,1,0.653295382042,,,,,2017_Oct_02_1314,59.7648822862,Stroop,34,N,
BLUE,incongruent,r,red,,,,,20,5,125,2,,,,,r,1,0.619710726198,,,,,2017_Oct_02_1314,59.7648822862,Stroop,34,N,
RED,incongruent,b,blue,,,,,21,0,126,1,,,,,b,1,0.716920958832,,,,,2017_Oct_02_1314,59.7648822862,Stroop,34,N,
BLUE,incongruent,r,red,,,,,21,1,127,2,,,,,r,1,0.781566929305,,,,,2017_Oct_02_1314,59.7648822862,Stroop,34,N,
XXXX,neutral,b,blue,,,,,21,2,128,5,,,,,b,1,0.467063907068,,,,,2017_Oct_02_1314,59.7648822862,Stroop,34,N,
BLUE,incongruent,r,red,,,,,21,3,129,2,,,,,r,1,0.486402411945,,,,,2017_Oct_02_1314,59.7648822862,Stroop,34,N,
RED,congruent,r,red,,,,,21,4,130,0,,,,,r,1,0.433726236923,,,,,2017_Oct_02_1314,59.7648822862,Stroop,34,N,
XXXX,neutral,r,red,,,,,21,5,131,4,,,,,r,1,0.533736543148,,,,,2017_Oct_02_1314,59.7648822862,Stroop,34,N,
XXXX,neutral,r,red,,,,,22,0,132,4,,,,,r,1,0.453044610447,,,,,2017_Oct_02_1314,59.7648822862,Stroop,34,N,
RED,incongruent,b,blue,,,,,22,1,133,1,,,,,b,1,0.369309825008,,,,,2017_Oct_02_1314,59.7648822862,Stroop,34,N,
BLUE,congruent,b,blue,,,,,22,2,134,3,,,,,b,1,0.452952366322,,,,,2017_Oct_02_1314,59.7648822862,Stroop,34,N,
BLUE,congruent,b,blue,,,,,22,3,135,3,,,,,b,1,0.497780283098,,,,,2017_Oct_02_1314,59.7648822862,Stroop,34,N,
XXXX,neutral,r,red,,,,,22,4,136,4,,,,,r,1,0.483723127167,,,,,2017_Oct_02_1314,59.7648822862,Stroop,34,N,
BLUE,congruent,b,blue,,,,,22,5,137,3,,,,,b,1,0.517103463877,,,,,2017_Oct_02_1314,59.7648822862,Stroop,34,N,
XXXX,neutral,b,blue,,,,,23,0,138,5,,,,,b,1,0.469725464121,,,,,2017_Oct_02_1314,59.7648822862,Stroop,34,N,
XXXX,neutral,b,blue,,,,,23,1,139,5,,,,,b,1,0.600313028903,,,,,2017_Oct_02_1314,59.7648822862,Stroop,34,N,
XXXX,neutral,r,red,,,,,23,2,140,4,,,,,r,1,0.547730600461,,,,,2017_Oct_02_1314,59.7648822862,Stroop,34,N,
BLUE,congruent,b,blue,,,,,23,3,141,3,,,,,b,1,0.497687738389,,,,,2017_Oct_02_1314,59.7648822862,Stroop,34,N,
XXXX,neutral,r,red,,,,,23,4,142,4,,,,,r,1,0.517032553209,,,,,2017_Oct_02_1314,59.7648822862,Stroop,34,N,
BLUE,congruent,b,blue,,,,,23,5,143,3,,,,,b,1,0.51705148269,,,,,2017_Oct_02_1314,59.7648822862,Stroop,34,N,
XXXX,neutral,b,blue,,,,,24,0,144,5,,,,,b,1,0.433711213525,,,,,2017_Oct_02_1314,59.7648822862,Stroop,34,N,
RED,congruent,r,red,,,,,24,1,145,0,,,,,r,1,0.517056590645,,,,,2017_Oct_02_1314,59.7648822862,Stroop,34,N,
XXXX,neutral,b,blue,,,,,24,2,146,5,,,,,b,1,0.483759484021,,,,,2017_Oct_02_1314,59.7648822862,Stroop,34,N,
RED,congruent,r,red,,,,,24,3,147,0,,,,,r,1,0.41714153334,,,,,2017_Oct_02_1314,59.7648822862,Stroop,34,N,
RED,incongruent,b,blue,,,,,24,4,148,1,,,,,r,0,0.55309187423,,,,,2017_Oct_02_1314,59.7648822862,Stroop,34,N,
XXXX,neutral,r,red,,,,,24,5,149,4,,,,,r,1,0.852925384184,,,,,2017_Oct_02_1314,59.7648822862,Stroop,34,N,
,,,,,,,,,,,,,,,,,,,,,b,115.962876417,2017_Oct_02_1314,59.7648822862,Stroop,34,N,
