word,type,correct,ink,Practice.thisRepN,Practice.thisTrialN,Practice.thisN,Practice.thisIndex,trials.thisRepN,trials.thisTrialN,trials.thisN,trials.thisIndex,ready_to_continue.keys,ready_to_continue.rt,key_resp_2.keys,key_resp_2.rt,Response.keys,Response.corr,Response.rt,begin_exp.keys,begin_exp.rt,finished.keys,finished.rt,date,frameRate,expName,participant,condition,
,,,,,,,,,,,,r,33.3492306633,,,,,,,,,,2017_Oct_02_1326,59.9068850502,Stroop,35,N,
,,,,,,,,,,,,,,r,3.93370655621,,,,,,,,2017_Oct_02_1326,59.9068850502,Stroop,35,N,
RED,incongruent,b,blue,0,0,0,1,,,,,,,,,r,0,0.717033634894,,,,,2017_Oct_02_1326,59.9068850502,Stroop,35,N,
BLUE,incongruent,r,red,0,1,1,2,,,,,,,,,r,1,0.800357077736,,,,,2017_Oct_02_1326,59.9068850502,Stroop,35,N,
XXXX,neutral,b,blue,0,2,2,5,,,,,,,,,b,1,0.667084519286,,,,,2017_Oct_02_1326,59.9068850502,Stroop,35,N,
BLUE,congruent,b,blue,0,3,3,3,,,,,,,,,b,1,0.600377329276,,,,,2017_Oct_02_1326,59.9068850502,Stroop,35,N,
RED,congruent,r,red,0,4,4,0,,,,,,,,,r,1,0.580829397426,,,,,2017_Oct_02_1326,59.9068850502,Stroop,35,N,
XXXX,neutral,r,red,0,5,5,4,,,,,,,,,r,1,0.516706543975,,,,,2017_Oct_02_1326,59.9068850502,Stroop,35,N,
XXXX,neutral,b,blue,1,0,6,5,,,,,,,,,b,1,0.333624888677,,,,,2017_Oct_02_1326,59.9068850502,Stroop,35,N,
RED,incongruent,b,blue,1,1,7,1,,,,,,,,,b,1,0.917056951206,,,,,2017_Oct_02_1326,59.9068850502,Stroop,35,N,
BLUE,incongruent,r,red,1,2,8,2,,,,,,,,,r,1,0.633789816289,,,,,2017_Oct_02_1326,59.9068850502,Stroop,35,N,
XXXX,neutral,r,red,1,3,9,4,,,,,,,,,r,1,0.566997894086,,,,,2017_Oct_02_1326,59.9068850502,Stroop,35,N,
RED,congruent,r,red,1,4,10,0,,,,,,,,,r,1,0.533704092493,,,,,2017_Oct_02_1326,59.9068850502,Stroop,35,N,
BLUE,congruent,b,blue,1,5,11,3,,,,,,,,,b,1,0.317022156902,,,,,2017_Oct_02_1326,59.9068850502,Stroop,35,N,
,,,,,,,,,,,,,,,,,,,r,4.63330335659,,,2017_Oct_02_1326,59.9068850502,Stroop,35,N,
XXXX,neutral,r,red,,,,,0,0,0,4,,,,,r,1,0.483485756326,,,,,2017_Oct_02_1326,59.9068850502,Stroop,35,N,
RED,incongruent,b,blue,,,,,0,1,1,1,,,,,r,0,0.567073011305,,,,,2017_Oct_02_1326,59.9068850502,Stroop,35,N,
XXXX,neutral,b,blue,,,,,0,2,2,5,,,,,b,1,0.533698083018,,,,,2017_Oct_02_1326,59.9068850502,Stroop,35,N,
XXXX,neutral,r,red,,,,,0,3,3,4,,,,,r,1,0.483744159923,,,,,2017_Oct_02_1326,59.9068850502,Stroop,35,N,
RED,congruent,r,red,,,,,0,4,4,0,,,,,r,1,0.467066310928,,,,,2017_Oct_02_1326,59.9068850502,Stroop,35,N,
XXXX,neutral,b,blue,,,,,0,5,5,5,,,,,b,1,0.383741365629,,,,,2017_Oct_02_1326,59.9068850502,Stroop,35,N,
RED,incongruent,b,blue,,,,,1,0,6,1,,,,,b,1,0.731028593611,,,,,2017_Oct_02_1326,59.9068850502,Stroop,35,N,
RED,congruent,r,red,,,,,1,1,7,0,,,,,r,1,0.400354914367,,,,,2017_Oct_02_1326,59.9068850502,Stroop,35,N,
XXXX,neutral,r,red,,,,,1,2,8,4,,,,,r,1,0.450365926488,,,,,2017_Oct_02_1326,59.9068850502,Stroop,35,N,
RED,congruent,r,red,,,,,1,3,9,0,,,,,r,1,0.517130506109,,,,,2017_Oct_02_1326,59.9068850502,Stroop,35,N,
BLUE,congruent,b,blue,,,,,1,4,10,3,,,,,b,1,0.397791911149,,,,,2017_Oct_02_1326,59.9068850502,Stroop,35,N,
RED,incongruent,b,blue,,,,,1,5,11,1,,,,,b,1,0.733437756542,,,,,2017_Oct_02_1326,59.9068850502,Stroop,35,N,
BLUE,incongruent,r,red,,,,,2,0,12,2,,,,,r,1,1.00038399978,,,,,2017_Oct_02_1326,59.9068850502,Stroop,35,N,
XXXX,neutral,r,red,,,,,2,1,13,4,,,,,r,1,0.46644824557,,,,,2017_Oct_02_1326,59.9068850502,Stroop,35,N,
XXXX,neutral,b,blue,,,,,2,2,14,5,,,,,b,1,0.400403590291,,,,,2017_Oct_02_1326,59.9068850502,Stroop,35,N,
XXXX,neutral,r,red,,,,,2,3,15,4,,,,,r,1,0.414342661854,,,,,2017_Oct_02_1326,59.9068850502,Stroop,35,N,
RED,incongruent,b,blue,,,,,2,4,16,1,,,,,b,1,0.715162612498,,,,,2017_Oct_02_1326,59.9068850502,Stroop,35,N,
XXXX,neutral,r,red,,,,,2,5,17,4,,,,,r,1,0.717021315591,,,,,2017_Oct_02_1326,59.9068850502,Stroop,35,N,
RED,incongruent,b,blue,,,,,3,0,18,1,,,,,b,1,0.417063411325,,,,,2017_Oct_02_1326,59.9068850502,Stroop,35,N,
BLUE,congruent,b,blue,,,,,3,1,19,3,,,,,b,1,0.666822810541,,,,,2017_Oct_02_1326,59.9068850502,Stroop,35,N,
BLUE,congruent,b,blue,,,,,3,2,20,3,,,,,b,1,0.467324413941,,,,,2017_Oct_02_1326,59.9068850502,Stroop,35,N,
BLUE,incongruent,r,red,,,,,3,3,21,2,,,,,r,1,0.450786283123,,,,,2017_Oct_02_1326,59.9068850502,Stroop,35,N,
BLUE,congruent,b,blue,,,,,3,4,22,3,,,,,b,1,0.333785339259,,,,,2017_Oct_02_1326,59.9068850502,Stroop,35,N,
BLUE,incongruent,r,red,,,,,3,5,23,2,,,,,r,1,0.283770120586,,,,,2017_Oct_02_1326,59.9068850502,Stroop,35,N,
BLUE,incongruent,r,red,,,,,4,0,24,2,,,,,r,1,0.71700539079,,,,,2017_Oct_02_1326,59.9068850502,Stroop,35,N,
RED,congruent,r,red,,,,,4,1,25,0,,,,,r,1,0.400385261746,,,,,2017_Oct_02_1326,59.9068850502,Stroop,35,N,
BLUE,incongruent,r,red,,,,,4,2,26,2,,,,,r,1,0.936341672088,,,,,2017_Oct_02_1326,59.9068850502,Stroop,35,N,
BLUE,incongruent,r,red,,,,,4,3,27,2,,,,,r,1,0.766660647234,,,,,2017_Oct_02_1326,59.9068850502,Stroop,35,N,
BLUE,incongruent,r,red,,,,,4,4,28,2,,,,,r,1,0.767301548272,,,,,2017_Oct_02_1326,59.9068850502,Stroop,35,N,
RED,incongruent,b,blue,,,,,4,5,29,1,,,,,b,1,0.350507958326,,,,,2017_Oct_02_1326,59.9068850502,Stroop,35,N,
XXXX,neutral,r,red,,,,,5,0,30,4,,,,,r,1,0.333031461807,,,,,2017_Oct_02_1326,59.9068850502,Stroop,35,N,
RED,incongruent,b,blue,,,,,5,1,31,1,,,,,b,1,0.483853530837,,,,,2017_Oct_02_1326,59.9068850502,Stroop,35,N,
BLUE,congruent,b,blue,,,,,5,2,32,3,,,,,b,1,0.453152779257,,,,,2017_Oct_02_1326,59.9068850502,Stroop,35,N,
RED,incongruent,b,blue,,,,,5,3,33,1,,,,,b,1,0.367166877957,,,,,2017_Oct_02_1326,59.9068850502,Stroop,35,N,
BLUE,congruent,b,blue,,,,,5,4,34,3,,,,,b,1,0.381414531381,,,,,2017_Oct_02_1326,59.9068850502,Stroop,35,N,
RED,incongruent,b,blue,,,,,5,5,35,1,,,,,b,1,0.366830652812,,,,,2017_Oct_02_1326,59.9068850502,Stroop,35,N,
XXXX,neutral,b,blue,,,,,6,0,36,5,,,,,b,1,0.367114596185,,,,,2017_Oct_02_1326,59.9068850502,Stroop,35,N,
RED,incongruent,b,blue,,,,,6,1,37,1,,,,,b,1,0.417055599159,,,,,2017_Oct_02_1326,59.9068850502,Stroop,35,N,
RED,congruent,r,red,,,,,6,2,38,0,,,,,r,1,0.300458786543,,,,,2017_Oct_02_1326,59.9068850502,Stroop,35,N,
BLUE,congruent,b,blue,,,,,6,3,39,3,,,,,b,1,0.36706862459,,,,,2017_Oct_02_1326,59.9068850502,Stroop,35,N,
RED,congruent,r,red,,,,,6,4,40,0,,,,,r,1,0.367005525972,,,,,2017_Oct_02_1326,59.9068850502,Stroop,35,N,
XXXX,neutral,r,red,,,,,6,5,41,4,,,,,r,1,0.350217404542,,,,,2017_Oct_02_1326,59.9068850502,Stroop,35,N,
BLUE,congruent,b,blue,,,,,7,0,42,3,,,,,b,1,0.367152455379,,,,,2017_Oct_02_1326,59.9068850502,Stroop,35,N,
RED,incongruent,b,blue,,,,,7,1,43,1,,,,,b,1,0.500452656997,,,,,2017_Oct_02_1326,59.9068850502,Stroop,35,N,
XXXX,neutral,b,blue,,,,,7,2,44,5,,,,,b,1,0.49785209517,,,,,2017_Oct_02_1326,59.9068850502,Stroop,35,N,
XXXX,neutral,r,red,,,,,7,3,45,4,,,,,r,1,0.283693200443,,,,,2017_Oct_02_1326,59.9068850502,Stroop,35,N,
RED,congruent,r,red,,,,,7,4,46,0,,,,,r,1,0.367140136193,,,,,2017_Oct_02_1326,59.9068850502,Stroop,35,N,
BLUE,congruent,b,blue,,,,,7,5,47,3,,,,,b,1,0.333721940406,,,,,2017_Oct_02_1326,59.9068850502,Stroop,35,N,
BLUE,congruent,b,blue,,,,,8,0,48,3,,,,,b,1,0.667115467601,,,,,2017_Oct_02_1326,59.9068850502,Stroop,35,N,
XXXX,neutral,b,blue,,,,,8,1,49,5,,,,,b,1,0.400324266404,,,,,2017_Oct_02_1326,59.9068850502,Stroop,35,N,
XXXX,neutral,b,blue,,,,,8,2,50,5,,,,,b,1,0.3842329334,,,,,2017_Oct_02_1326,59.9068850502,Stroop,35,N,
BLUE,incongruent,r,red,,,,,8,3,51,2,,,,,r,1,0.516997698694,,,,,2017_Oct_02_1326,59.9068850502,Stroop,35,N,
BLUE,congruent,b,blue,,,,,8,4,52,3,,,,,b,1,0.484153699595,,,,,2017_Oct_02_1326,59.9068850502,Stroop,35,N,
BLUE,incongruent,r,red,,,,,8,5,53,2,,,,,r,1,0.466992996167,,,,,2017_Oct_02_1326,59.9068850502,Stroop,35,N,
BLUE,incongruent,r,red,,,,,9,0,54,2,,,,,r,1,0.483974620001,,,,,2017_Oct_02_1326,59.9068850502,Stroop,35,N,
XXXX,neutral,b,blue,,,,,9,1,55,5,,,,,b,1,0.733806432225,,,,,2017_Oct_02_1326,59.9068850502,Stroop,35,N,
BLUE,congruent,b,blue,,,,,9,2,56,3,,,,,b,1,0.433792039752,,,,,2017_Oct_02_1326,59.9068850502,Stroop,35,N,
BLUE,congruent,b,blue,,,,,9,3,57,3,,,,,b,1,0.400118445046,,,,,2017_Oct_02_1326,59.9068850502,Stroop,35,N,
XXXX,neutral,b,blue,,,,,9,4,58,5,,,,,b,1,0.503048110986,,,,,2017_Oct_02_1326,59.9068850502,Stroop,35,N,
XXXX,neutral,b,blue,,,,,9,5,59,5,,,,,b,1,0.450122246053,,,,,2017_Oct_02_1326,59.9068850502,Stroop,35,N,
XXXX,neutral,r,red,,,,,10,0,60,4,,,,,r,1,0.350465892581,,,,,2017_Oct_02_1326,59.9068850502,Stroop,35,N,
RED,congruent,r,red,,,,,10,1,61,0,,,,,r,1,0.467039268697,,,,,2017_Oct_02_1326,59.9068850502,Stroop,35,N,
BLUE,incongruent,r,red,,,,,10,2,62,2,,,,,r,1,0.453089680756,,,,,2017_Oct_02_1326,59.9068850502,Stroop,35,N,
RED,incongruent,b,blue,,,,,10,3,63,1,,,,,b,1,0.300402298337,,,,,2017_Oct_02_1326,59.9068850502,Stroop,35,N,
XXXX,neutral,r,red,,,,,10,4,64,4,,,,,r,1,0.366969770053,,,,,2017_Oct_02_1326,59.9068850502,Stroop,35,N,
BLUE,congruent,b,blue,,,,,10,5,65,3,,,,,b,1,0.466978273354,,,,,2017_Oct_02_1326,59.9068850502,Stroop,35,N,
BLUE,congruent,b,blue,,,,,11,0,66,3,,,,,b,1,0.383509403327,,,,,2017_Oct_02_1326,59.9068850502,Stroop,35,N,
BLUE,incongruent,r,red,,,,,11,1,67,2,,,,,b,0,0.483758883085,,,,,2017_Oct_02_1326,59.9068850502,Stroop,35,N,
XXXX,neutral,r,red,,,,,11,2,68,4,,,,,r,1,0.533690270735,,,,,2017_Oct_02_1326,59.9068850502,Stroop,35,N,
XXXX,neutral,b,blue,,,,,11,3,69,5,,,,,b,1,0.581135876244,,,,,2017_Oct_02_1326,59.9068850502,Stroop,35,N,
XXXX,neutral,b,blue,,,,,11,4,70,5,,,,,b,1,0.400357318111,,,,,2017_Oct_02_1326,59.9068850502,Stroop,35,N,
XXXX,neutral,b,blue,,,,,11,5,71,5,,,,,b,1,0.383813177934,,,,,2017_Oct_02_1326,59.9068850502,Stroop,35,N,
RED,incongruent,b,blue,,,,,12,0,72,1,,,,,b,1,0.717053766362,,,,,2017_Oct_02_1326,59.9068850502,Stroop,35,N,
XXXX,neutral,b,blue,,,,,12,1,73,5,,,,,b,1,0.533680054825,,,,,2017_Oct_02_1326,59.9068850502,Stroop,35,N,
BLUE,incongruent,r,red,,,,,12,2,74,2,,,,,r,1,0.36694783601,,,,,2017_Oct_02_1326,59.9068850502,Stroop,35,N,
RED,congruent,r,red,,,,,12,3,75,0,,,,,r,1,0.483843014343,,,,,2017_Oct_02_1326,59.9068850502,Stroop,35,N,
RED,incongruent,b,blue,,,,,12,4,76,1,,,,,r,0,0.450713569531,,,,,2017_Oct_02_1326,59.9068850502,Stroop,35,N,
BLUE,incongruent,r,red,,,,,12,5,77,2,,,,,b,0,0.550191744464,,,,,2017_Oct_02_1326,59.9068850502,Stroop,35,N,
XXXX,neutral,b,blue,,,,,13,0,78,5,,,,,b,1,0.583661921555,,,,,2017_Oct_02_1326,59.9068850502,Stroop,35,N,
XXXX,neutral,r,red,,,,,13,1,79,4,,,,,r,1,0.600328052416,,,,,2017_Oct_02_1326,59.9068850502,Stroop,35,N,
XXXX,neutral,r,red,,,,,13,2,80,4,,,,,r,1,0.466826836811,,,,,2017_Oct_02_1326,59.9068850502,Stroop,35,N,
RED,congruent,r,red,,,,,13,3,81,0,,,,,r,1,0.664349647705,,,,,2017_Oct_02_1326,59.9068850502,Stroop,35,N,
BLUE,congruent,b,blue,,,,,13,4,82,3,,,,,b,1,0.503104298608,,,,,2017_Oct_02_1326,59.9068850502,Stroop,35,N,
XXXX,neutral,r,red,,,,,13,5,83,4,,,,,r,1,0.367158464855,,,,,2017_Oct_02_1326,59.9068850502,Stroop,35,N,
BLUE,incongruent,r,red,,,,,14,0,84,2,,,,,b,0,0.51709565171,,,,,2017_Oct_02_1326,59.9068850502,Stroop,35,N,
BLUE,congruent,b,blue,,,,,14,1,85,3,,,,,b,1,0.333764907438,,,,,2017_Oct_02_1326,59.9068850502,Stroop,35,N,
XXXX,neutral,r,red,,,,,14,2,86,4,,,,,r,1,0.367077938979,,,,,2017_Oct_02_1326,59.9068850502,Stroop,35,N,
BLUE,incongruent,r,red,,,,,14,3,87,2,,,,,b,0,0.46694732504,,,,,2017_Oct_02_1326,59.9068850502,Stroop,35,N,
XXXX,neutral,b,blue,,,,,14,4,88,5,,,,,b,1,0.78100144607,,,,,2017_Oct_02_1326,59.9068850502,Stroop,35,N,
RED,congruent,r,red,,,,,14,5,89,0,,,,,r,1,0.366732699797,,,,,2017_Oct_02_1326,59.9068850502,Stroop,35,N,
BLUE,incongruent,r,red,,,,,15,0,90,2,,,,,b,0,0.483712009853,,,,,2017_Oct_02_1326,59.9068850502,Stroop,35,N,
RED,congruent,r,red,,,,,15,1,91,0,,,,,r,1,0.667062284425,,,,,2017_Oct_02_1326,59.9068850502,Stroop,35,N,
RED,incongruent,b,blue,,,,,15,2,92,1,,,,,b,1,0.717054367298,,,,,2017_Oct_02_1326,59.9068850502,Stroop,35,N,
BLUE,congruent,b,blue,,,,,15,3,93,3,,,,,b,1,0.550381340552,,,,,2017_Oct_02_1326,59.9068850502,Stroop,35,N,
RED,congruent,r,red,,,,,15,4,94,0,,,,,r,1,0.567030044273,,,,,2017_Oct_02_1326,59.9068850502,Stroop,35,N,
BLUE,congruent,b,blue,,,,,15,5,95,3,,,,,b,1,0.48379614111,,,,,2017_Oct_02_1326,59.9068850502,Stroop,35,N,
RED,congruent,r,red,,,,,16,0,96,0,,,,,r,1,0.567109668627,,,,,2017_Oct_02_1326,59.9068850502,Stroop,35,N,
RED,incongruent,b,blue,,,,,16,1,97,1,,,,,b,1,0.717038442381,,,,,2017_Oct_02_1326,59.9068850502,Stroop,35,N,
XXXX,neutral,r,red,,,,,16,2,98,4,,,,,r,1,0.600320841186,,,,,2017_Oct_02_1326,59.9068850502,Stroop,35,N,
RED,congruent,r,red,,,,,16,3,99,0,,,,,r,1,0.400419815676,,,,,2017_Oct_02_1326,59.9068850502,Stroop,35,N,
RED,congruent,r,red,,,,,16,4,100,0,,,,,r,1,0.797672985354,,,,,2017_Oct_02_1326,59.9068850502,Stroop,35,N,
XXXX,neutral,r,red,,,,,16,5,101,4,,,,,r,1,0.433866255684,,,,,2017_Oct_02_1326,59.9068850502,Stroop,35,N,
XXXX,neutral,b,blue,,,,,17,0,102,5,,,,,b,1,0.369774050079,,,,,2017_Oct_02_1326,59.9068850502,Stroop,35,N,
RED,incongruent,b,blue,,,,,17,1,103,1,,,,,b,1,0.550610899227,,,,,2017_Oct_02_1326,59.9068850502,Stroop,35,N,
BLUE,congruent,b,blue,,,,,17,2,104,3,,,,,b,1,0.416628632229,,,,,2017_Oct_02_1326,59.9068850502,Stroop,35,N,
RED,congruent,r,red,,,,,17,3,105,0,,,,,r,1,0.767284721835,,,,,2017_Oct_02_1326,59.9068850502,Stroop,35,N,
XXXX,neutral,b,blue,,,,,17,4,106,5,,,,,b,1,0.650263947202,,,,,2017_Oct_02_1326,59.9068850502,Stroop,35,N,
BLUE,incongruent,r,red,,,,,17,5,107,2,,,,,b,0,0.581163519295,,,,,2017_Oct_02_1326,59.9068850502,Stroop,35,N,
RED,congruent,r,red,,,,,18,0,108,0,,,,,r,1,0.483722526114,,,,,2017_Oct_02_1326,59.9068850502,Stroop,35,N,
XXXX,neutral,r,red,,,,,18,1,109,4,,,,,r,1,0.450146884425,,,,,2017_Oct_02_1326,59.9068850502,Stroop,35,N,
XXXX,neutral,r,red,,,,,18,2,110,4,,,,,r,1,0.450409494573,,,,,2017_Oct_02_1326,59.9068850502,Stroop,35,N,
BLUE,congruent,b,blue,,,,,18,3,111,3,,,,,b,1,0.750348168891,,,,,2017_Oct_02_1326,59.9068850502,Stroop,35,N,
XXXX,neutral,b,blue,,,,,18,4,112,5,,,,,b,1,0.634001947707,,,,,2017_Oct_02_1326,59.9068850502,Stroop,35,N,
BLUE,congruent,b,blue,,,,,18,5,113,3,,,,,b,1,0.433680565795,,,,,2017_Oct_02_1326,59.9068850502,Stroop,35,N,
RED,incongruent,b,blue,,,,,19,0,114,1,,,,,b,1,0.750512825791,,,,,2017_Oct_02_1326,59.9068850502,Stroop,35,N,
BLUE,congruent,b,blue,,,,,19,1,115,3,,,,,b,1,0.43338189926,,,,,2017_Oct_02_1326,59.9068850502,Stroop,35,N,
RED,incongruent,b,blue,,,,,19,2,116,1,,,,,b,1,1.30300376168,,,,,2017_Oct_02_1326,59.9068850502,Stroop,35,N,
RED,congruent,r,red,,,,,19,3,117,0,,,,,r,1,0.516678900691,,,,,2017_Oct_02_1326,59.9068850502,Stroop,35,N,
XXXX,neutral,r,red,,,,,19,4,118,4,,,,,r,1,0.402975908015,,,,,2017_Oct_02_1326,59.9068850502,Stroop,35,N,
BLUE,incongruent,r,red,,,,,19,5,119,2,,,,,r,1,0.33115533134,,,,,2017_Oct_02_1326,59.9068850502,Stroop,35,N,
RED,incongruent,b,blue,,,,,20,0,120,1,,,,,b,1,0.2500971267,,,,,2017_Oct_02_1326,59.9068850502,Stroop,35,N,
XXXX,neutral,b,blue,,,,,20,1,121,5,,,,,b,1,0.566811302444,,,,,2017_Oct_02_1326,59.9068850502,Stroop,35,N,
RED,incongruent,b,blue,,,,,20,2,122,1,,,,,b,1,0.517043370055,,,,,2017_Oct_02_1326,59.9068850502,Stroop,35,N,
RED,incongruent,b,blue,,,,,20,3,123,1,,,,,b,1,0.300295030698,,,,,2017_Oct_02_1326,59.9068850502,Stroop,35,N,
RED,incongruent,b,blue,,,,,20,4,124,1,,,,,b,1,0.30033559422,,,,,2017_Oct_02_1326,59.9068850502,Stroop,35,N,
XXXX,neutral,b,blue,,,,,20,5,125,5,,,,,b,1,0.398063234985,,,,,2017_Oct_02_1326,59.9068850502,Stroop,35,N,
BLUE,incongruent,r,red,,,,,21,0,126,2,,,,,r,1,0.381129686488,,,,,2017_Oct_02_1326,59.9068850502,Stroop,35,N,
RED,congruent,r,red,,,,,21,1,127,0,,,,,r,1,0.416997608496,,,,,2017_Oct_02_1326,59.9068850502,Stroop,35,N,
RED,incongruent,b,blue,,,,,21,2,128,1,,,,,b,1,0.347895377781,,,,,2017_Oct_02_1326,59.9068850502,Stroop,35,N,
BLUE,incongruent,r,red,,,,,21,3,129,2,,,,,r,1,0.467241784791,,,,,2017_Oct_02_1326,59.9068850502,Stroop,35,N,
BLUE,congruent,b,blue,,,,,21,4,130,3,,,,,b,1,0.383710417431,,,,,2017_Oct_02_1326,59.9068850502,Stroop,35,N,
XXXX,neutral,r,red,,,,,21,5,131,4,,,,,b,0,0.317030269653,,,,,2017_Oct_02_1326,59.9068850502,Stroop,35,N,
XXXX,neutral,r,red,,,,,22,0,132,4,,,,,r,1,0.516935802065,,,,,2017_Oct_02_1326,59.9068850502,Stroop,35,N,
BLUE,incongruent,r,red,,,,,22,1,133,2,,,,,r,1,0.400462482357,,,,,2017_Oct_02_1326,59.9068850502,Stroop,35,N,
XXXX,neutral,b,blue,,,,,22,2,134,5,,,,,b,1,0.533387698233,,,,,2017_Oct_02_1326,59.9068850502,Stroop,35,N,
XXXX,neutral,r,red,,,,,22,3,135,4,,,,,r,1,0.3337754237,,,,,2017_Oct_02_1326,59.9068850502,Stroop,35,N,
RED,congruent,r,red,,,,,22,4,136,0,,,,,r,1,0.36674291594,,,,,2017_Oct_02_1326,59.9068850502,Stroop,35,N,
RED,congruent,r,red,,,,,22,5,137,0,,,,,r,1,0.317097574705,,,,,2017_Oct_02_1326,59.9068850502,Stroop,35,N,
RED,congruent,r,red,,,,,23,0,138,0,,,,,r,1,0.567049875157,,,,,2017_Oct_02_1326,59.9068850502,Stroop,35,N,
XXXX,neutral,b,blue,,,,,23,1,139,5,,,,,b,1,0.450346696423,,,,,2017_Oct_02_1326,59.9068850502,Stroop,35,N,
BLUE,incongruent,r,red,,,,,23,2,140,2,,,,,b,0,0.600186531199,,,,,2017_Oct_02_1326,59.9068850502,Stroop,35,N,
RED,incongruent,b,blue,,,,,23,3,141,1,,,,,b,1,0.700278565055,,,,,2017_Oct_02_1326,59.9068850502,Stroop,35,N,
XXXX,neutral,b,blue,,,,,23,4,142,5,,,,,b,1,0.4198400483,,,,,2017_Oct_02_1326,59.9068850502,Stroop,35,N,
XXXX,neutral,b,blue,,,,,23,5,143,5,,,,,b,1,0.383593234466,,,,,2017_Oct_02_1326,59.9068850502,Stroop,35,N,
XXXX,neutral,r,red,,,,,24,0,144,4,,,,,r,1,0.533374778228,,,,,2017_Oct_02_1326,59.9068850502,Stroop,35,N,
RED,congruent,r,red,,,,,24,1,145,0,,,,,r,1,0.698368181242,,,,,2017_Oct_02_1326,59.9068850502,Stroop,35,N,
BLUE,congruent,b,blue,,,,,24,2,146,3,,,,,b,1,0.316947340034,,,,,2017_Oct_02_1326,59.9068850502,Stroop,35,N,
BLUE,incongruent,r,red,,,,,24,3,147,2,,,,,r,1,0.264361305861,,,,,2017_Oct_02_1326,59.9068850502,Stroop,35,N,
BLUE,incongruent,r,red,,,,,24,4,148,2,,,,,b,0,0.750457239104,,,,,2017_Oct_02_1326,59.9068850502,Stroop,35,N,
RED,congruent,r,red,,,,,24,5,149,0,,,,,r,1,0.34781815717,,,,,2017_Oct_02_1326,59.9068850502,Stroop,35,N,
,,,,,,,,,,,,,,,,,,,,,b,88.0637364499,2017_Oct_02_1326,59.9068850502,Stroop,35,N,
