word,type,correct,ink,Practice.thisRepN,Practice.thisTrialN,Practice.thisN,Practice.thisIndex,trials.thisRepN,trials.thisTrialN,trials.thisN,trials.thisIndex,ready_to_continue.keys,ready_to_continue.rt,key_resp_2.keys,key_resp_2.rt,Response.keys,Response.corr,Response.rt,begin_exp.keys,begin_exp.rt,finished.keys,finished.rt,date,frameRate,expName,participant,condition,
,,,,,,,,,,,,r,17.4662421236,,,,,,,,,,2017_Oct_03_1042,59.9077477265,Stroop,43,L,
,,,,,,,,,,,,,,r,4.33347585588,,,,,,,,2017_Oct_03_1042,59.9077477265,Stroop,43,L,
BLUE,incongruent,r,red,0,0,0,2,,,,,,,,,r,1,1.43339481927,,,,,2017_Oct_03_1042,59.9077477265,Stroop,43,L,
RED,congruent,r,red,0,1,1,0,,,,,,,,,r,1,1.88337043626,,,,,2017_Oct_03_1042,59.9077477265,Stroop,43,L,
XXXX,neutral,r,red,0,2,2,4,,,,,,,,,r,1,1.16702397494,,,,,2017_Oct_03_1042,59.9077477265,Stroop,43,L,
BLUE,congruent,b,blue,0,3,3,3,,,,,,,,,b,1,1.21701004799,,,,,2017_Oct_03_1042,59.9077477265,Stroop,43,L,
XXXX,neutral,b,blue,0,4,4,5,,,,,,,,,b,1,0.70027676248,,,,,2017_Oct_03_1042,59.9077477265,Stroop,43,L,
RED,incongruent,b,blue,0,5,5,1,,,,,,,,,b,1,1.10027381778,,,,,2017_Oct_03_1042,59.9077477265,Stroop,43,L,
XXXX,neutral,r,red,1,0,6,4,,,,,,,,,r,1,0.867004474392,,,,,2017_Oct_03_1042,59.9077477265,Stroop,43,L,
RED,congruent,r,red,1,1,7,0,,,,,,,,,r,1,0.783465594985,,,,,2017_Oct_03_1042,59.9077477265,Stroop,43,L,
BLUE,incongruent,r,red,1,2,8,2,,,,,,,,,r,1,0.750074441079,,,,,2017_Oct_03_1042,59.9077477265,Stroop,43,L,
BLUE,congruent,b,blue,1,3,9,3,,,,,,,,,b,1,0.717023418751,,,,,2017_Oct_03_1042,59.9077477265,Stroop,43,L,
RED,incongruent,b,blue,1,4,10,1,,,,,,,,,b,1,1.41687020962,,,,,2017_Oct_03_1042,59.9077477265,Stroop,43,L,
XXXX,neutral,b,blue,1,5,11,5,,,,,,,,,b,1,1.28358262777,,,,,2017_Oct_03_1042,59.9077477265,Stroop,43,L,
,,,,,,,,,,,,,,,,,,,b,3.73355373763,,,2017_Oct_03_1042,59.9077477265,Stroop,43,L,
RED,incongruent,b,blue,,,,,0,0,0,1,,,,,b,1,0.716873184079,,,,,2017_Oct_03_1042,59.9077477265,Stroop,43,L,
RED,congruent,r,red,,,,,0,1,1,0,,,,,r,1,1.21422680095,,,,,2017_Oct_03_1042,59.9077477265,Stroop,43,L,
BLUE,congruent,b,blue,,,,,0,2,2,3,,,,,b,1,1.81658602576,,,,,2017_Oct_03_1042,59.9077477265,Stroop,43,L,
XXXX,neutral,r,red,,,,,0,3,3,4,,,,,r,1,0.680794933578,,,,,2017_Oct_03_1042,59.9077477265,Stroop,43,L,
RED,congruent,r,red,,,,,0,4,4,0,,,,,r,1,0.750262835529,,,,,2017_Oct_03_1042,59.9077477265,Stroop,43,L,
BLUE,congruent,b,blue,,,,,0,5,5,3,,,,,b,1,0.850237085251,,,,,2017_Oct_03_1042,59.9077477265,Stroop,43,L,
XXXX,neutral,b,blue,,,,,1,0,6,5,,,,,b,1,0.630923038581,,,,,2017_Oct_03_1042,59.9077477265,Stroop,43,L,
RED,incongruent,b,blue,,,,,1,1,7,1,,,,,b,1,0.714159946423,,,,,2017_Oct_03_1042,59.9077477265,Stroop,43,L,
XXXX,neutral,r,red,,,,,1,2,8,4,,,,,r,1,0.500251943478,,,,,2017_Oct_03_1042,59.9077477265,Stroop,43,L,
RED,incongruent,b,blue,,,,,1,3,9,1,,,,,b,1,1.30035722791,,,,,2017_Oct_03_1042,59.9077477265,Stroop,43,L,
BLUE,incongruent,r,red,,,,,1,4,10,2,,,,,r,1,1.05031809187,,,,,2017_Oct_03_1042,59.9077477265,Stroop,43,L,
RED,incongruent,b,blue,,,,,1,5,11,1,,,,,b,1,1.15041192831,,,,,2017_Oct_03_1042,59.9077477265,Stroop,43,L,
RED,congruent,r,red,,,,,2,0,12,0,,,,,r,1,0.899933205685,,,,,2017_Oct_03_1042,59.9077477265,Stroop,43,L,
RED,congruent,r,red,,,,,2,1,13,0,,,,,r,1,0.683652997483,,,,,2017_Oct_03_1042,59.9077477265,Stroop,43,L,
XXXX,neutral,b,blue,,,,,2,2,14,5,,,,,b,1,0.683564960025,,,,,2017_Oct_03_1042,59.9077477265,Stroop,43,L,
BLUE,incongruent,r,red,,,,,2,3,15,2,,,,,r,1,0.500208976446,,,,,2017_Oct_03_1042,59.9077477265,Stroop,43,L,
XXXX,neutral,b,blue,,,,,2,4,16,5,,,,,b,1,0.73363035731,,,,,2017_Oct_03_1042,59.9077477265,Stroop,43,L,
XXXX,neutral,b,blue,,,,,2,5,17,5,,,,,b,1,0.614238278707,,,,,2017_Oct_03_1042,59.9077477265,Stroop,43,L,
RED,congruent,r,red,,,,,3,0,18,0,,,,,r,1,0.516922581475,,,,,2017_Oct_03_1042,59.9077477265,Stroop,43,L,
RED,incongruent,b,blue,,,,,3,1,19,1,,,,,b,1,0.61699147895,,,,,2017_Oct_03_1042,59.9077477265,Stroop,43,L,
XXXX,neutral,r,red,,,,,3,2,20,4,,,,,r,1,0.56421314436,,,,,2017_Oct_03_1042,59.9077477265,Stroop,43,L,
XXXX,neutral,r,red,,,,,3,3,21,4,,,,,r,1,0.550868100952,,,,,2017_Oct_03_1042,59.9077477265,Stroop,43,L,
XXXX,neutral,b,blue,,,,,3,4,22,5,,,,,b,1,0.650239909766,,,,,2017_Oct_03_1042,59.9077477265,Stroop,43,L,
BLUE,incongruent,r,red,,,,,3,5,23,2,,,,,r,1,0.797604178078,,,,,2017_Oct_03_1042,59.9077477265,Stroop,43,L,
BLUE,congruent,b,blue,,,,,4,0,24,3,,,,,b,1,0.51696284418,,,,,2017_Oct_03_1042,59.9077477265,Stroop,43,L,
XXXX,neutral,r,red,,,,,4,1,25,4,,,,,r,1,0.44732878264,,,,,2017_Oct_03_1042,59.9077477265,Stroop,43,L,
RED,incongruent,b,blue,,,,,4,2,26,1,,,,,b,1,0.666837834055,,,,,2017_Oct_03_1042,59.9077477265,Stroop,43,L,
XXXX,neutral,r,red,,,,,4,3,27,4,,,,,r,1,0.466825034004,,,,,2017_Oct_03_1042,59.9077477265,Stroop,43,L,
BLUE,congruent,b,blue,,,,,4,4,28,3,,,,,b,1,0.699707973748,,,,,2017_Oct_03_1042,59.9077477265,Stroop,43,L,
BLUE,incongruent,r,red,,,,,4,5,29,2,,,,,r,1,0.650206858292,,,,,2017_Oct_03_1042,59.9077477265,Stroop,43,L,
XXXX,neutral,r,red,,,,,5,0,30,4,,,,,r,1,0.500284394249,,,,,2017_Oct_03_1042,59.9077477265,Stroop,43,L,
RED,incongruent,b,blue,,,,,5,1,31,1,,,,,b,1,0.734376122011,,,,,2017_Oct_03_1042,59.9077477265,Stroop,43,L,
RED,incongruent,b,blue,,,,,5,2,32,1,,,,,b,1,0.614981940482,,,,,2017_Oct_03_1042,59.9077477265,Stroop,43,L,
BLUE,congruent,b,blue,,,,,5,3,33,3,,,,,b,1,0.433541748906,,,,,2017_Oct_03_1042,59.9077477265,Stroop,43,L,
RED,congruent,r,red,,,,,5,4,34,0,,,,,r,1,0.714241974521,,,,,2017_Oct_03_1042,59.9077477265,Stroop,43,L,
BLUE,congruent,b,blue,,,,,5,5,35,3,,,,,b,1,0.750065727625,,,,,2017_Oct_03_1042,59.9077477265,Stroop,43,L,
BLUE,incongruent,r,red,,,,,6,0,36,2,,,,,r,1,1.13374189148,,,,,2017_Oct_03_1042,59.9077477265,Stroop,43,L,
BLUE,incongruent,r,red,,,,,6,1,37,2,,,,,r,1,1.29747122037,,,,,2017_Oct_03_1042,59.9077477265,Stroop,43,L,
RED,congruent,r,red,,,,,6,2,38,0,,,,,r,1,0.433628584491,,,,,2017_Oct_03_1042,59.9077477265,Stroop,43,L,
RED,incongruent,b,blue,,,,,6,3,39,1,,,,,b,1,0.997556283139,,,,,2017_Oct_03_1042,59.9077477265,Stroop,43,L,
XXXX,neutral,b,blue,,,,,6,4,40,5,,,,,b,1,0.96685973811,,,,,2017_Oct_03_1042,59.9077477265,Stroop,43,L,
XXXX,neutral,r,red,,,,,6,5,41,4,,,,,r,1,0.800344758434,,,,,2017_Oct_03_1042,59.9077477265,Stroop,43,L,
XXXX,neutral,b,blue,,,,,7,0,42,5,,,,,b,1,0.566956128692,,,,,2017_Oct_03_1042,59.9077477265,Stroop,43,L,
XXXX,neutral,r,red,,,,,7,1,43,4,,,,,r,1,0.583845808636,,,,,2017_Oct_03_1042,59.9077477265,Stroop,43,L,
XXXX,neutral,r,red,,,,,7,2,44,4,,,,,r,1,0.700234696502,,,,,2017_Oct_03_1042,59.9077477265,Stroop,43,L,
RED,congruent,r,red,,,,,7,3,45,0,,,,,r,1,0.550302016782,,,,,2017_Oct_03_1042,59.9077477265,Stroop,43,L,
XXXX,neutral,b,blue,,,,,7,4,46,5,,,,,b,1,0.750255624298,,,,,2017_Oct_03_1042,59.9077477265,Stroop,43,L,
XXXX,neutral,r,red,,,,,7,5,47,4,,,,,r,1,0.983623221051,,,,,2017_Oct_03_1042,59.9077477265,Stroop,43,L,
BLUE,congruent,b,blue,,,,,8,0,48,3,,,,,b,1,0.833600400481,,,,,2017_Oct_03_1042,59.9077477265,Stroop,43,L,
XXXX,neutral,b,blue,,,,,8,1,49,5,,,,,b,1,0.61691546021,,,,,2017_Oct_03_1042,59.9077477265,Stroop,43,L,
BLUE,incongruent,r,red,,,,,8,2,50,2,,,,,r,1,0.400194163201,,,,,2017_Oct_03_1042,59.9077477265,Stroop,43,L,
RED,congruent,r,red,,,,,8,3,51,0,,,,,r,1,0.517077022465,,,,,2017_Oct_03_1042,59.9077477265,Stroop,43,L,
BLUE,incongruent,r,red,,,,,8,4,52,2,,,,,r,1,0.447653890587,,,,,2017_Oct_03_1042,59.9077477265,Stroop,43,L,
BLUE,incongruent,r,red,,,,,8,5,53,2,,,,,r,1,0.583640588215,,,,,2017_Oct_03_1042,59.9077477265,Stroop,43,L,
BLUE,congruent,b,blue,,,,,9,0,54,3,,,,,b,1,0.616836737376,,,,,2017_Oct_03_1042,59.9077477265,Stroop,43,L,
RED,incongruent,b,blue,,,,,9,1,55,1,,,,,b,1,0.750851755263,,,,,2017_Oct_03_1042,59.9077477265,Stroop,43,L,
RED,congruent,r,red,,,,,9,2,56,0,,,,,r,1,0.517013924196,,,,,2017_Oct_03_1042,59.9077477265,Stroop,43,L,
XXXX,neutral,b,blue,,,,,9,3,57,5,,,,,b,1,1.25024255365,,,,,2017_Oct_03_1042,59.9077477265,Stroop,43,L,
RED,incongruent,b,blue,,,,,9,4,58,1,,,,,b,1,1.3835106052,,,,,2017_Oct_03_1042,59.9077477265,Stroop,43,L,
XXXX,neutral,r,red,,,,,9,5,59,4,,,,,r,1,0.681000154233,,,,,2017_Oct_03_1042,59.9077477265,Stroop,43,L,
XXXX,neutral,r,red,,,,,10,0,60,4,,,,,r,1,0.533514796756,,,,,2017_Oct_03_1042,59.9077477265,Stroop,43,L,
XXXX,neutral,r,red,,,,,10,1,61,4,,,,,r,1,0.700051410357,,,,,2017_Oct_03_1042,59.9077477265,Stroop,43,L,
BLUE,incongruent,r,red,,,,,10,2,62,2,,,,,r,1,0.783616130007,,,,,2017_Oct_03_1042,59.9077477265,Stroop,43,L,
RED,congruent,r,red,,,,,10,3,63,0,,,,,r,1,0.55028579128,,,,,2017_Oct_03_1042,59.9077477265,Stroop,43,L,
XXXX,neutral,b,blue,,,,,10,4,64,5,,,,,b,1,0.700157175539,,,,,2017_Oct_03_1042,59.9077477265,Stroop,43,L,
BLUE,congruent,b,blue,,,,,10,5,65,3,,,,,b,1,0.750213257968,,,,,2017_Oct_03_1042,59.9077477265,Stroop,43,L,
RED,congruent,r,red,,,,,11,0,66,0,,,,,r,1,0.450250846799,,,,,2017_Oct_03_1042,59.9077477265,Stroop,43,L,
RED,incongruent,b,blue,,,,,11,1,67,1,,,,,b,1,1.46678026416,,,,,2017_Oct_03_1042,59.9077477265,Stroop,43,L,
RED,incongruent,b,blue,,,,,11,2,68,1,,,,,b,1,0.950182790402,,,,,2017_Oct_03_1042,59.9077477265,Stroop,43,L,
BLUE,congruent,b,blue,,,,,11,3,69,3,,,,,b,1,0.780877652811,,,,,2017_Oct_03_1042,59.9077477265,Stroop,43,L,
RED,incongruent,b,blue,,,,,11,4,70,1,,,,,b,1,0.950164461974,,,,,2017_Oct_03_1042,59.9077477265,Stroop,43,L,
XXXX,neutral,b,blue,,,,,11,5,71,5,,,,,b,1,0.566847659415,,,,,2017_Oct_03_1042,59.9077477265,Stroop,43,L,
BLUE,incongruent,r,red,,,,,12,0,72,2,,,,,r,1,0.750255023362,,,,,2017_Oct_03_1042,59.9077477265,Stroop,43,L,
XXXX,neutral,b,blue,,,,,12,1,73,5,,,,,b,1,0.966936357785,,,,,2017_Oct_03_1042,59.9077477265,Stroop,43,L,
BLUE,incongruent,r,red,,,,,12,2,74,2,,,,,r,1,0.783577970462,,,,,2017_Oct_03_1042,59.9077477265,Stroop,43,L,
BLUE,incongruent,r,red,,,,,12,3,75,2,,,,,r,1,0.466732188826,,,,,2017_Oct_03_1042,59.9077477265,Stroop,43,L,
RED,congruent,r,red,,,,,12,4,76,0,,,,,r,1,0.583560362924,,,,,2017_Oct_03_1042,59.9077477265,Stroop,43,L,
RED,incongruent,b,blue,,,,,12,5,77,1,,,,,b,1,0.933595382608,,,,,2017_Oct_03_1042,59.9077477265,Stroop,43,L,
BLUE,congruent,b,blue,,,,,13,0,78,3,,,,,b,1,0.584086785093,,,,,2017_Oct_03_1042,59.9077477265,Stroop,43,L,
RED,congruent,r,red,,,,,13,1,79,0,,,,,r,1,0.413481216412,,,,,2017_Oct_03_1042,59.9077477265,Stroop,43,L,
XXXX,neutral,r,red,,,,,13,2,80,4,,,,,b,0,0.617134802742,,,,,2017_Oct_03_1042,59.9077477265,Stroop,43,L,
BLUE,incongruent,r,red,,,,,13,3,81,2,,,,,r,1,1.0335942707,,,,,2017_Oct_03_1042,59.9077477265,Stroop,43,L,
BLUE,congruent,b,blue,,,,,13,4,82,3,,,,,b,1,0.933322255965,,,,,2017_Oct_03_1042,59.9077477265,Stroop,43,L,
BLUE,incongruent,r,red,,,,,13,5,83,2,,,,,r,1,0.900438594865,,,,,2017_Oct_03_1042,59.9077477265,Stroop,43,L,
XXXX,neutral,r,red,,,,,14,0,84,4,,,,,r,1,0.90040854807,,,,,2017_Oct_03_1042,59.9077477265,Stroop,43,L,
RED,congruent,r,red,,,,,14,1,85,0,,,,,r,1,0.866702202242,,,,,2017_Oct_03_1042,59.9077477265,Stroop,43,L,
XXXX,neutral,r,red,,,,,14,2,86,4,,,,,r,1,0.766945191892,,,,,2017_Oct_03_1042,59.9077477265,Stroop,43,L,
BLUE,incongruent,r,red,,,,,14,3,87,2,,,,,r,1,0.700363898184,,,,,2017_Oct_03_1042,59.9077477265,Stroop,43,L,
BLUE,congruent,b,blue,,,,,14,4,88,3,,,,,b,1,1.01711142645,,,,,2017_Oct_03_1042,59.9077477265,Stroop,43,L,
RED,incongruent,b,blue,,,,,14,5,89,1,,,,,b,1,1.50015399046,,,,,2017_Oct_03_1042,59.9077477265,Stroop,43,L,
BLUE,incongruent,r,red,,,,,15,0,90,2,,,,,r,1,0.600333761191,,,,,2017_Oct_03_1042,59.9077477265,Stroop,43,L,
BLUE,congruent,b,blue,,,,,15,1,91,3,,,,,b,1,1.06686734012,,,,,2017_Oct_03_1042,59.9077477265,Stroop,43,L,
BLUE,incongruent,r,red,,,,,15,2,92,2,,,,,r,1,0.716944395564,,,,,2017_Oct_03_1042,59.9077477265,Stroop,43,L,
XXXX,neutral,b,blue,,,,,15,3,93,5,,,,,b,1,0.850378606236,,,,,2017_Oct_03_1042,59.9077477265,Stroop,43,L,
XXXX,neutral,b,blue,,,,,15,4,94,5,,,,,b,1,0.600225291913,,,,,2017_Oct_03_1042,59.9077477265,Stroop,43,L,
RED,incongruent,b,blue,,,,,15,5,95,1,,,,,b,1,0.463949542958,,,,,2017_Oct_03_1042,59.9077477265,Stroop,43,L,
BLUE,congruent,b,blue,,,,,16,0,96,3,,,,,b,1,0.433694086969,,,,,2017_Oct_03_1042,59.9077477265,Stroop,43,L,
RED,incongruent,b,blue,,,,,16,1,97,1,,,,,b,1,0.716914949473,,,,,2017_Oct_03_1042,59.9077477265,Stroop,43,L,
XXXX,neutral,b,blue,,,,,16,2,98,5,,,,,b,1,0.433579307515,,,,,2017_Oct_03_1042,59.9077477265,Stroop,43,L,
RED,congruent,r,red,,,,,16,3,99,0,,,,,r,1,0.46701733442,,,,,2017_Oct_03_1042,59.9077477265,Stroop,43,L,
XXXX,neutral,b,blue,,,,,16,4,100,5,,,,,b,1,1.10026209941,,,,,2017_Oct_03_1042,59.9077477265,Stroop,43,L,
XXXX,neutral,b,blue,,,,,16,5,101,5,,,,,b,1,0.633477929048,,,,,2017_Oct_03_1042,59.9077477265,Stroop,43,L,
BLUE,incongruent,r,red,,,,,17,0,102,2,,,,,r,1,0.583807649324,,,,,2017_Oct_03_1042,59.9077477265,Stroop,43,L,
BLUE,congruent,b,blue,,,,,17,1,103,3,,,,,b,1,0.883290811908,,,,,2017_Oct_03_1042,59.9077477265,Stroop,43,L,
BLUE,incongruent,r,red,,,,,17,2,104,2,,,,,r,1,0.683561054058,,,,,2017_Oct_03_1042,59.9077477265,Stroop,43,L,
RED,incongruent,b,blue,,,,,17,3,105,1,,,,,b,1,0.650219477946,,,,,2017_Oct_03_1042,59.9077477265,Stroop,43,L,
BLUE,congruent,b,blue,,,,,17,4,106,3,,,,,b,1,0.600914868992,,,,,2017_Oct_03_1042,59.9077477265,Stroop,43,L,
RED,incongruent,b,blue,,,,,17,5,107,1,,,,,b,1,0.533685162896,,,,,2017_Oct_03_1042,59.9077477265,Stroop,43,L,
BLUE,incongruent,r,red,,,,,18,0,108,2,,,,,r,1,0.600156484405,,,,,2017_Oct_03_1042,59.9077477265,Stroop,43,L,
RED,incongruent,b,blue,,,,,18,1,109,1,,,,,b,1,1.21696077101,,,,,2017_Oct_03_1042,59.9077477265,Stroop,43,L,
XXXX,neutral,b,blue,,,,,18,2,110,5,,,,,b,1,0.580784327118,,,,,2017_Oct_03_1042,59.9077477265,Stroop,43,L,
XXXX,neutral,b,blue,,,,,18,3,111,5,,,,,b,1,0.56705918978,,,,,2017_Oct_03_1042,59.9077477265,Stroop,43,L,
BLUE,congruent,b,blue,,,,,18,4,112,3,,,,,b,1,0.583530616481,,,,,2017_Oct_03_1042,59.9077477265,Stroop,43,L,
RED,incongruent,b,blue,,,,,18,5,113,1,,,,,b,1,0.483650413575,,,,,2017_Oct_03_1042,59.9077477265,Stroop,43,L,
RED,congruent,r,red,,,,,19,0,114,0,,,,,r,1,0.616982765263,,,,,2017_Oct_03_1042,59.9077477265,Stroop,43,L,
BLUE,congruent,b,blue,,,,,19,1,115,3,,,,,b,1,0.633647093549,,,,,2017_Oct_03_1042,59.9077477265,Stroop,43,L,
BLUE,congruent,b,blue,,,,,19,2,116,3,,,,,b,1,0.4835698877,,,,,2017_Oct_03_1042,59.9077477265,Stroop,43,L,
RED,congruent,r,red,,,,,19,3,117,0,,,,,r,1,0.783599904738,,,,,2017_Oct_03_1042,59.9077477265,Stroop,43,L,
RED,congruent,r,red,,,,,19,4,118,0,,,,,r,1,0.51720922906,,,,,2017_Oct_03_1042,59.9077477265,Stroop,43,L,
BLUE,congruent,b,blue,,,,,19,5,119,3,,,,,b,1,0.634120633127,,,,,2017_Oct_03_1042,59.9077477265,Stroop,43,L,
XXXX,neutral,r,red,,,,,20,0,120,4,,,,,r,1,0.580979932565,,,,,2017_Oct_03_1042,59.9077477265,Stroop,43,L,
XXXX,neutral,r,red,,,,,20,1,121,4,,,,,r,1,0.416957045207,,,,,2017_Oct_03_1042,59.9077477265,Stroop,43,L,
BLUE,congruent,b,blue,,,,,20,2,122,3,,,,,b,1,0.533535829512,,,,,2017_Oct_03_1042,59.9077477265,Stroop,43,L,
RED,incongruent,b,blue,,,,,20,3,123,1,,,,,b,1,0.683584791142,,,,,2017_Oct_03_1042,59.9077477265,Stroop,43,L,
RED,congruent,r,red,,,,,20,4,124,0,,,,,r,1,0.516877511051,,,,,2017_Oct_03_1042,59.9077477265,Stroop,43,L,
XXXX,neutral,b,blue,,,,,20,5,125,5,,,,,b,1,0.466880019987,,,,,2017_Oct_03_1042,59.9077477265,Stroop,43,L,
RED,congruent,r,red,,,,,21,0,126,0,,,,,r,1,0.566898738965,,,,,2017_Oct_03_1042,59.9077477265,Stroop,43,L,
XXXX,neutral,b,blue,,,,,21,1,127,5,,,,,b,1,0.450240931241,,,,,2017_Oct_03_1042,59.9077477265,Stroop,43,L,
XXXX,neutral,b,blue,,,,,21,2,128,5,,,,,b,1,0.43359613372,,,,,2017_Oct_03_1042,59.9077477265,Stroop,43,L,
XXXX,neutral,b,blue,,,,,21,3,129,5,,,,,b,1,0.566709743813,,,,,2017_Oct_03_1042,59.9077477265,Stroop,43,L,
RED,incongruent,b,blue,,,,,21,4,130,1,,,,,b,1,0.566893030191,,,,,2017_Oct_03_1042,59.9077477265,Stroop,43,L,
BLUE,congruent,b,blue,,,,,21,5,131,3,,,,,b,1,0.500286497409,,,,,2017_Oct_03_1042,59.9077477265,Stroop,43,L,
XXXX,neutral,r,red,,,,,22,0,132,4,,,,,r,1,0.783582777949,,,,,2017_Oct_03_1042,59.9077477265,Stroop,43,L,
BLUE,incongruent,r,red,,,,,22,1,133,2,,,,,r,1,1.81677472033,,,,,2017_Oct_03_1042,59.9077477265,Stroop,43,L,
XXXX,neutral,r,red,,,,,22,2,134,4,,,,,r,1,0.664196108002,,,,,2017_Oct_03_1042,59.9077477265,Stroop,43,L,
XXXX,neutral,r,red,,,,,22,3,135,4,,,,,r,1,0.41428437084,,,,,2017_Oct_03_1042,59.9077477265,Stroop,43,L,
BLUE,incongruent,r,red,,,,,22,4,136,2,,,,,r,1,0.50014948356,,,,,2017_Oct_03_1042,59.9077477265,Stroop,43,L,
BLUE,incongruent,r,red,,,,,22,5,137,2,,,,,r,1,0.666916857474,,,,,2017_Oct_03_1042,59.9077477265,Stroop,43,L,
BLUE,incongruent,r,red,,,,,23,0,138,2,,,,,r,1,0.350242944434,,,,,2017_Oct_03_1042,59.9077477265,Stroop,43,L,
XXXX,neutral,b,blue,,,,,23,1,139,5,,,,,b,1,0.733593099052,,,,,2017_Oct_03_1042,59.9077477265,Stroop,43,L,
RED,congruent,r,red,,,,,23,2,140,0,,,,,r,1,0.533464317909,,,,,2017_Oct_03_1042,59.9077477265,Stroop,43,L,
XXXX,neutral,r,red,,,,,23,3,141,4,,,,,r,1,0.500190948369,,,,,2017_Oct_03_1042,59.9077477265,Stroop,43,L,
XXXX,neutral,r,red,,,,,23,4,142,4,,,,,r,1,0.364216269227,,,,,2017_Oct_03_1042,59.9077477265,Stroop,43,L,
RED,congruent,r,red,,,,,23,5,143,0,,,,,r,1,0.333685283083,,,,,2017_Oct_03_1042,59.9077477265,Stroop,43,L,
BLUE,congruent,b,blue,,,,,24,0,144,3,,,,,b,1,0.500254347222,,,,,2017_Oct_03_1042,59.9077477265,Stroop,43,L,
RED,congruent,r,red,,,,,24,1,145,0,,,,,r,1,0.400322463829,,,,,2017_Oct_03_1042,59.9077477265,Stroop,43,L,
BLUE,congruent,b,blue,,,,,24,2,146,3,,,,,b,1,0.533540336648,,,,,2017_Oct_03_1042,59.9077477265,Stroop,43,L,
RED,congruent,r,red,,,,,24,3,147,0,,,,,r,1,0.46699600108,,,,,2017_Oct_03_1042,59.9077477265,Stroop,43,L,
XXXX,neutral,r,red,,,,,24,4,148,4,,,,,r,1,0.984216046985,,,,,2017_Oct_03_1042,59.9077477265,Stroop,43,L,
RED,incongruent,b,blue,,,,,24,5,149,1,,,,,b,1,0.517503388459,,,,,2017_Oct_03_1042,59.9077477265,Stroop,43,L,
,,,,,,,,,,,,,,,,,,,,,b,49.0152953898,2017_Oct_03_1042,59.9077477265,Stroop,43,L,
