word,type,correct,ink,Practice.thisRepN,Practice.thisTrialN,Practice.thisN,Practice.thisIndex,trials.thisRepN,trials.thisTrialN,trials.thisN,trials.thisIndex,ready_to_continue.keys,ready_to_continue.rt,key_resp_2.keys,key_resp_2.rt,Response.keys,Response.corr,Response.rt,begin_exp.keys,begin_exp.rt,finished.keys,finished.rt,date,frameRate,expName,participant,condition
,,,,,,,,,,,,r,75.5809577,,,,,,,,,,2017_Oct_05_1055,60.20740734,Stroop,45,L
,,,,,,,,,,,,,,r,3.40023653,,,,,,,,2017_Oct_05_1055,60.20740734,Stroop,45,L
BLUE,congruent,b,blue,0,0,0,3,,,,,,,,,b,1,1.082960476,,,,,2017_Oct_05_1055,60.20740734,Stroop,45,L
RED,incongruent,b,blue,0,1,1,1,,,,,,,,,b,1,1.166858116,,,,,2017_Oct_05_1055,60.20740734,Stroop,45,L
XXXX,neutral,r,red,0,2,2,4,,,,,,,,,r,1,0.816860354,,,,,2017_Oct_05_1055,60.20740734,Stroop,45,L
BLUE,incongruent,r,red,0,3,3,2,,,,,,,,,r,1,0.800309003,,,,,2017_Oct_05_1055,60.20740734,Stroop,45,L
XXXX,neutral,b,blue,0,4,4,5,,,,,,,,,b,1,0.70007695,,,,,2017_Oct_05_1055,60.20740734,Stroop,45,L
RED,congruent,r,red,0,5,5,0,,,,,,,,,r,1,0.416911674,,,,,2017_Oct_05_1055,60.20740734,Stroop,45,L
BLUE,incongruent,r,red,1,0,6,2,,,,,,,,,r,1,0.881013255,,,,,2017_Oct_05_1055,60.20740734,Stroop,45,L
XXXX,neutral,r,red,1,1,7,4,,,,,,,,,r,1,0.533395811,,,,,2017_Oct_05_1055,60.20740734,Stroop,45,L
XXXX,neutral,b,blue,1,2,8,5,,,,,,,,,b,1,0.466759832,,,,,2017_Oct_05_1055,60.20740734,Stroop,45,L
RED,incongruent,b,blue,1,3,9,1,,,,,,,,,b,1,0.464252416,,,,,2017_Oct_05_1055,60.20740734,Stroop,45,L
RED,congruent,r,red,1,4,10,0,,,,,,,,,r,1,0.397609226,,,,,2017_Oct_05_1055,60.20740734,Stroop,45,L
BLUE,congruent,b,blue,1,5,11,3,,,,,,,,,b,1,0.900322614,,,,,2017_Oct_05_1055,60.20740734,Stroop,45,L
,,,,,,,,,,,,,,,,,,,r,4.433495176,,,2017_Oct_05_1055,60.20740734,Stroop,45,L
XXXX,neutral,b,blue,,,,,0,0,0,5,,,,,b,1,0.600196747,,,,,2017_Oct_05_1055,60.20740734,Stroop,45,L
RED,incongruent,b,blue,,,,,0,1,1,1,,,,,b,1,0.833362128,,,,,2017_Oct_05_1055,60.20740734,Stroop,45,L
BLUE,incongruent,r,red,,,,,0,2,2,2,,,,,r,1,0.583970804,,,,,2017_Oct_05_1055,60.20740734,Stroop,45,L
XXXX,neutral,r,red,,,,,0,3,3,4,,,,,r,1,0.550239219,,,,,2017_Oct_05_1055,60.20740734,Stroop,45,L
RED,incongruent,b,blue,,,,,0,4,4,1,,,,,b,1,0.600072954,,,,,2017_Oct_05_1055,60.20740734,Stroop,45,L
BLUE,congruent,b,blue,,,,,0,5,5,3,,,,,b,1,0.733619841,,,,,2017_Oct_05_1055,60.20740734,Stroop,45,L
RED,incongruent,b,blue,,,,,1,0,6,1,,,,,b,1,0.784123022,,,,,2017_Oct_05_1055,60.20740734,Stroop,45,L
RED,incongruent,b,blue,,,,,1,1,7,1,,,,,b,1,0.633738135,,,,,2017_Oct_05_1055,60.20740734,Stroop,45,L
XXXX,neutral,r,red,,,,,1,2,8,4,,,,,r,1,0.416898754,,,,,2017_Oct_05_1055,60.20740734,Stroop,45,L
BLUE,congruent,b,blue,,,,,1,3,9,3,,,,,b,1,0.366915686,,,,,2017_Oct_05_1055,60.20740734,Stroop,45,L
RED,incongruent,b,blue,,,,,1,4,10,1,,,,,b,1,0.416823336,,,,,2017_Oct_05_1055,60.20740734,Stroop,45,L
RED,congruent,r,red,,,,,1,5,11,0,,,,,r,1,0.416868106,,,,,2017_Oct_05_1055,60.20740734,Stroop,45,L
XXXX,neutral,r,red,,,,,2,0,12,4,,,,,r,1,0.58355856,,,,,2017_Oct_05_1055,60.20740734,Stroop,45,L
RED,congruent,r,red,,,,,2,1,13,0,,,,,r,1,0.566666176,,,,,2017_Oct_05_1055,60.20740734,Stroop,45,L
BLUE,congruent,b,blue,,,,,2,2,14,3,,,,,b,1,0.466935006,,,,,2017_Oct_05_1055,60.20740734,Stroop,45,L
XXXX,neutral,b,blue,,,,,2,3,15,5,,,,,b,1,0.547279896,,,,,2017_Oct_05_1055,60.20740734,Stroop,45,L
BLUE,incongruent,r,red,,,,,2,4,16,2,,,,,r,1,0.714113975,,,,,2017_Oct_05_1055,60.20740734,Stroop,45,L
RED,incongruent,b,blue,,,,,2,5,17,1,,,,,b,1,0.647715066,,,,,2017_Oct_05_1055,60.20740734,Stroop,45,L
RED,incongruent,b,blue,,,,,3,0,18,1,,,,,b,1,0.683598913,,,,,2017_Oct_05_1055,60.20740734,Stroop,45,L
RED,incongruent,b,blue,,,,,3,1,19,1,,,,,b,1,0.883327469,,,,,2017_Oct_05_1055,60.20740734,Stroop,45,L
BLUE,incongruent,r,red,,,,,3,2,20,2,,,,,r,1,0.567215434,,,,,2017_Oct_05_1055,60.20740734,Stroop,45,L
RED,congruent,r,red,,,,,3,3,21,0,,,,,r,1,0.483626977,,,,,2017_Oct_05_1055,60.20740734,Stroop,45,L
XXXX,neutral,b,blue,,,,,3,4,22,5,,,,,b,1,0.447686041,,,,,2017_Oct_05_1055,60.20740734,Stroop,45,L
BLUE,congruent,b,blue,,,,,3,5,23,3,,,,,b,1,0.516905455,,,,,2017_Oct_05_1055,60.20740734,Stroop,45,L
RED,congruent,r,red,,,,,4,0,24,0,,,,,r,1,0.566905049,,,,,2017_Oct_05_1055,60.20740734,Stroop,45,L
RED,congruent,r,red,,,,,4,1,25,0,,,,,r,1,0.516916872,,,,,2017_Oct_05_1055,60.20740734,Stroop,45,L
RED,congruent,r,red,,,,,4,2,26,0,,,,,r,1,0.450126152,,,,,2017_Oct_05_1055,60.20740734,Stroop,45,L
RED,incongruent,b,blue,,,,,4,3,27,1,,,,,b,1,0.583585302,,,,,2017_Oct_05_1055,60.20740734,Stroop,45,L
BLUE,congruent,b,blue,,,,,4,4,28,3,,,,,b,1,0.697602285,,,,,2017_Oct_05_1055,60.20740734,Stroop,45,L
RED,congruent,r,red,,,,,4,5,29,0,,,,,r,1,0.369581149,,,,,2017_Oct_05_1055,60.20740734,Stroop,45,L
RED,incongruent,b,blue,,,,,5,0,30,1,,,,,b,1,0.666959825,,,,,2017_Oct_05_1055,60.20740734,Stroop,45,L
BLUE,congruent,b,blue,,,,,5,1,31,3,,,,,b,1,0.567025237,,,,,2017_Oct_05_1055,60.20740734,Stroop,45,L
RED,incongruent,b,blue,,,,,5,2,32,1,,,,,b,1,0.566865387,,,,,2017_Oct_05_1055,60.20740734,Stroop,45,L
RED,congruent,r,red,,,,,5,3,33,0,,,,,r,1,0.383592032,,,,,2017_Oct_05_1055,60.20740734,Stroop,45,L
RED,incongruent,b,blue,,,,,5,4,34,1,,,,,b,1,0.666865477,,,,,2017_Oct_05_1055,60.20740734,Stroop,45,L
RED,congruent,r,red,,,,,5,5,35,0,,,,,r,1,0.51683184,,,,,2017_Oct_05_1055,60.20740734,Stroop,45,L
BLUE,incongruent,r,red,,,,,6,0,36,2,,,,,r,1,0.580902712,,,,,2017_Oct_05_1055,60.20740734,Stroop,45,L
BLUE,incongruent,r,red,,,,,6,1,37,2,,,,,r,1,0.916795543,,,,,2017_Oct_05_1055,60.20740734,Stroop,45,L
BLUE,incongruent,r,red,,,,,6,2,38,2,,,,,r,1,0.416922792,,,,,2017_Oct_05_1055,60.20740734,Stroop,45,L
XXXX,neutral,r,red,,,,,6,3,39,4,,,,,r,1,0.666851956,,,,,2017_Oct_05_1055,60.20740734,Stroop,45,L
XXXX,neutral,b,blue,,,,,6,4,40,5,,,,,b,1,0.383740464,,,,,2017_Oct_05_1055,60.20740734,Stroop,45,L
BLUE,congruent,b,blue,,,,,6,5,41,3,,,,,b,1,0.450289006,,,,,2017_Oct_05_1055,60.20740734,Stroop,45,L
RED,incongruent,b,blue,,,,,7,0,42,1,,,,,b,1,0.814169652,,,,,2017_Oct_05_1055,60.20740734,Stroop,45,L
RED,congruent,r,red,,,,,7,1,43,0,,,,,r,1,0.466976771,,,,,2017_Oct_05_1055,60.20740734,Stroop,45,L
BLUE,congruent,b,blue,,,,,7,2,44,3,,,,,b,1,0.564226065,,,,,2017_Oct_05_1055,60.20740734,Stroop,45,L
XXXX,neutral,r,red,,,,,7,3,45,4,,,,,r,1,0.766768516,,,,,2017_Oct_05_1055,60.20740734,Stroop,45,L
BLUE,incongruent,r,red,,,,,7,4,46,2,,,,,r,1,0.983444742,,,,,2017_Oct_05_1055,60.20740734,Stroop,45,L
RED,incongruent,b,blue,,,,,7,5,47,1,,,,,b,1,0.730909608,,,,,2017_Oct_05_1055,60.20740734,Stroop,45,L
XXXX,neutral,b,blue,,,,,8,0,48,5,,,,,b,1,0.566858777,,,,,2017_Oct_05_1055,60.20740734,Stroop,45,L
XXXX,neutral,b,blue,,,,,8,1,49,5,,,,,b,1,0.516878112,,,,,2017_Oct_05_1055,60.20740734,Stroop,45,L
XXXX,neutral,b,blue,,,,,8,2,50,5,,,,,b,1,0.516926788,,,,,2017_Oct_05_1055,60.20740734,Stroop,45,L
BLUE,congruent,b,blue,,,,,8,3,51,3,,,,,b,1,0.614181791,,,,,2017_Oct_05_1055,60.20740734,Stroop,45,L
BLUE,congruent,b,blue,,,,,8,4,52,3,,,,,b,1,0.466802499,,,,,2017_Oct_05_1055,60.20740734,Stroop,45,L
BLUE,congruent,b,blue,,,,,8,5,53,3,,,,,b,1,0.469774441,,,,,2017_Oct_05_1055,60.20740734,Stroop,45,L
XXXX,neutral,b,blue,,,,,9,0,54,5,,,,,b,1,0.416846172,,,,,2017_Oct_05_1055,60.20740734,Stroop,45,L
RED,incongruent,b,blue,,,,,9,1,55,1,,,,,b,1,0.616713845,,,,,2017_Oct_05_1055,60.20740734,Stroop,45,L
RED,incongruent,b,blue,,,,,9,2,56,1,,,,,b,1,0.366816531,,,,,2017_Oct_05_1055,60.20740734,Stroop,45,L
XXXX,neutral,b,blue,,,,,9,3,57,5,,,,,b,1,0.366921395,,,,,2017_Oct_05_1055,60.20740734,Stroop,45,L
BLUE,congruent,b,blue,,,,,9,4,58,3,,,,,b,1,0.383729647,,,,,2017_Oct_05_1055,60.20740734,Stroop,45,L
XXXX,neutral,r,red,,,,,9,5,59,4,,,,,r,1,0.483633888,,,,,2017_Oct_05_1055,60.20740734,Stroop,45,L
XXXX,neutral,b,blue,,,,,10,0,60,5,,,,,b,1,0.483563277,,,,,2017_Oct_05_1055,60.20740734,Stroop,45,L
BLUE,incongruent,r,red,,,,,10,1,61,2,,,,,r,1,0.680620661,,,,,2017_Oct_05_1055,60.20740734,Stroop,45,L
BLUE,incongruent,r,red,,,,,10,2,62,2,,,,,r,1,0.650281975,,,,,2017_Oct_05_1055,60.20740734,Stroop,45,L
XXXX,neutral,r,red,,,,,10,3,63,4,,,,,r,1,0.500244432,,,,,2017_Oct_05_1055,60.20740734,Stroop,45,L
XXXX,neutral,b,blue,,,,,10,4,64,5,,,,,b,1,0.783528093,,,,,2017_Oct_05_1055,60.20740734,Stroop,45,L
XXXX,neutral,b,blue,,,,,10,5,65,5,,,,,b,1,0.650236004,,,,,2017_Oct_05_1055,60.20740734,Stroop,45,L
RED,congruent,r,red,,,,,11,0,66,0,,,,,r,1,0.564308093,,,,,2017_Oct_05_1055,60.20740734,Stroop,45,L
RED,congruent,r,red,,,,,11,1,67,0,,,,,r,1,0.516865793,,,,,2017_Oct_05_1055,60.20740734,Stroop,45,L
RED,incongruent,b,blue,,,,,11,2,68,1,,,,,b,1,0.764298658,,,,,2017_Oct_05_1055,60.20740734,Stroop,45,L
BLUE,congruent,b,blue,,,,,11,3,69,3,,,,,b,1,0.633623657,,,,,2017_Oct_05_1055,60.20740734,Stroop,45,L
XXXX,neutral,r,red,,,,,11,4,70,4,,,,,r,1,0.450256856,,,,,2017_Oct_05_1055,60.20740734,Stroop,45,L
XXXX,neutral,r,red,,,,,11,5,71,4,,,,,r,1,0.783534402,,,,,2017_Oct_05_1055,60.20740734,Stroop,45,L
RED,congruent,r,red,,,,,12,0,72,0,,,,,r,1,0.41678097,,,,,2017_Oct_05_1055,60.20740734,Stroop,45,L
XXXX,neutral,r,red,,,,,12,1,73,4,,,,,r,1,0.514291372,,,,,2017_Oct_05_1055,60.20740734,Stroop,45,L
BLUE,incongruent,r,red,,,,,12,2,74,2,,,,,r,1,0.50023031,,,,,2017_Oct_05_1055,60.20740734,Stroop,45,L
RED,incongruent,b,blue,,,,,12,3,75,1,,,,,b,1,0.583470522,,,,,2017_Oct_05_1055,60.20740734,Stroop,45,L
RED,incongruent,b,blue,,,,,12,4,76,1,,,,,b,1,0.71668449,,,,,2017_Oct_05_1055,60.20740734,Stroop,45,L
XXXX,neutral,b,blue,,,,,12,5,77,5,,,,,b,1,0.416640952,,,,,2017_Oct_05_1055,60.20740734,Stroop,45,L
BLUE,congruent,b,blue,,,,,13,0,78,3,,,,,b,1,0.650088173,,,,,2017_Oct_05_1055,60.20740734,Stroop,45,L
BLUE,congruent,b,blue,,,,,13,1,79,3,,,,,b,1,0.533575792,,,,,2017_Oct_05_1055,60.20740734,Stroop,45,L
XXXX,neutral,r,red,,,,,13,2,80,4,,,,,r,1,0.433989148,,,,,2017_Oct_05_1055,60.20740734,Stroop,45,L
RED,congruent,r,red,,,,,13,3,81,0,,,,,r,1,0.933894049,,,,,2017_Oct_05_1055,60.20740734,Stroop,45,L
BLUE,incongruent,r,red,,,,,13,4,82,2,,,,,r,1,0.597519566,,,,,2017_Oct_05_1055,60.20740734,Stroop,45,L
XXXX,neutral,b,blue,,,,,13,5,83,5,,,,,b,1,0.483473137,,,,,2017_Oct_05_1055,60.20740734,Stroop,45,L
XXXX,neutral,b,blue,,,,,14,0,84,5,,,,,b,1,0.633878455,,,,,2017_Oct_05_1055,60.20740734,Stroop,45,L
XXXX,neutral,r,red,,,,,14,1,85,4,,,,,r,1,0.600187132,,,,,2017_Oct_05_1055,60.20740734,Stroop,45,L
RED,incongruent,b,blue,,,,,14,2,86,1,,,,,b,1,0.93374742,,,,,2017_Oct_05_1055,60.20740734,Stroop,45,L
XXXX,neutral,r,red,,,,,14,3,87,4,,,,,r,1,0.500059042,,,,,2017_Oct_05_1055,60.20740734,Stroop,45,L
XXXX,neutral,r,red,,,,,14,4,88,4,,,,,r,1,0.550703744,,,,,2017_Oct_05_1055,60.20740734,Stroop,45,L
RED,incongruent,b,blue,,,,,14,5,89,1,,,,,b,1,0.636363336,,,,,2017_Oct_05_1055,60.20740734,Stroop,45,L
XXXX,neutral,r,red,,,,,15,0,90,4,,,,,r,1,0.566974157,,,,,2017_Oct_05_1055,60.20740734,Stroop,45,L
RED,congruent,r,red,,,,,15,1,91,0,,,,,r,1,0.533820074,,,,,2017_Oct_05_1055,60.20740734,Stroop,45,L
RED,congruent,r,red,,,,,15,2,92,0,,,,,r,1,0.552891762,,,,,2017_Oct_05_1055,60.20740734,Stroop,45,L
XXXX,neutral,r,red,,,,,15,3,93,4,,,,,r,1,0.566916166,,,,,2017_Oct_05_1055,60.20740734,Stroop,45,L
BLUE,incongruent,r,red,,,,,15,4,94,2,,,,,r,1,0.750245709,,,,,2017_Oct_05_1055,60.20740734,Stroop,45,L
BLUE,incongruent,r,red,,,,,15,5,95,2,,,,,r,1,0.699913495,,,,,2017_Oct_05_1055,60.20740734,Stroop,45,L
BLUE,incongruent,r,red,,,,,16,0,96,2,,,,,r,1,0.798120985,,,,,2017_Oct_05_1055,60.20740734,Stroop,45,L
BLUE,incongruent,r,red,,,,,16,1,97,2,,,,,r,1,0.714348341,,,,,2017_Oct_05_1055,60.20740734,Stroop,45,L
BLUE,congruent,b,blue,,,,,16,2,98,3,,,,,b,1,0.550141566,,,,,2017_Oct_05_1055,60.20740734,Stroop,45,L
XXXX,neutral,r,red,,,,,16,3,99,4,,,,,r,1,0.567272523,,,,,2017_Oct_05_1055,60.20740734,Stroop,45,L
BLUE,incongruent,r,red,,,,,16,4,100,2,,,,,r,1,0.883230418,,,,,2017_Oct_05_1055,60.20740734,Stroop,45,L
RED,incongruent,b,blue,,,,,16,5,101,1,,,,,b,1,0.816651227,,,,,2017_Oct_05_1055,60.20740734,Stroop,45,L
BLUE,incongruent,r,red,,,,,17,0,102,2,,,,,r,1,0.633721009,,,,,2017_Oct_05_1055,60.20740734,Stroop,45,L
RED,congruent,r,red,,,,,17,1,103,0,,,,,r,1,0.833066767,,,,,2017_Oct_05_1055,60.20740734,Stroop,45,L
RED,congruent,r,red,,,,,17,2,104,0,,,,,r,1,0.434088603,,,,,2017_Oct_05_1055,60.20740734,Stroop,45,L
RED,congruent,r,red,,,,,17,3,105,0,,,,,r,1,0.697466173,,,,,2017_Oct_05_1055,60.20740734,Stroop,45,L
XXXX,neutral,r,red,,,,,17,4,106,4,,,,,r,1,0.5670658,,,,,2017_Oct_05_1055,60.20740734,Stroop,45,L
XXXX,neutral,r,red,,,,,17,5,107,4,,,,,r,1,0.497943438,,,,,2017_Oct_05_1055,60.20740734,Stroop,45,L
BLUE,congruent,b,blue,,,,,18,0,108,3,,,,,b,1,0.466325955,,,,,2017_Oct_05_1055,60.20740734,Stroop,45,L
BLUE,congruent,b,blue,,,,,18,1,109,3,,,,,b,1,0.516950525,,,,,2017_Oct_05_1055,60.20740734,Stroop,45,L
RED,congruent,r,red,,,,,18,2,110,0,,,,,r,1,0.450053739,,,,,2017_Oct_05_1055,60.20740734,Stroop,45,L
BLUE,incongruent,r,red,,,,,18,3,111,2,,,,,r,1,1.100189987,,,,,2017_Oct_05_1055,60.20740734,Stroop,45,L
BLUE,incongruent,r,red,,,,,18,4,112,2,,,,,r,1,0.730869045,,,,,2017_Oct_05_1055,60.20740734,Stroop,45,L
XXXX,neutral,r,red,,,,,18,5,113,4,,,,,r,1,0.516895239,,,,,2017_Oct_05_1055,60.20740734,Stroop,45,L
BLUE,congruent,b,blue,,,,,19,0,114,3,,,,,b,1,0.41700512,,,,,2017_Oct_05_1055,60.20740734,Stroop,45,L
BLUE,congruent,b,blue,,,,,19,1,115,3,,,,,b,1,0.41698589,,,,,2017_Oct_05_1055,60.20740734,Stroop,45,L
XXXX,neutral,b,blue,,,,,19,2,116,5,,,,,b,1,0.48334063,,,,,2017_Oct_05_1055,60.20740734,Stroop,45,L
RED,incongruent,b,blue,,,,,19,3,117,1,,,,,b,1,0.76709122,,,,,2017_Oct_05_1055,60.20740734,Stroop,45,L
BLUE,incongruent,r,red,,,,,19,4,118,2,,,,,r,1,0.433650819,,,,,2017_Oct_05_1055,60.20740734,Stroop,45,L
XXXX,neutral,r,red,,,,,19,5,119,4,,,,,r,1,0.43360004,,,,,2017_Oct_05_1055,60.20740734,Stroop,45,L
RED,congruent,r,red,,,,,20,0,120,0,,,,,r,1,0.383255507,,,,,2017_Oct_05_1055,60.20740734,Stroop,45,L
XXXX,neutral,r,red,,,,,20,1,121,4,,,,,r,1,0.434193767,,,,,2017_Oct_05_1055,60.20740734,Stroop,45,L
BLUE,incongruent,r,red,,,,,20,2,122,2,,,,,r,1,0.416843167,,,,,2017_Oct_05_1055,60.20740734,Stroop,45,L
RED,congruent,r,red,,,,,20,3,123,0,,,,,r,1,0.400334482,,,,,2017_Oct_05_1055,60.20740734,Stroop,45,L
XXXX,neutral,b,blue,,,,,20,4,124,5,,,,,b,1,0.414458042,,,,,2017_Oct_05_1055,60.20740734,Stroop,45,L
RED,congruent,r,red,,,,,20,5,125,0,,,,,r,1,0.386204012,,,,,2017_Oct_05_1055,60.20740734,Stroop,45,L
BLUE,congruent,b,blue,,,,,21,0,126,3,,,,,b,1,0.4476599,,,,,2017_Oct_05_1055,60.20740734,Stroop,45,L
BLUE,incongruent,r,red,,,,,21,1,127,2,,,,,r,1,0.916908519,,,,,2017_Oct_05_1055,60.20740734,Stroop,45,L
XXXX,neutral,r,red,,,,,21,2,128,4,,,,,r,1,0.566917669,,,,,2017_Oct_05_1055,60.20740734,Stroop,45,L
XXXX,neutral,r,red,,,,,21,3,129,4,,,,,r,1,0.5335809,,,,,2017_Oct_05_1055,60.20740734,Stroop,45,L
XXXX,neutral,b,blue,,,,,21,4,130,5,,,,,b,1,0.416782172,,,,,2017_Oct_05_1055,60.20740734,Stroop,45,L
RED,incongruent,b,blue,,,,,21,5,131,1,,,,,b,1,0.383441798,,,,,2017_Oct_05_1055,60.20740734,Stroop,45,L
XXXX,neutral,b,blue,,,,,22,0,132,5,,,,,b,1,0.481113551,,,,,2017_Oct_05_1055,60.20740734,Stroop,45,L
XXXX,neutral,r,red,,,,,22,1,133,4,,,,,r,1,0.469559906,,,,,2017_Oct_05_1055,60.20740734,Stroop,45,L
BLUE,incongruent,r,red,,,,,22,2,134,2,,,,,r,1,0.450278189,,,,,2017_Oct_05_1055,60.20740734,Stroop,45,L
XXXX,neutral,b,blue,,,,,22,3,135,5,,,,,b,1,0.53355536,,,,,2017_Oct_05_1055,60.20740734,Stroop,45,L
XXXX,neutral,b,blue,,,,,22,4,136,5,,,,,b,1,0.500195155,,,,,2017_Oct_05_1055,60.20740734,Stroop,45,L
XXXX,neutral,b,blue,,,,,22,5,137,5,,,,,b,1,0.733555841,,,,,2017_Oct_05_1055,60.20740734,Stroop,45,L
RED,incongruent,b,blue,,,,,23,0,138,1,,,,,b,1,0.466968358,,,,,2017_Oct_05_1055,60.20740734,Stroop,45,L
BLUE,congruent,b,blue,,,,,23,1,139,3,,,,,b,1,0.614225659,,,,,2017_Oct_05_1055,60.20740734,Stroop,45,L
XXXX,neutral,b,blue,,,,,23,2,140,5,,,,,b,1,0.433607552,,,,,2017_Oct_05_1055,60.20740734,Stroop,45,L
XXXX,neutral,b,blue,,,,,23,3,141,5,,,,,b,1,0.433828396,,,,,2017_Oct_05_1055,60.20740734,Stroop,45,L
BLUE,congruent,b,blue,,,,,23,4,142,3,,,,,b,1,0.414302399,,,,,2017_Oct_05_1055,60.20740734,Stroop,45,L
BLUE,congruent,b,blue,,,,,23,5,143,3,,,,,b,1,0.433577805,,,,,2017_Oct_05_1055,60.20740734,Stroop,45,L
BLUE,congruent,b,blue,,,,,24,0,144,3,,,,,b,1,0.416701346,,,,,2017_Oct_05_1055,60.20740734,Stroop,45,L
BLUE,incongruent,r,red,,,,,24,1,145,2,,,,,r,1,0.416894548,,,,,2017_Oct_05_1055,60.20740734,Stroop,45,L
RED,congruent,r,red,,,,,24,2,146,0,,,,,r,1,0.480939579,,,,,2017_Oct_05_1055,60.20740734,Stroop,45,L
XXXX,neutral,b,blue,,,,,24,3,147,5,,,,,b,1,0.450151992,,,,,2017_Oct_05_1055,60.20740734,Stroop,45,L
RED,congruent,r,red,,,,,24,4,148,0,,,,,r,1,0.500255549,,,,,2017_Oct_05_1055,60.20740734,Stroop,45,L
BLUE,incongruent,r,red,,,,,24,5,149,2,,,,,r,1,0.73361293,,,,,2017_Oct_05_1055,60.20740734,Stroop,45,L
,,,,,,,,,,,,,,,,,,,,,escape,37.4821697,2017_Oct_05_1055,60.20740734,Stroop,45,L
