word,type,correct,ink,Practice.thisRepN,Practice.thisTrialN,Practice.thisN,Practice.thisIndex,trials.thisRepN,trials.thisTrialN,trials.thisN,trials.thisIndex,ready_to_continue.keys,ready_to_continue.rt,key_resp_2.keys,key_resp_2.rt,Response.keys,Response.corr,Response.rt,begin_exp.keys,begin_exp.rt,finished.keys,finished.rt,date,frameRate,expName,participant,condition,
,,,,,,,,,,,,b,37.0154501314,,,,,,,,,,2017_Oct_05_1001,59.975545766,Stroop,49,L,
,,,,,,,,,,,,,,r,3.93332796497,,,,,,,,2017_Oct_05_1001,59.975545766,Stroop,49,L,
BLUE,congruent,b,blue,0,0,0,3,,,,,,,,,b,1,0.500220093876,,,,,2017_Oct_05_1001,59.975545766,Stroop,49,L,
RED,incongruent,b,blue,0,1,1,1,,,,,,,,,b,1,0.383717027726,,,,,2017_Oct_05_1001,59.975545766,Stroop,49,L,
XXXX,neutral,b,blue,0,2,2,5,,,,,,,,,b,1,0.516932196449,,,,,2017_Oct_05_1001,59.975545766,Stroop,49,L,
XXXX,neutral,r,red,0,3,3,4,,,,,,,,,r,1,0.366983591579,,,,,2017_Oct_05_1001,59.975545766,Stroop,49,L,
BLUE,incongruent,r,red,0,4,4,2,,,,,,,,,r,1,0.283651134698,,,,,2017_Oct_05_1001,59.975545766,Stroop,49,L,
RED,congruent,r,red,0,5,5,0,,,,,,,,,r,1,0.317574118963,,,,,2017_Oct_05_1001,59.975545766,Stroop,49,L,
RED,congruent,r,red,1,0,6,0,,,,,,,,,r,1,0.266884046141,,,,,2017_Oct_05_1001,59.975545766,Stroop,49,L,
XXXX,neutral,b,blue,1,1,7,5,,,,,,,,,b,1,0.30028691818,,,,,2017_Oct_05_1001,59.975545766,Stroop,49,L,
RED,incongruent,b,blue,1,2,8,1,,,,,,,,,r,0,0.330956721213,,,,,2017_Oct_05_1001,59.975545766,Stroop,49,L,
BLUE,incongruent,r,red,1,3,9,2,,,,,,,,,b,0,0.883618323598,,,,,2017_Oct_05_1001,59.975545766,Stroop,49,L,
BLUE,congruent,b,blue,1,4,10,3,,,,,,,,,b,1,0.533688768279,,,,,2017_Oct_05_1001,59.975545766,Stroop,49,L,
XXXX,neutral,r,red,1,5,11,4,,,,,,,,,r,1,0.349983338965,,,,,2017_Oct_05_1001,59.975545766,Stroop,49,L,
,,,,,,,,,,,,,,,,,,,b,4.46674931562,,,2017_Oct_05_1001,59.975545766,Stroop,49,L,
XXXX,neutral,b,blue,,,,,0,0,0,5,,,,,b,1,0.666919561801,,,,,2017_Oct_05_1001,59.975545766,Stroop,49,L,
BLUE,congruent,b,blue,,,,,0,1,1,3,,,,,b,1,0.383545159129,,,,,2017_Oct_05_1001,59.975545766,Stroop,49,L,
RED,congruent,r,red,,,,,0,2,2,0,,,,,r,1,0.297336610034,,,,,2017_Oct_05_1001,59.975545766,Stroop,49,L,
BLUE,incongruent,r,red,,,,,0,3,3,2,,,,,r,1,0.383652126417,,,,,2017_Oct_05_1001,59.975545766,Stroop,49,L,
BLUE,incongruent,r,red,,,,,0,4,4,2,,,,,r,1,0.450128856348,,,,,2017_Oct_05_1001,59.975545766,Stroop,49,L,
BLUE,congruent,b,blue,,,,,0,5,5,3,,,,,b,1,0.350919601507,,,,,2017_Oct_05_1001,59.975545766,Stroop,49,L,
RED,incongruent,b,blue,,,,,1,0,6,1,,,,,b,1,0.833622034173,,,,,2017_Oct_05_1001,59.975545766,Stroop,49,L,
RED,incongruent,b,blue,,,,,1,1,7,1,,,,,b,1,0.416910171974,,,,,2017_Oct_05_1001,59.975545766,Stroop,49,L,
XXXX,neutral,b,blue,,,,,1,2,8,5,,,,,b,1,0.400342595065,,,,,2017_Oct_05_1001,59.975545766,Stroop,49,L,
RED,congruent,r,red,,,,,1,3,9,0,,,,,r,1,0.28347896575,,,,,2017_Oct_05_1001,59.975545766,Stroop,49,L,
RED,congruent,r,red,,,,,1,4,10,0,,,,,r,1,0.266905078897,,,,,2017_Oct_05_1001,59.975545766,Stroop,49,L,
XXXX,neutral,r,red,,,,,1,5,11,4,,,,,r,1,0.216782592703,,,,,2017_Oct_05_1001,59.975545766,Stroop,49,L,
RED,congruent,r,red,,,,,2,0,12,0,,,,,r,1,0.350542812841,,,,,2017_Oct_05_1001,59.975545766,Stroop,49,L,
BLUE,congruent,b,blue,,,,,2,1,13,3,,,,,b,1,0.350188259035,,,,,2017_Oct_05_1001,59.975545766,Stroop,49,L,
RED,congruent,r,red,,,,,2,2,14,0,,,,,r,1,0.317068128847,,,,,2017_Oct_05_1001,59.975545766,Stroop,49,L,
XXXX,neutral,b,blue,,,,,2,3,15,5,,,,,b,1,0.333668456879,,,,,2017_Oct_05_1001,59.975545766,Stroop,49,L,
RED,incongruent,b,blue,,,,,2,4,16,1,,,,,r,0,0.316981593613,,,,,2017_Oct_05_1001,59.975545766,Stroop,49,L,
BLUE,incongruent,r,red,,,,,2,5,17,2,,,,,r,1,0.666978153167,,,,,2017_Oct_05_1001,59.975545766,Stroop,49,L,
BLUE,congruent,b,blue,,,,,3,0,18,3,,,,,b,1,0.533519003307,,,,,2017_Oct_05_1001,59.975545766,Stroop,49,L,
BLUE,congruent,b,blue,,,,,3,1,19,3,,,,,b,1,0.319700239692,,,,,2017_Oct_05_1001,59.975545766,Stroop,49,L,
BLUE,congruent,b,blue,,,,,3,2,20,3,,,,,b,1,0.316944335354,,,,,2017_Oct_05_1001,59.975545766,Stroop,49,L,
BLUE,incongruent,r,red,,,,,3,3,21,2,,,,,r,1,0.350325573469,,,,,2017_Oct_05_1001,59.975545766,Stroop,49,L,
XXXX,neutral,r,red,,,,,3,4,22,4,,,,,r,1,0.566846757894,,,,,2017_Oct_05_1001,59.975545766,Stroop,49,L,
BLUE,incongruent,r,red,,,,,3,5,23,2,,,,,r,1,0.417003617855,,,,,2017_Oct_05_1001,59.975545766,Stroop,49,L,
XXXX,neutral,r,red,,,,,4,0,24,4,,,,,r,1,0.366957450751,,,,,2017_Oct_05_1001,59.975545766,Stroop,49,L,
XXXX,neutral,b,blue,,,,,4,1,25,5,,,,,b,1,0.500284995185,,,,,2017_Oct_05_1001,59.975545766,Stroop,49,L,
RED,incongruent,b,blue,,,,,4,2,26,1,,,,,b,1,0.581090204883,,,,,2017_Oct_05_1001,59.975545766,Stroop,49,L,
XXXX,neutral,b,blue,,,,,4,3,27,5,,,,,b,1,0.414215563331,,,,,2017_Oct_05_1001,59.975545766,Stroop,49,L,
XXXX,neutral,r,red,,,,,4,4,28,4,,,,,r,1,0.316972279223,,,,,2017_Oct_05_1001,59.975545766,Stroop,49,L,
RED,incongruent,b,blue,,,,,4,5,29,1,,,,,b,1,0.383662041742,,,,,2017_Oct_05_1001,59.975545766,Stroop,49,L,
BLUE,congruent,b,blue,,,,,5,0,30,3,,,,,b,1,0.36672007991,,,,,2017_Oct_05_1001,59.975545766,Stroop,49,L,
XXXX,neutral,r,red,,,,,5,1,31,4,,,,,r,1,0.416759636952,,,,,2017_Oct_05_1001,59.975545766,Stroop,49,L,
BLUE,congruent,b,blue,,,,,5,2,32,3,,,,,b,1,0.40026687691,,,,,2017_Oct_05_1001,59.975545766,Stroop,49,L,
BLUE,incongruent,r,red,,,,,5,3,33,2,,,,,r,1,0.514173888369,,,,,2017_Oct_05_1001,59.975545766,Stroop,49,L,
BLUE,incongruent,r,red,,,,,5,4,34,2,,,,,r,1,0.299511707388,,,,,2017_Oct_05_1001,59.975545766,Stroop,49,L,
XXXX,neutral,r,red,,,,,5,5,35,4,,,,,r,1,0.350015789503,,,,,2017_Oct_05_1001,59.975545766,Stroop,49,L,
RED,incongruent,b,blue,,,,,6,0,36,1,,,,,b,1,0.350207188632,,,,,2017_Oct_05_1001,59.975545766,Stroop,49,L,
XXXX,neutral,r,red,,,,,6,1,37,4,,,,,r,1,0.352841703454,,,,,2017_Oct_05_1001,59.975545766,Stroop,49,L,
XXXX,neutral,b,blue,,,,,6,2,38,5,,,,,b,1,0.33352272911,,,,,2017_Oct_05_1001,59.975545766,Stroop,49,L,
BLUE,congruent,b,blue,,,,,6,3,39,3,,,,,b,1,0.400273787556,,,,,2017_Oct_05_1001,59.975545766,Stroop,49,L,
RED,congruent,r,red,,,,,6,4,40,0,,,,,r,1,0.351004934404,,,,,2017_Oct_05_1001,59.975545766,Stroop,49,L,
RED,incongruent,b,blue,,,,,6,5,41,1,,,,,b,1,0.580994054675,,,,,2017_Oct_05_1001,59.975545766,Stroop,49,L,
RED,incongruent,b,blue,,,,,7,0,42,1,,,,,b,1,0.284030026523,,,,,2017_Oct_05_1001,59.975545766,Stroop,49,L,
RED,incongruent,b,blue,,,,,7,1,43,1,,,,,b,1,0.350220409222,,,,,2017_Oct_05_1001,59.975545766,Stroop,49,L,
BLUE,congruent,b,blue,,,,,7,2,44,3,,,,,b,1,0.283682984533,,,,,2017_Oct_05_1001,59.975545766,Stroop,49,L,
XXXX,neutral,r,red,,,,,7,3,45,4,,,,,r,1,0.367047892185,,,,,2017_Oct_05_1001,59.975545766,Stroop,49,L,
RED,congruent,r,red,,,,,7,4,46,0,,,,,r,1,0.25034982129,,,,,2017_Oct_05_1001,59.975545766,Stroop,49,L,
XXXX,neutral,r,red,,,,,7,5,47,4,,,,,r,1,0.433716321364,,,,,2017_Oct_05_1001,59.975545766,Stroop,49,L,
BLUE,incongruent,r,red,,,,,8,0,48,2,,,,,r,1,0.383549666265,,,,,2017_Oct_05_1001,59.975545766,Stroop,49,L,
BLUE,congruent,b,blue,,,,,8,1,49,3,,,,,b,1,0.367004323984,,,,,2017_Oct_05_1001,59.975545766,Stroop,49,L,
XXXX,neutral,b,blue,,,,,8,2,50,5,,,,,b,1,0.400195365073,,,,,2017_Oct_05_1001,59.975545766,Stroop,49,L,
XXXX,neutral,b,blue,,,,,8,3,51,5,,,,,b,1,0.366868211422,,,,,2017_Oct_05_1001,59.975545766,Stroop,49,L,
RED,congruent,r,red,,,,,8,4,52,0,,,,,r,1,0.283702214481,,,,,2017_Oct_05_1001,59.975545766,Stroop,49,L,
RED,congruent,r,red,,,,,8,5,53,0,,,,,r,1,0.366898258217,,,,,2017_Oct_05_1001,59.975545766,Stroop,49,L,
XXXX,neutral,b,blue,,,,,9,0,54,5,,,,,b,1,0.350259470288,,,,,2017_Oct_05_1001,59.975545766,Stroop,49,L,
BLUE,incongruent,r,red,,,,,9,1,55,2,,,,,r,1,0.38339702785,,,,,2017_Oct_05_1001,59.975545766,Stroop,49,L,
RED,congruent,r,red,,,,,9,2,56,0,,,,,r,1,0.283589839004,,,,,2017_Oct_05_1001,59.975545766,Stroop,49,L,
XXXX,neutral,b,blue,,,,,9,3,57,5,,,,,b,1,0.333671160974,,,,,2017_Oct_05_1001,59.975545766,Stroop,49,L,
RED,congruent,r,red,,,,,9,4,58,0,,,,,r,1,0.316846983274,,,,,2017_Oct_05_1001,59.975545766,Stroop,49,L,
BLUE,congruent,b,blue,,,,,9,5,59,3,,,,,b,1,0.430808980716,,,,,2017_Oct_05_1001,59.975545766,Stroop,49,L,
XXXX,neutral,b,blue,,,,,10,0,60,5,,,,,b,1,0.350248653442,,,,,2017_Oct_05_1001,59.975545766,Stroop,49,L,
BLUE,congruent,b,blue,,,,,10,1,61,3,,,,,b,1,0.366916887462,,,,,2017_Oct_05_1001,59.975545766,Stroop,49,L,
XXXX,neutral,r,red,,,,,10,2,62,4,,,,,r,1,0.483549756231,,,,,2017_Oct_05_1001,59.975545766,Stroop,49,L,
RED,incongruent,b,blue,,,,,10,3,63,1,,,,,b,1,0.381131789647,,,,,2017_Oct_05_1001,59.975545766,Stroop,49,L,
XXXX,neutral,r,red,,,,,10,4,64,4,,,,,r,1,0.500330365961,,,,,2017_Oct_05_1001,59.975545766,Stroop,49,L,
XXXX,neutral,r,red,,,,,10,5,65,4,,,,,r,1,0.400536698289,,,,,2017_Oct_05_1001,59.975545766,Stroop,49,L,
RED,incongruent,b,blue,,,,,11,0,66,1,,,,,b,1,0.416992801242,,,,,2017_Oct_05_1001,59.975545766,Stroop,49,L,
BLUE,congruent,b,blue,,,,,11,1,67,3,,,,,b,1,0.483609850286,,,,,2017_Oct_05_1001,59.975545766,Stroop,49,L,
RED,incongruent,b,blue,,,,,11,2,68,1,,,,,b,1,0.400352811208,,,,,2017_Oct_05_1001,59.975545766,Stroop,49,L,
RED,congruent,r,red,,,,,11,3,69,0,,,,,r,1,0.483590920689,,,,,2017_Oct_05_1001,59.975545766,Stroop,49,L,
RED,congruent,r,red,,,,,11,4,70,0,,,,,r,1,0.283600956434,,,,,2017_Oct_05_1001,59.975545766,Stroop,49,L,
XXXX,neutral,b,blue,,,,,11,5,71,5,,,,,b,1,0.366984793684,,,,,2017_Oct_05_1001,59.975545766,Stroop,49,L,
XXXX,neutral,r,red,,,,,12,0,72,4,,,,,r,1,0.949472481152,,,,,2017_Oct_05_1001,59.975545766,Stroop,49,L,
RED,congruent,r,red,,,,,12,1,73,0,,,,,r,1,0.433506594039,,,,,2017_Oct_05_1001,59.975545766,Stroop,49,L,
BLUE,incongruent,r,red,,,,,12,2,74,2,,,,,r,1,0.600150775397,,,,,2017_Oct_05_1001,59.975545766,Stroop,49,L,
BLUE,incongruent,r,red,,,,,12,3,75,2,,,,,r,1,0.400229318067,,,,,2017_Oct_05_1001,59.975545766,Stroop,49,L,
BLUE,congruent,b,blue,,,,,12,4,76,3,,,,,b,1,0.463997017127,,,,,2017_Oct_05_1001,59.975545766,Stroop,49,L,
XXXX,neutral,b,blue,,,,,12,5,77,5,,,,,b,1,0.530672056833,,,,,2017_Oct_05_1001,59.975545766,Stroop,49,L,
BLUE,incongruent,r,red,,,,,13,0,78,2,,,,,r,1,0.300300739706,,,,,2017_Oct_05_1001,59.975545766,Stroop,49,L,
BLUE,incongruent,r,red,,,,,13,1,79,2,,,,,b,0,0.483610150637,,,,,2017_Oct_05_1001,59.975545766,Stroop,49,L,
BLUE,incongruent,r,red,,,,,13,2,80,2,,,,,r,1,0.450280893594,,,,,2017_Oct_05_1001,59.975545766,Stroop,49,L,
BLUE,congruent,b,blue,,,,,13,3,81,3,,,,,b,1,0.400040923851,,,,,2017_Oct_05_1001,59.975545766,Stroop,49,L,
BLUE,congruent,b,blue,,,,,13,4,82,3,,,,,b,1,0.383607356343,,,,,2017_Oct_05_1001,59.975545766,Stroop,49,L,
BLUE,incongruent,r,red,,,,,13,5,83,2,,,,,r,1,0.450243334984,,,,,2017_Oct_05_1001,59.975545766,Stroop,49,L,
XXXX,neutral,r,red,,,,,14,0,84,4,,,,,r,1,0.366942427354,,,,,2017_Oct_05_1001,59.975545766,Stroop,49,L,
XXXX,neutral,b,blue,,,,,14,1,85,5,,,,,b,1,0.39755033399,,,,,2017_Oct_05_1001,59.975545766,Stroop,49,L,
BLUE,congruent,b,blue,,,,,14,2,86,3,,,,,b,1,0.417011730606,,,,,2017_Oct_05_1001,59.975545766,Stroop,49,L,
BLUE,incongruent,r,red,,,,,14,3,87,2,,,,,r,1,0.267088064924,,,,,2017_Oct_05_1001,59.975545766,Stroop,49,L,
XXXX,neutral,b,blue,,,,,14,4,88,5,,,,,b,1,0.333626992069,,,,,2017_Oct_05_1001,59.975545766,Stroop,49,L,
XXXX,neutral,r,red,,,,,14,5,89,4,,,,,r,1,0.316977086477,,,,,2017_Oct_05_1001,59.975545766,Stroop,49,L,
BLUE,congruent,b,blue,,,,,15,0,90,3,,,,,b,1,0.316918495111,,,,,2017_Oct_05_1001,59.975545766,Stroop,49,L,
BLUE,incongruent,r,red,,,,,15,1,91,2,,,,,r,1,0.333569902927,,,,,2017_Oct_05_1001,59.975545766,Stroop,49,L,
RED,incongruent,b,blue,,,,,15,2,92,1,,,,,b,1,0.350263676839,,,,,2017_Oct_05_1001,59.975545766,Stroop,49,L,
XXXX,neutral,b,blue,,,,,15,3,93,5,,,,,b,1,0.3500112826,,,,,2017_Oct_05_1001,59.975545766,Stroop,49,L,
XXXX,neutral,r,red,,,,,15,4,94,4,,,,,r,1,0.316816635896,,,,,2017_Oct_05_1001,59.975545766,Stroop,49,L,
XXXX,neutral,b,blue,,,,,15,5,95,5,,,,,b,1,0.300312157487,,,,,2017_Oct_05_1001,59.975545766,Stroop,49,L,
BLUE,incongruent,r,red,,,,,16,0,96,2,,,,,r,1,0.367110990686,,,,,2017_Oct_05_1001,59.975545766,Stroop,49,L,
XXXX,neutral,b,blue,,,,,16,1,97,5,,,,,b,1,0.300035124877,,,,,2017_Oct_05_1001,59.975545766,Stroop,49,L,
RED,congruent,r,red,,,,,16,2,98,0,,,,,r,1,0.266944440547,,,,,2017_Oct_05_1001,59.975545766,Stroop,49,L,
BLUE,congruent,b,blue,,,,,16,3,99,3,,,,,b,1,0.366812925087,,,,,2017_Oct_05_1001,59.975545766,Stroop,49,L,
RED,congruent,r,red,,,,,16,4,100,0,,,,,r,1,0.316925706342,,,,,2017_Oct_05_1001,59.975545766,Stroop,49,L,
RED,congruent,r,red,,,,,16,5,101,0,,,,,r,1,0.331073303241,,,,,2017_Oct_05_1001,59.975545766,Stroop,49,L,
XXXX,neutral,b,blue,,,,,17,0,102,5,,,,,b,1,0.333520325366,,,,,2017_Oct_05_1001,59.975545766,Stroop,49,L,
RED,incongruent,b,blue,,,,,17,1,103,1,,,,,r,0,0.38358061458,,,,,2017_Oct_05_1001,59.975545766,Stroop,49,L,
RED,congruent,r,red,,,,,17,2,104,0,,,,,r,1,0.45026827394,,,,,2017_Oct_05_1001,59.975545766,Stroop,49,L,
BLUE,incongruent,r,red,,,,,17,3,105,2,,,,,r,1,0.383839018177,,,,,2017_Oct_05_1001,59.975545766,Stroop,49,L,
BLUE,incongruent,r,red,,,,,17,4,106,2,,,,,r,1,0.366856192704,,,,,2017_Oct_05_1001,59.975545766,Stroop,49,L,
BLUE,congruent,b,blue,,,,,17,5,107,3,,,,,b,1,0.61683132872,,,,,2017_Oct_05_1001,59.975545766,Stroop,49,L,
XXXX,neutral,r,red,,,,,18,0,108,4,,,,,r,1,0.383623581612,,,,,2017_Oct_05_1001,59.975545766,Stroop,49,L,
XXXX,neutral,r,red,,,,,18,1,109,4,,,,,r,1,0.433589223074,,,,,2017_Oct_05_1001,59.975545766,Stroop,49,L,
RED,incongruent,b,blue,,,,,18,2,110,1,,,,,b,1,0.383667750517,,,,,2017_Oct_05_1001,59.975545766,Stroop,49,L,
RED,incongruent,b,blue,,,,,18,3,111,1,,,,,b,1,0.383570398437,,,,,2017_Oct_05_1001,59.975545766,Stroop,49,L,
XXXX,neutral,r,red,,,,,18,4,112,4,,,,,r,1,0.300293528475,,,,,2017_Oct_05_1001,59.975545766,Stroop,49,L,
XXXX,neutral,r,red,,,,,18,5,113,4,,,,,b,0,0.266875633039,,,,,2017_Oct_05_1001,59.975545766,Stroop,49,L,
BLUE,congruent,b,blue,,,,,19,0,114,3,,,,,b,1,0.450260461774,,,,,2017_Oct_05_1001,59.975545766,Stroop,49,L,
BLUE,incongruent,r,red,,,,,19,1,115,2,,,,,r,1,0.417041777633,,,,,2017_Oct_05_1001,59.975545766,Stroop,49,L,
XXXX,neutral,r,red,,,,,19,2,116,4,,,,,r,1,0.350325573469,,,,,2017_Oct_05_1001,59.975545766,Stroop,49,L,
XXXX,neutral,b,blue,,,,,19,3,117,5,,,,,b,1,0.333663348807,,,,,2017_Oct_05_1001,59.975545766,Stroop,49,L,
RED,incongruent,b,blue,,,,,19,4,118,1,,,,,r,0,0.350093010347,,,,,2017_Oct_05_1001,59.975545766,Stroop,49,L,
RED,incongruent,b,blue,,,,,19,5,119,1,,,,,r,0,0.533696580678,,,,,2017_Oct_05_1001,59.975545766,Stroop,49,L,
XXXX,neutral,b,blue,,,,,20,0,120,5,,,,,r,0,0.633618248394,,,,,2017_Oct_05_1001,59.975545766,Stroop,49,L,
XXXX,neutral,b,blue,,,,,20,1,121,5,,,,,b,1,0.566951321205,,,,,2017_Oct_05_1001,59.975545766,Stroop,49,L,
RED,incongruent,b,blue,,,,,20,2,122,1,,,,,b,1,0.636213101214,,,,,2017_Oct_05_1001,59.975545766,Stroop,49,L,
XXXX,neutral,r,red,,,,,20,3,123,4,,,,,r,1,0.41685488564,,,,,2017_Oct_05_1001,59.975545766,Stroop,49,L,
RED,incongruent,b,blue,,,,,20,4,124,1,,,,,b,1,0.516900647199,,,,,2017_Oct_05_1001,59.975545766,Stroop,49,L,
RED,incongruent,b,blue,,,,,20,5,125,1,,,,,b,1,0.45028630225,,,,,2017_Oct_05_1001,59.975545766,Stroop,49,L,
RED,congruent,r,red,,,,,21,0,126,0,,,,,r,1,0.583569677547,,,,,2017_Oct_05_1001,59.975545766,Stroop,49,L,
RED,incongruent,b,blue,,,,,21,1,127,1,,,,,b,1,0.383546361234,,,,,2017_Oct_05_1001,59.975545766,Stroop,49,L,
BLUE,congruent,b,blue,,,,,21,2,128,3,,,,,b,1,0.550275275018,,,,,2017_Oct_05_1001,59.975545766,Stroop,49,L,
RED,congruent,r,red,,,,,21,3,129,0,,,,,r,1,0.350263676839,,,,,2017_Oct_05_1001,59.975545766,Stroop,49,L,
RED,congruent,r,red,,,,,21,4,130,0,,,,,r,1,0.433493673569,,,,,2017_Oct_05_1001,59.975545766,Stroop,49,L,
RED,congruent,r,red,,,,,21,5,131,0,,,,,r,1,0.333575010765,,,,,2017_Oct_05_1001,59.975545766,Stroop,49,L,
BLUE,congruent,b,blue,,,,,22,0,132,3,,,,,b,1,0.400269581005,,,,,2017_Oct_05_1001,59.975545766,Stroop,49,L,
BLUE,incongruent,r,red,,,,,22,1,133,2,,,,,b,0,0.43359613372,,,,,2017_Oct_05_1001,59.975545766,Stroop,49,L,
RED,incongruent,b,blue,,,,,22,2,134,1,,,,,b,1,1.06693764986,,,,,2017_Oct_05_1001,59.975545766,Stroop,49,L,
XXXX,neutral,b,blue,,,,,22,3,135,5,,,,,b,1,0.600170005579,,,,,2017_Oct_05_1001,59.975545766,Stroop,49,L,
BLUE,incongruent,r,red,,,,,22,4,136,2,,,,,r,1,0.900405543391,,,,,2017_Oct_05_1001,59.975545766,Stroop,49,L,
XXXX,neutral,r,red,,,,,22,5,137,4,,,,,r,1,0.816848936491,,,,,2017_Oct_05_1001,59.975545766,Stroop,49,L,
XXXX,neutral,b,blue,,,,,23,0,138,5,,,,,b,1,0.550200758735,,,,,2017_Oct_05_1001,59.975545766,Stroop,49,L,
RED,incongruent,b,blue,,,,,23,1,139,1,,,,,r,0,0.633609234123,,,,,2017_Oct_05_1001,59.975545766,Stroop,49,L,
RED,incongruent,b,blue,,,,,23,2,140,1,,,,,b,1,0.683441166766,,,,,2017_Oct_05_1001,59.975545766,Stroop,49,L,
BLUE,congruent,b,blue,,,,,23,3,141,3,,,,,b,1,0.41697747726,,,,,2017_Oct_05_1001,59.975545766,Stroop,49,L,
BLUE,incongruent,r,red,,,,,23,4,142,2,,,,,r,1,0.383338736603,,,,,2017_Oct_05_1001,59.975545766,Stroop,49,L,
XXXX,neutral,b,blue,,,,,23,5,143,5,,,,,b,1,0.300837678369,,,,,2017_Oct_05_1001,59.975545766,Stroop,49,L,
RED,congruent,r,red,,,,,24,0,144,0,,,,,r,1,0.283609369537,,,,,2017_Oct_05_1001,59.975545766,Stroop,49,L,
XXXX,neutral,r,red,,,,,24,1,145,4,,,,,b,0,0.216967080953,,,,,2017_Oct_05_1001,59.975545766,Stroop,49,L,
RED,congruent,r,red,,,,,24,2,146,0,,,,,r,1,0.383659337647,,,,,2017_Oct_05_1001,59.975545766,Stroop,49,L,
BLUE,incongruent,r,red,,,,,24,3,147,2,,,,,r,1,0.333508306649,,,,,2017_Oct_05_1001,59.975545766,Stroop,49,L,
XXXX,neutral,r,red,,,,,24,4,148,4,,,,,r,1,0.514175390592,,,,,2017_Oct_05_1001,59.975545766,Stroop,49,L,
RED,congruent,r,red,,,,,24,5,149,0,,,,,r,1,0.283554383554,,,,,2017_Oct_05_1001,59.975545766,Stroop,49,L,
,,,,,,,,,,,,,,,,,,,,,l,42.0653361485,2017_Oct_05_1001,59.975545766,Stroop,49,L,
