word,type,correct,ink,Practice.thisRepN,Practice.thisTrialN,Practice.thisN,Practice.thisIndex,trials.thisRepN,trials.thisTrialN,trials.thisN,trials.thisIndex,ready_to_continue.keys,ready_to_continue.rt,key_resp_2.keys,key_resp_2.rt,Response.keys,Response.corr,Response.rt,begin_exp.keys,begin_exp.rt,finished.keys,finished.rt,date,frameRate,expName,participant,condition,
,,,,,,,,,,,,r,34.8654750856,,,,,,,,,,2017_Oct_05_1017,59.885326131,Stroop,50,L,
,,,,,,,,,,,,,,b,5.4000868958,,,,,,,,2017_Oct_05_1017,59.885326131,Stroop,50,L,
XXXX,neutral,b,blue,0,0,0,5,,,,,,,,,b,1,4.05008072127,,,,,2017_Oct_05_1017,59.885326131,Stroop,50,L,
XXXX,neutral,r,red,0,1,1,4,,,,,,,,,r,1,0.666893420741,,,,,2017_Oct_05_1017,59.885326131,Stroop,50,L,
BLUE,incongruent,r,red,0,2,2,2,,,,,,,,,r,1,1.38389670826,,,,,2017_Oct_05_1017,59.885326131,Stroop,50,L,
RED,incongruent,b,blue,0,3,3,1,,,,,,,,,b,1,0.866890295874,,,,,2017_Oct_05_1017,59.885326131,Stroop,50,L,
RED,congruent,r,red,0,4,4,0,,,,,,,,,r,1,0.966817071429,,,,,2017_Oct_05_1017,59.885326131,Stroop,50,L,
BLUE,congruent,b,blue,0,5,5,3,,,,,,,,,b,1,0.733548930148,,,,,2017_Oct_05_1017,59.885326131,Stroop,50,L,
BLUE,congruent,b,blue,1,0,6,3,,,,,,,,,b,1,0.916781120468,,,,,2017_Oct_05_1017,59.885326131,Stroop,50,L,
BLUE,incongruent,r,red,1,1,7,2,,,,,,,,,r,1,1.03069474222,,,,,2017_Oct_05_1017,59.885326131,Stroop,50,L,
RED,congruent,r,red,1,2,8,0,,,,,,,,,r,1,0.850011733361,,,,,2017_Oct_05_1017,59.885326131,Stroop,50,L,
XXXX,neutral,b,blue,1,3,9,5,,,,,,,,,b,1,0.614293264691,,,,,2017_Oct_05_1017,59.885326131,Stroop,50,L,
XXXX,neutral,r,red,1,4,10,4,,,,,,,,,r,1,0.350908183493,,,,,2017_Oct_05_1017,59.885326131,Stroop,50,L,
RED,incongruent,b,blue,1,5,11,1,,,,,,,,,b,1,0.900298275752,,,,,2017_Oct_05_1017,59.885326131,Stroop,50,L,
,,,,,,,,,,,,,,,,,,,b,1.69947210536,,,2017_Oct_05_1017,59.885326131,Stroop,50,L,
XXXX,neutral,b,blue,,,,,0,0,0,5,,,,,b,1,0.800145847723,,,,,2017_Oct_05_1017,59.885326131,Stroop,50,L,
XXXX,neutral,b,blue,,,,,0,1,1,5,,,,,b,1,0.550061040325,,,,,2017_Oct_05_1017,59.885326131,Stroop,50,L,
RED,congruent,r,red,,,,,0,2,2,0,,,,,r,1,0.46698578517,,,,,2017_Oct_05_1017,59.885326131,Stroop,50,L,
XXXX,neutral,r,red,,,,,0,3,3,4,,,,,r,1,0.533607942285,,,,,2017_Oct_05_1017,59.885326131,Stroop,50,L,
BLUE,incongruent,r,red,,,,,0,4,4,2,,,,,r,1,1.03351104073,,,,,2017_Oct_05_1017,59.885326131,Stroop,50,L,
BLUE,incongruent,r,red,,,,,0,5,5,2,,,,,r,1,0.616786859464,,,,,2017_Oct_05_1017,59.885326131,Stroop,50,L,
BLUE,incongruent,r,red,,,,,1,0,6,2,,,,,r,1,0.583611142356,,,,,2017_Oct_05_1017,59.885326131,Stroop,50,L,
XXXX,neutral,b,blue,,,,,1,1,7,5,,,,,b,1,0.916836106218,,,,,2017_Oct_05_1017,59.885326131,Stroop,50,L,
BLUE,congruent,b,blue,,,,,1,2,8,3,,,,,b,1,0.550239519216,,,,,2017_Oct_05_1017,59.885326131,Stroop,50,L,
RED,congruent,r,red,,,,,1,3,9,0,,,,,r,1,0.666818904458,,,,,2017_Oct_05_1017,59.885326131,Stroop,50,L,
XXXX,neutral,r,red,,,,,1,4,10,4,,,,,r,1,1.40060039773,,,,,2017_Oct_05_1017,59.885326131,Stroop,50,L,
XXXX,neutral,b,blue,,,,,1,5,11,5,,,,,b,1,0.83361031604,,,,,2017_Oct_05_1017,59.885326131,Stroop,50,L,
RED,congruent,r,red,,,,,2,0,12,0,,,,,r,1,1.33358192141,,,,,2017_Oct_05_1017,59.885326131,Stroop,50,L,
BLUE,incongruent,r,red,,,,,2,1,13,2,,,,,r,1,1.78367442102,,,,,2017_Oct_05_1017,59.885326131,Stroop,50,L,
BLUE,incongruent,r,red,,,,,2,2,14,2,,,,,r,1,0.583597320598,,,,,2017_Oct_05_1017,59.885326131,Stroop,50,L,
RED,congruent,r,red,,,,,2,3,15,0,,,,,r,1,0.56697926484,,,,,2017_Oct_05_1017,59.885326131,Stroop,50,L,
XXXX,neutral,r,red,,,,,2,4,16,4,,,,,r,1,0.483335221419,,,,,2017_Oct_05_1017,59.885326131,Stroop,50,L,
XXXX,neutral,b,blue,,,,,2,5,17,5,,,,,b,1,0.664145629155,,,,,2017_Oct_05_1017,59.885326131,Stroop,50,L,
BLUE,incongruent,r,red,,,,,3,0,18,2,,,,,r,1,1.35033098189,,,,,2017_Oct_05_1017,59.885326131,Stroop,50,L,
XXXX,neutral,r,red,,,,,3,1,19,4,,,,,r,1,0.933549711248,,,,,2017_Oct_05_1017,59.885326131,Stroop,50,L,
RED,congruent,r,red,,,,,3,2,20,0,,,,,r,1,0.85017008055,,,,,2017_Oct_05_1017,59.885326131,Stroop,50,L,
RED,incongruent,b,blue,,,,,3,3,21,1,,,,,b,1,0.750290178228,,,,,2017_Oct_05_1017,59.885326131,Stroop,50,L,
RED,congruent,r,red,,,,,3,4,22,0,,,,,r,1,0.803593432531,,,,,2017_Oct_05_1017,59.885326131,Stroop,50,L,
XXXX,neutral,b,blue,,,,,3,5,23,5,,,,,b,1,0.850060709752,,,,,2017_Oct_05_1017,59.885326131,Stroop,50,L,
RED,incongruent,b,blue,,,,,4,0,24,1,,,,,b,1,0.983716667164,,,,,2017_Oct_05_1017,59.885326131,Stroop,50,L,
RED,incongruent,b,blue,,,,,4,1,25,1,,,,,b,1,1.18365735444,,,,,2017_Oct_05_1017,59.885326131,Stroop,50,L,
RED,congruent,r,red,,,,,4,2,26,0,,,,,r,1,0.50024383096,,,,,2017_Oct_05_1017,59.885326131,Stroop,50,L,
RED,incongruent,b,blue,,,,,4,3,27,1,,,,,b,1,1.75020604697,,,,,2017_Oct_05_1017,59.885326131,Stroop,50,L,
BLUE,congruent,b,blue,,,,,4,4,28,3,,,,,r,0,0.697603787296,,,,,2017_Oct_05_1017,59.885326131,Stroop,50,L,
RED,incongruent,b,blue,,,,,4,5,29,1,,,,,b,1,1.21692261146,,,,,2017_Oct_05_1017,59.885326131,Stroop,50,L,
RED,congruent,r,red,,,,,5,0,30,0,,,,,r,1,0.60014686943,,,,,2017_Oct_05_1017,59.885326131,Stroop,50,L,
RED,incongruent,b,blue,,,,,5,1,31,1,,,,,b,1,0.916877571028,,,,,2017_Oct_05_1017,59.885326131,Stroop,50,L,
RED,congruent,r,red,,,,,5,2,32,0,,,,,r,1,0.716846442316,,,,,2017_Oct_05_1017,59.885326131,Stroop,50,L,
RED,incongruent,b,blue,,,,,5,3,33,1,,,,,b,1,0.950113081606,,,,,2017_Oct_05_1017,59.885326131,Stroop,50,L,
XXXX,neutral,r,red,,,,,5,4,34,4,,,,,r,1,1.30030855187,,,,,2017_Oct_05_1017,59.885326131,Stroop,50,L,
RED,congruent,r,red,,,,,5,5,35,0,,,,,r,1,0.683539720718,,,,,2017_Oct_05_1017,59.885326131,Stroop,50,L,
BLUE,incongruent,r,red,,,,,6,0,36,2,,,,,r,1,1.40025996603,,,,,2017_Oct_05_1017,59.885326131,Stroop,50,L,
BLUE,congruent,b,blue,,,,,6,1,37,3,,,,,b,1,1.23420079821,,,,,2017_Oct_05_1017,59.885326131,Stroop,50,L,
XXXX,neutral,b,blue,,,,,6,2,38,5,,,,,b,1,0.600167000899,,,,,2017_Oct_05_1017,59.885326131,Stroop,50,L,
RED,congruent,r,red,,,,,6,3,39,0,,,,,r,1,0.950291259913,,,,,2017_Oct_05_1017,59.885326131,Stroop,50,L,
XXXX,neutral,r,red,,,,,6,4,40,4,,,,,r,1,1.13362140325,,,,,2017_Oct_05_1017,59.885326131,Stroop,50,L,
XXXX,neutral,b,blue,,,,,6,5,41,5,,,,,b,1,0.767516984837,,,,,2017_Oct_05_1017,59.885326131,Stroop,50,L,
RED,incongruent,b,blue,,,,,7,0,42,1,,,,,b,1,1.73352519283,,,,,2017_Oct_05_1017,59.885326131,Stroop,50,L,
BLUE,incongruent,r,red,,,,,7,1,43,2,,,,,r,1,1.43362047197,,,,,2017_Oct_05_1017,59.885326131,Stroop,50,L,
BLUE,congruent,b,blue,,,,,7,2,44,3,,,,,b,1,0.816993462155,,,,,2017_Oct_05_1017,59.885326131,Stroop,50,L,
BLUE,congruent,b,blue,,,,,7,3,45,3,,,,,b,1,1.88360420149,,,,,2017_Oct_05_1017,59.885326131,Stroop,50,L,
RED,congruent,r,red,,,,,7,4,46,0,,,,,r,1,0.867044436745,,,,,2017_Oct_05_1017,59.885326131,Stroop,50,L,
BLUE,incongruent,r,red,,,,,7,5,47,2,,,,,r,1,1.38347364753,,,,,2017_Oct_05_1017,59.885326131,Stroop,50,L,
BLUE,congruent,b,blue,,,,,8,0,48,3,,,,,b,1,0.933548509376,,,,,2017_Oct_05_1017,59.885326131,Stroop,50,L,
XXXX,neutral,r,red,,,,,8,1,49,4,,,,,r,1,0.86682569515,,,,,2017_Oct_05_1017,59.885326131,Stroop,50,L,
BLUE,congruent,b,blue,,,,,8,2,50,3,,,,,b,1,1.08375641913,,,,,2017_Oct_05_1017,59.885326131,Stroop,50,L,
XXXX,neutral,b,blue,,,,,8,3,51,5,,,,,b,1,0.800174692878,,,,,2017_Oct_05_1017,59.885326131,Stroop,50,L,
RED,incongruent,b,blue,,,,,8,4,52,1,,,,,b,1,1.01737944502,,,,,2017_Oct_05_1017,59.885326131,Stroop,50,L,
XXXX,neutral,r,red,,,,,8,5,53,4,,,,,r,1,0.550316138892,,,,,2017_Oct_05_1017,59.885326131,Stroop,50,L,
XXXX,neutral,b,blue,,,,,9,0,54,5,,,,,r,0,0.566820016131,,,,,2017_Oct_05_1017,59.885326131,Stroop,50,L,
RED,congruent,r,red,,,,,9,1,55,0,,,,,r,1,0.900226163212,,,,,2017_Oct_05_1017,59.885326131,Stroop,50,L,
XXXX,neutral,b,blue,,,,,9,2,56,5,,,,,b,1,0.533639491536,,,,,2017_Oct_05_1017,59.885326131,Stroop,50,L,
RED,congruent,r,red,,,,,9,3,57,0,,,,,r,1,0.519559499808,,,,,2017_Oct_05_1017,59.885326131,Stroop,50,L,
XXXX,neutral,b,blue,,,,,9,4,58,5,,,,,b,1,0.6668994301,,,,,2017_Oct_05_1017,59.885326131,Stroop,50,L,
BLUE,congruent,b,blue,,,,,9,5,59,3,,,,,b,1,1.21691570058,,,,,2017_Oct_05_1017,59.885326131,Stroop,50,L,
XXXX,neutral,b,blue,,,,,10,0,60,5,,,,,b,1,3.28076152154,,,,,2017_Oct_05_1017,59.885326131,Stroop,50,L,
RED,congruent,r,red,,,,,10,1,61,0,,,,,r,1,0.700129231904,,,,,2017_Oct_05_1017,59.885326131,Stroop,50,L,
XXXX,neutral,b,blue,,,,,10,2,62,5,,,,,b,1,0.500104713487,,,,,2017_Oct_05_1017,59.885326131,Stroop,50,L,
XXXX,neutral,r,red,,,,,10,3,63,4,,,,,r,1,0.530910028378,,,,,2017_Oct_05_1017,59.885326131,Stroop,50,L,
BLUE,congruent,b,blue,,,,,10,4,64,3,,,,,b,1,0.614429377252,,,,,2017_Oct_05_1017,59.885326131,Stroop,50,L,
BLUE,incongruent,r,red,,,,,10,5,65,2,,,,,r,1,1.5335361301,,,,,2017_Oct_05_1017,59.885326131,Stroop,50,L,
BLUE,congruent,b,blue,,,,,11,0,66,3,,,,,b,1,1.60018322617,,,,,2017_Oct_05_1017,59.885326131,Stroop,50,L,
XXXX,neutral,b,blue,,,,,11,1,67,5,,,,,b,1,1.60031603347,,,,,2017_Oct_05_1017,59.885326131,Stroop,50,L,
BLUE,incongruent,r,red,,,,,11,2,68,2,,,,,r,1,3.26679931395,,,,,2017_Oct_05_1017,59.885326131,Stroop,50,L,
RED,congruent,r,red,,,,,11,3,69,0,,,,,r,1,2.23081841529,,,,,2017_Oct_05_1017,59.885326131,Stroop,50,L,
XXXX,neutral,r,red,,,,,11,4,70,4,,,,,r,1,0.647325057071,,,,,2017_Oct_05_1017,59.885326131,Stroop,50,L,
BLUE,congruent,b,blue,,,,,11,5,71,3,,,,,b,1,0.950930658728,,,,,2017_Oct_05_1017,59.885326131,Stroop,50,L,
BLUE,incongruent,r,red,,,,,12,0,72,2,,,,,r,1,1.15089087654,,,,,2017_Oct_05_1017,59.885326131,Stroop,50,L,
RED,congruent,r,red,,,,,12,1,73,0,,,,,r,1,0.617066596169,,,,,2017_Oct_05_1017,59.885326131,Stroop,50,L,
XXXX,neutral,b,blue,,,,,12,2,74,5,,,,,b,1,0.666923768353,,,,,2017_Oct_05_1017,59.885326131,Stroop,50,L,
XXXX,neutral,b,blue,,,,,12,3,75,5,,,,,b,1,1.38363019191,,,,,2017_Oct_05_1017,59.885326131,Stroop,50,L,
BLUE,incongruent,r,red,,,,,12,4,76,2,,,,,r,1,2.15006098035,,,,,2017_Oct_05_1017,59.885326131,Stroop,50,L,
BLUE,incongruent,r,red,,,,,12,5,77,2,,,,,r,1,0.850290569011,,,,,2017_Oct_05_1017,59.885326131,Stroop,50,L,
BLUE,congruent,b,blue,,,,,13,0,78,3,,,,,b,1,1.93050205102,,,,,2017_Oct_05_1017,59.885326131,Stroop,50,L,
BLUE,incongruent,r,red,,,,,13,1,79,2,,,,,r,1,0.766947895987,,,,,2017_Oct_05_1017,59.885326131,Stroop,50,L,
BLUE,incongruent,r,red,,,,,13,2,80,2,,,,,r,1,1.68346880982,,,,,2017_Oct_05_1017,59.885326131,Stroop,50,L,
XXXX,neutral,r,red,,,,,13,3,81,4,,,,,r,1,0.883688933915,,,,,2017_Oct_05_1017,59.885326131,Stroop,50,L,
BLUE,congruent,b,blue,,,,,13,4,82,3,,,,,b,1,0.45030973875,,,,,2017_Oct_05_1017,59.885326131,Stroop,50,L,
BLUE,incongruent,r,red,,,,,13,5,83,2,,,,,r,1,2.766806375,,,,,2017_Oct_05_1017,59.885326131,Stroop,50,L,
RED,congruent,r,red,,,,,14,0,84,0,,,,,r,1,2.81418737932,,,,,2017_Oct_05_1017,59.885326131,Stroop,50,L,
XXXX,neutral,r,red,,,,,14,1,85,4,,,,,r,1,1.40025816322,,,,,2017_Oct_05_1017,59.885326131,Stroop,50,L,
RED,incongruent,b,blue,,,,,14,2,86,1,,,,,b,1,0.866877075285,,,,,2017_Oct_05_1017,59.885326131,Stroop,50,L,
BLUE,incongruent,r,red,,,,,14,3,87,2,,,,,r,1,1.25284011103,,,,,2017_Oct_05_1017,59.885326131,Stroop,50,L,
RED,incongruent,b,blue,,,,,14,4,88,1,,,,,b,1,0.933683420299,,,,,2017_Oct_05_1017,59.885326131,Stroop,50,L,
RED,incongruent,b,blue,,,,,14,5,89,1,,,,,b,1,0.717125277966,,,,,2017_Oct_05_1017,59.885326131,Stroop,50,L,
XXXX,neutral,b,blue,,,,,15,0,90,5,,,,,b,1,0.819594624685,,,,,2017_Oct_05_1017,59.885326131,Stroop,50,L,
RED,congruent,r,red,,,,,15,1,91,0,,,,,r,1,0.649932229193,,,,,2017_Oct_05_1017,59.885326131,Stroop,50,L,
RED,incongruent,b,blue,,,,,15,2,92,1,,,,,b,1,0.649557543918,,,,,2017_Oct_05_1017,59.885326131,Stroop,50,L,
BLUE,congruent,b,blue,,,,,15,3,93,3,,,,,b,1,0.716821803944,,,,,2017_Oct_05_1017,59.885326131,Stroop,50,L,
BLUE,congruent,b,blue,,,,,15,4,94,3,,,,,b,1,0.966880771099,,,,,2017_Oct_05_1017,59.885326131,Stroop,50,L,
BLUE,incongruent,r,red,,,,,15,5,95,2,,,,,r,1,0.616842145799,,,,,2017_Oct_05_1017,59.885326131,Stroop,50,L,
BLUE,congruent,b,blue,,,,,16,0,96,3,,,,,b,1,0.533533425769,,,,,2017_Oct_05_1017,59.885326131,Stroop,50,L,
XXXX,neutral,b,blue,,,,,16,1,97,5,,,,,r,0,0.434299532324,,,,,2017_Oct_05_1017,59.885326131,Stroop,50,L,
RED,incongruent,b,blue,,,,,16,2,98,1,,,,,b,1,0.516264854232,,,,,2017_Oct_05_1017,59.885326131,Stroop,50,L,
BLUE,incongruent,r,red,,,,,16,3,99,2,,,,,r,1,0.300188363995,,,,,2017_Oct_05_1017,59.885326131,Stroop,50,L,
RED,congruent,r,red,,,,,16,4,100,0,,,,,r,1,0.516920778435,,,,,2017_Oct_05_1017,59.885326131,Stroop,50,L,
RED,incongruent,b,blue,,,,,16,5,101,1,,,,,b,1,0.333544963971,,,,,2017_Oct_05_1017,59.885326131,Stroop,50,L,
BLUE,congruent,b,blue,,,,,17,0,102,3,,,,,b,1,0.566967246123,,,,,2017_Oct_05_1017,59.885326131,Stroop,50,L,
RED,incongruent,b,blue,,,,,17,1,103,1,,,,,r,0,0.331052571069,,,,,2017_Oct_05_1017,59.885326131,Stroop,50,L,
BLUE,congruent,b,blue,,,,,17,2,104,3,,,,,b,1,0.733405305771,,,,,2017_Oct_05_1017,59.885326131,Stroop,50,L,
XXXX,neutral,b,blue,,,,,17,3,105,5,,,,,b,1,0.683639175957,,,,,2017_Oct_05_1017,59.885326131,Stroop,50,L,
BLUE,incongruent,r,red,,,,,17,4,106,2,,,,,r,1,1.18363572075,,,,,2017_Oct_05_1017,59.885326131,Stroop,50,L,
XXXX,neutral,r,red,,,,,17,5,107,4,,,,,r,1,0.850142737851,,,,,2017_Oct_05_1017,59.885326131,Stroop,50,L,
RED,incongruent,b,blue,,,,,18,0,108,1,,,,,b,1,0.633641083958,,,,,2017_Oct_05_1017,59.885326131,Stroop,50,L,
XXXX,neutral,r,red,,,,,18,1,109,4,,,,,r,1,0.549649697961,,,,,2017_Oct_05_1017,59.885326131,Stroop,50,L,
XXXX,neutral,b,blue,,,,,18,2,110,5,,,,,b,1,0.550165603636,,,,,2017_Oct_05_1017,59.885326131,Stroop,50,L,
RED,incongruent,b,blue,,,,,18,3,111,1,,,,,b,1,1.10018367693,,,,,2017_Oct_05_1017,59.885326131,Stroop,50,L,
XXXX,neutral,b,blue,,,,,18,4,112,5,,,,,b,1,0.530889596324,,,,,2017_Oct_05_1017,59.885326131,Stroop,50,L,
BLUE,congruent,b,blue,,,,,18,5,113,3,,,,,b,1,0.700465457048,,,,,2017_Oct_05_1017,59.885326131,Stroop,50,L,
XXXX,neutral,b,blue,,,,,19,0,114,5,,,,,b,1,0.717555249576,,,,,2017_Oct_05_1017,59.885326131,Stroop,50,L,
RED,incongruent,b,blue,,,,,19,1,115,1,,,,,b,1,0.416934209643,,,,,2017_Oct_05_1017,59.885326131,Stroop,50,L,
BLUE,congruent,b,blue,,,,,19,2,116,3,,,,,b,1,0.633527807193,,,,,2017_Oct_05_1017,59.885326131,Stroop,50,L,
RED,incongruent,b,blue,,,,,19,3,117,1,,,,,b,1,0.583935048198,,,,,2017_Oct_05_1017,59.885326131,Stroop,50,L,
XXXX,neutral,r,red,,,,,19,4,118,4,,,,,r,1,0.700186921749,,,,,2017_Oct_05_1017,59.885326131,Stroop,50,L,
XXXX,neutral,r,red,,,,,19,5,119,4,,,,,b,0,0.733731014421,,,,,2017_Oct_05_1017,59.885326131,Stroop,50,L,
BLUE,congruent,b,blue,,,,,20,0,120,3,,,,,b,1,0.670366545441,,,,,2017_Oct_05_1017,59.885326131,Stroop,50,L,
XXXX,neutral,r,red,,,,,20,1,121,4,,,,,r,1,1.26685580192,,,,,2017_Oct_05_1017,59.885326131,Stroop,50,L,
BLUE,incongruent,r,red,,,,,20,2,122,2,,,,,r,1,2.18419489381,,,,,2017_Oct_05_1017,59.885326131,Stroop,50,L,
RED,congruent,r,red,,,,,20,3,123,0,,,,,r,1,0.950232067378,,,,,2017_Oct_05_1017,59.885326131,Stroop,50,L,
RED,congruent,r,red,,,,,20,4,124,0,,,,,r,1,1.05282911379,,,,,2017_Oct_05_1017,59.885326131,Stroop,50,L,
BLUE,incongruent,r,red,,,,,20,5,125,2,,,,,r,1,1.23096384248,,,,,2017_Oct_05_1017,59.885326131,Stroop,50,L,
XXXX,neutral,b,blue,,,,,21,0,126,5,,,,,b,1,0.766960515641,,,,,2017_Oct_05_1017,59.885326131,Stroop,50,L,
XXXX,neutral,r,red,,,,,21,1,127,4,,,,,r,1,1.14758601459,,,,,2017_Oct_05_1017,59.885326131,Stroop,50,L,
RED,incongruent,b,blue,,,,,21,2,128,1,,,,,b,1,0.750276356703,,,,,2017_Oct_05_1017,59.885326131,Stroop,50,L,
RED,incongruent,b,blue,,,,,21,3,129,1,,,,,b,1,1.16687163687,,,,,2017_Oct_05_1017,59.885326131,Stroop,50,L,
RED,congruent,r,red,,,,,21,4,130,0,,,,,r,1,0.783500148915,,,,,2017_Oct_05_1017,59.885326131,Stroop,50,L,
XXXX,neutral,r,red,,,,,21,5,131,4,,,,,r,1,1.26687413082,,,,,2017_Oct_05_1017,59.885326131,Stroop,50,L,
BLUE,incongruent,r,red,,,,,22,0,132,2,,,,,r,1,2.58080896549,,,,,2017_Oct_05_1017,59.885326131,Stroop,50,L,
BLUE,congruent,b,blue,,,,,22,1,133,3,,,,,b,1,0.833462785464,,,,,2017_Oct_05_1017,59.885326131,Stroop,50,L,
RED,congruent,r,red,,,,,22,2,134,0,,,,,r,1,1.73358558724,,,,,2017_Oct_05_1017,59.885326131,Stroop,50,L,
BLUE,congruent,b,blue,,,,,22,3,135,3,,,,,b,1,1.31688394118,,,,,2017_Oct_05_1017,59.885326131,Stroop,50,L,
XXXX,neutral,r,red,,,,,22,4,136,4,,,,,r,1,1.26690658135,,,,,2017_Oct_05_1017,59.885326131,Stroop,50,L,
XXXX,neutral,r,red,,,,,22,5,137,4,,,,,r,1,0.966946874512,,,,,2017_Oct_05_1017,59.885326131,Stroop,50,L,
BLUE,congruent,b,blue,,,,,23,0,138,3,,,,,b,1,1.01689478802,,,,,2017_Oct_05_1017,59.885326131,Stroop,50,L,
XXXX,neutral,b,blue,,,,,23,1,139,5,,,,,b,1,1.41700872593,,,,,2017_Oct_05_1017,59.885326131,Stroop,50,L,
XXXX,neutral,r,red,,,,,23,2,140,4,,,,,b,0,0.830940345535,,,,,2017_Oct_05_1017,59.885326131,Stroop,50,L,
XXXX,neutral,r,red,,,,,23,3,141,4,,,,,r,1,0.816616673721,,,,,2017_Oct_05_1017,59.885326131,Stroop,50,L,
RED,incongruent,b,blue,,,,,23,4,142,1,,,,,b,1,0.750242103124,,,,,2017_Oct_05_1017,59.885326131,Stroop,50,L,
BLUE,congruent,b,blue,,,,,23,5,143,3,,,,,b,1,0.600275770761,,,,,2017_Oct_05_1017,59.885326131,Stroop,50,L,
XXXX,neutral,r,red,,,,,24,0,144,4,,,,,r,1,1.75021325797,,,,,2017_Oct_05_1017,59.885326131,Stroop,50,L,
XXXX,neutral,r,red,,,,,24,1,145,4,,,,,r,1,3.20025587967,,,,,2017_Oct_05_1017,59.885326131,Stroop,50,L,
RED,congruent,r,red,,,,,24,2,146,0,,,,,r,1,1.1667956179,,,,,2017_Oct_05_1017,59.885326131,Stroop,50,L,
RED,incongruent,b,blue,,,,,24,3,147,1,,,,,b,1,3.51665215893,,,,,2017_Oct_05_1017,59.885326131,Stroop,50,L,
RED,incongruent,b,blue,,,,,24,4,148,1,,,,,b,1,1.51691807434,,,,,2017_Oct_05_1017,59.885326131,Stroop,50,L,
BLUE,incongruent,r,red,,,,,24,5,149,2,,,,,r,1,0.799958355026,,,,,2017_Oct_05_1017,59.885326131,Stroop,50,L,
,,,,,,,,,,,,,,,,,,,,,h,45.0319834549,2017_Oct_05_1017,59.885326131,Stroop,50,L,
