word,type,correct,ink,Practice.thisRepN,Practice.thisTrialN,Practice.thisN,Practice.thisIndex,trials.thisRepN,trials.thisTrialN,trials.thisN,trials.thisIndex,ready_to_continue.keys,ready_to_continue.rt,key_resp_2.keys,key_resp_2.rt,Response.keys,Response.corr,Response.rt,begin_exp.keys,begin_exp.rt,finished.keys,finished.rt,date,frameRate,expName,participant,condition,
,,,,,,,,,,,,b,26.4494413824,,,,,,,,,,2017_Oct_05_0901,59.9692777634,Stroop,73,L,
,,,,,,,,,,,,,,r,3.68355354224,,,,,,,,2017_Oct_05_0901,59.9692777634,Stroop,73,L,
RED,congruent,r,red,0,0,0,0,,,,,,,,,r,1,0.549659913871,,,,,2017_Oct_05_0901,59.9692777634,Stroop,73,L,
BLUE,congruent,b,blue,0,1,1,3,,,,,,,,,b,1,0.400295721833,,,,,2017_Oct_05_0901,59.9692777634,Stroop,73,L,
XXXX,neutral,r,red,0,2,2,4,,,,,,,,,r,1,0.503034289228,,,,,2017_Oct_05_0901,59.9692777634,Stroop,73,L,
RED,incongruent,b,blue,0,3,3,1,,,,,,,,,b,1,0.217591456138,,,,,2017_Oct_05_0901,59.9692777634,Stroop,73,L,
XXXX,neutral,b,blue,0,4,4,5,,,,,,,,,b,1,0.383612464415,,,,,2017_Oct_05_0901,59.9692777634,Stroop,73,L,
BLUE,incongruent,r,red,0,5,5,2,,,,,,,,,r,1,0.264217982069,,,,,2017_Oct_05_0901,59.9692777634,Stroop,73,L,
RED,congruent,r,red,1,0,6,0,,,,,,,,,r,1,0.350102625322,,,,,2017_Oct_05_0901,59.9692777634,Stroop,73,L,
BLUE,incongruent,r,red,1,1,7,2,,,,,,,,,r,1,0.300280908821,,,,,2017_Oct_05_0901,59.9692777634,Stroop,73,L,
XXXX,neutral,r,red,1,2,8,4,,,,,,,,,r,1,0.350211695535,,,,,2017_Oct_05_0901,59.9692777634,Stroop,73,L,
RED,incongruent,b,blue,1,3,9,1,,,,,,,,,b,1,0.316943433834,,,,,2017_Oct_05_0901,59.9692777634,Stroop,73,L,
BLUE,congruent,b,blue,1,4,10,3,,,,,,,,,r,0,0.283615979832,,,,,2017_Oct_05_0901,59.9692777634,Stroop,73,L,
XXXX,neutral,b,blue,1,5,11,5,,,,,,,,,b,1,0.600204258924,,,,,2017_Oct_05_0901,59.9692777634,Stroop,73,L,
,,,,,,,,,,,,,,,,,,,b,7.48063610564,,,2017_Oct_05_0901,59.9692777634,Stroop,73,L,
RED,incongruent,b,blue,,,,,0,0,0,1,,,,,b,1,0.566919171251,,,,,2017_Oct_05_0901,59.9692777634,Stroop,73,L,
RED,incongruent,b,blue,,,,,0,1,1,1,,,,,b,1,0.317014645319,,,,,2017_Oct_05_0901,59.9692777634,Stroop,73,L,
BLUE,incongruent,r,red,,,,,0,2,2,2,,,,,r,1,0.250250065699,,,,,2017_Oct_05_0901,59.9692777634,Stroop,73,L,
BLUE,congruent,b,blue,,,,,0,3,3,3,,,,,b,1,0.314212468453,,,,,2017_Oct_05_0901,59.9692777634,Stroop,73,L,
XXXX,neutral,b,blue,,,,,0,4,4,5,,,,,b,1,0.364224682562,,,,,2017_Oct_05_0901,59.9692777634,Stroop,73,L,
XXXX,neutral,r,red,,,,,0,5,5,4,,,,,r,1,0.433634293498,,,,,2017_Oct_05_0901,59.9692777634,Stroop,73,L,
RED,incongruent,b,blue,,,,,1,0,6,1,,,,,b,1,0.483691277448,,,,,2017_Oct_05_0901,59.9692777634,Stroop,73,L,
RED,congruent,r,red,,,,,1,1,7,0,,,,,r,1,0.366948136361,,,,,2017_Oct_05_0901,59.9692777634,Stroop,73,L,
BLUE,incongruent,r,red,,,,,1,2,8,2,,,,,r,1,0.347360843094,,,,,2017_Oct_05_0901,59.9692777634,Stroop,73,L,
RED,incongruent,b,blue,,,,,1,3,9,1,,,,,b,1,0.316917293239,,,,,2017_Oct_05_0901,59.9692777634,Stroop,73,L,
RED,congruent,r,red,,,,,1,4,10,0,,,,,r,1,0.283617782639,,,,,2017_Oct_05_0901,59.9692777634,Stroop,73,L,
XXXX,neutral,r,red,,,,,1,5,11,4,,,,,r,1,0.250290628988,,,,,2017_Oct_05_0901,59.9692777634,Stroop,73,L,
RED,incongruent,b,blue,,,,,2,0,12,1,,,,,b,1,0.300055857282,,,,,2017_Oct_05_0901,59.9692777634,Stroop,73,L,
XXXX,neutral,r,red,,,,,2,1,13,4,,,,,r,1,0.250242553884,,,,,2017_Oct_05_0901,59.9692777634,Stroop,73,L,
RED,congruent,r,red,,,,,2,2,14,0,,,,,r,1,0.300216908799,,,,,2017_Oct_05_0901,59.9692777634,Stroop,73,L,
XXXX,neutral,b,blue,,,,,2,3,15,5,,,,,b,1,0.300246655475,,,,,2017_Oct_05_0901,59.9692777634,Stroop,73,L,
BLUE,incongruent,r,red,,,,,2,4,16,2,,,,,b,0,0.350121554919,,,,,2017_Oct_05_0901,59.9692777634,Stroop,73,L,
RED,congruent,r,red,,,,,2,5,17,0,,,,,r,1,0.500269370852,,,,,2017_Oct_05_0901,59.9692777634,Stroop,73,L,
XXXX,neutral,r,red,,,,,3,0,18,4,,,,,r,1,0.350301235681,,,,,2017_Oct_05_0901,59.9692777634,Stroop,73,L,
BLUE,congruent,b,blue,,,,,3,1,19,3,,,,,b,1,0.434387570014,,,,,2017_Oct_05_0901,59.9692777634,Stroop,73,L,
RED,congruent,r,red,,,,,3,2,20,0,,,,,r,1,0.350119151175,,,,,2017_Oct_05_0901,59.9692777634,Stroop,73,L,
BLUE,congruent,b,blue,,,,,3,3,21,3,,,,,b,1,0.333531442797,,,,,2017_Oct_05_0901,59.9692777634,Stroop,73,L,
XXXX,neutral,b,blue,,,,,3,4,22,5,,,,,b,1,0.363680232316,,,,,2017_Oct_05_0901,59.9692777634,Stroop,73,L,
RED,incongruent,b,blue,,,,,3,5,23,1,,,,,b,1,0.367055403767,,,,,2017_Oct_05_0901,59.9692777634,Stroop,73,L,
BLUE,incongruent,r,red,,,,,4,0,24,2,,,,,r,1,0.280849859584,,,,,2017_Oct_05_0901,59.9692777634,Stroop,73,L,
RED,congruent,r,red,,,,,4,1,25,0,,,,,r,1,0.350396784721,,,,,2017_Oct_05_0901,59.9692777634,Stroop,73,L,
XXXX,neutral,r,red,,,,,4,2,26,4,,,,,r,1,0.332863199059,,,,,2017_Oct_05_0901,59.9692777634,Stroop,73,L,
BLUE,incongruent,r,red,,,,,4,3,27,2,,,,,r,1,0.331346730469,,,,,2017_Oct_05_0901,59.9692777634,Stroop,73,L,
BLUE,congruent,b,blue,,,,,4,4,28,3,,,,,b,1,0.43347834982,,,,,2017_Oct_05_0901,59.9692777634,Stroop,73,L,
XXXX,neutral,b,blue,,,,,4,5,29,5,,,,,b,1,0.3669532442,,,,,2017_Oct_05_0901,59.9692777634,Stroop,73,L,
RED,congruent,r,red,,,,,5,0,30,0,,,,,r,1,0.333511912264,,,,,2017_Oct_05_0901,59.9692777634,Stroop,73,L,
BLUE,congruent,b,blue,,,,,5,1,31,3,,,,,b,1,0.330901434878,,,,,2017_Oct_05_0901,59.9692777634,Stroop,73,L,
BLUE,incongruent,r,red,,,,,5,2,32,2,,,,,r,1,0.384088107152,,,,,2017_Oct_05_0901,59.9692777634,Stroop,73,L,
BLUE,incongruent,r,red,,,,,5,3,33,2,,,,,r,1,0.383668652037,,,,,2017_Oct_05_0901,59.9692777634,Stroop,73,L,
RED,congruent,r,red,,,,,5,4,34,0,,,,,r,1,0.366758540273,,,,,2017_Oct_05_0901,59.9692777634,Stroop,73,L,
XXXX,neutral,b,blue,,,,,5,5,35,5,,,,,b,1,0.266911088489,,,,,2017_Oct_05_0901,59.9692777634,Stroop,73,L,
BLUE,congruent,b,blue,,,,,6,0,36,3,,,,,b,1,0.383426774293,,,,,2017_Oct_05_0901,59.9692777634,Stroop,73,L,
BLUE,incongruent,r,red,,,,,6,1,37,2,,,,,r,1,0.283561294433,,,,,2017_Oct_05_0901,59.9692777634,Stroop,73,L,
XXXX,neutral,r,red,,,,,6,2,38,4,,,,,r,1,0.333627292421,,,,,2017_Oct_05_0901,59.9692777634,Stroop,73,L,
BLUE,congruent,b,blue,,,,,6,3,39,3,,,,,b,1,0.283560993848,,,,,2017_Oct_05_0901,59.9692777634,Stroop,73,L,
RED,congruent,r,red,,,,,6,4,40,0,,,,,r,1,0.383556877496,,,,,2017_Oct_05_0901,59.9692777634,Stroop,73,L,
RED,incongruent,b,blue,,,,,6,5,41,1,,,,,b,1,0.383613065351,,,,,2017_Oct_05_0901,59.9692777634,Stroop,73,L,
XXXX,neutral,b,blue,,,,,7,0,42,5,,,,,b,1,0.633467112202,,,,,2017_Oct_05_0901,59.9692777634,Stroop,73,L,
BLUE,incongruent,r,red,,,,,7,1,43,2,,,,,r,1,0.350349611137,,,,,2017_Oct_05_0901,59.9692777634,Stroop,73,L,
XXXX,neutral,b,blue,,,,,7,2,44,5,,,,,b,1,0.430817393819,,,,,2017_Oct_05_0901,59.9692777634,Stroop,73,L,
BLUE,congruent,b,blue,,,,,7,3,45,3,,,,,b,1,0.366899159737,,,,,2017_Oct_05_0901,59.9692777634,Stroop,73,L,
XXXX,neutral,b,blue,,,,,7,4,46,5,,,,,b,1,0.350135376444,,,,,2017_Oct_05_0901,59.9692777634,Stroop,73,L,
RED,congruent,r,red,,,,,7,5,47,0,,,,,r,1,0.297555051278,,,,,2017_Oct_05_0901,59.9692777634,Stroop,73,L,
XXXX,neutral,r,red,,,,,8,0,48,4,,,,,r,1,0.45026196423,,,,,2017_Oct_05_0901,59.9692777634,Stroop,73,L,
XXXX,neutral,r,red,,,,,8,1,49,4,,,,,r,1,0.433590424946,,,,,2017_Oct_05_0901,59.9692777634,Stroop,73,L,
BLUE,incongruent,r,red,,,,,8,2,50,2,,,,,r,1,0.333388419356,,,,,2017_Oct_05_0901,59.9692777634,Stroop,73,L,
BLUE,congruent,b,blue,,,,,8,3,51,3,,,,,b,1,0.314403867349,,,,,2017_Oct_05_0901,59.9692777634,Stroop,73,L,
XXXX,neutral,b,blue,,,,,8,4,52,5,,,,,b,1,0.383630792843,,,,,2017_Oct_05_0901,59.9692777634,Stroop,73,L,
XXXX,neutral,r,red,,,,,8,5,53,4,,,,,r,1,0.45028329757,,,,,2017_Oct_05_0901,59.9692777634,Stroop,73,L,
RED,congruent,r,red,,,,,9,0,54,0,,,,,r,1,0.366810821928,,,,,2017_Oct_05_0901,59.9692777634,Stroop,73,L,
RED,congruent,r,red,,,,,9,1,55,0,,,,,r,1,0.333608663408,,,,,2017_Oct_05_0901,59.9692777634,Stroop,73,L,
RED,incongruent,b,blue,,,,,9,2,56,1,,,,,b,1,0.31620848598,,,,,2017_Oct_05_0901,59.9692777634,Stroop,73,L,
RED,incongruent,b,blue,,,,,9,3,57,1,,,,,b,1,0.433586218394,,,,,2017_Oct_05_0901,59.9692777634,Stroop,73,L,
XXXX,neutral,r,red,,,,,9,4,58,4,,,,,r,1,0.266812834889,,,,,2017_Oct_05_0901,59.9692777634,Stroop,73,L,
RED,incongruent,b,blue,,,,,9,5,59,1,,,,,r,0,0.232896761503,,,,,2017_Oct_05_0901,59.9692777634,Stroop,73,L,
RED,congruent,r,red,,,,,10,0,60,0,,,,,r,1,0.550311331172,,,,,2017_Oct_05_0901,59.9692777634,Stroop,73,L,
BLUE,incongruent,r,red,,,,,10,1,61,2,,,,,r,1,0.400343196234,,,,,2017_Oct_05_0901,59.9692777634,Stroop,73,L,
BLUE,congruent,b,blue,,,,,10,2,62,3,,,,,b,1,0.317080447916,,,,,2017_Oct_05_0901,59.9692777634,Stroop,73,L,
RED,incongruent,b,blue,,,,,10,3,63,1,,,,,b,1,0.400242238306,,,,,2017_Oct_05_0901,59.9692777634,Stroop,73,L,
XXXX,neutral,b,blue,,,,,10,4,64,5,,,,,b,1,0.433591626817,,,,,2017_Oct_05_0901,59.9692777634,Stroop,73,L,
BLUE,congruent,b,blue,,,,,10,5,65,3,,,,,b,1,0.366942127002,,,,,2017_Oct_05_0901,59.9692777634,Stroop,73,L,
XXXX,neutral,r,red,,,,,11,0,66,4,,,,,r,1,0.417006622767,,,,,2017_Oct_05_0901,59.9692777634,Stroop,73,L,
BLUE,congruent,b,blue,,,,,11,1,67,3,,,,,b,1,0.333649527049,,,,,2017_Oct_05_0901,59.9692777634,Stroop,73,L,
BLUE,incongruent,r,red,,,,,11,2,68,2,,,,,r,1,0.316897762707,,,,,2017_Oct_05_0901,59.9692777634,Stroop,73,L,
XXXX,neutral,r,red,,,,,11,3,69,4,,,,,r,1,0.616951516597,,,,,2017_Oct_05_0901,59.9692777634,Stroop,73,L,
XXXX,neutral,b,blue,,,,,11,4,70,5,,,,,b,1,0.416915880749,,,,,2017_Oct_05_0901,59.9692777634,Stroop,73,L,
RED,incongruent,b,blue,,,,,11,5,71,1,,,,,b,1,0.366902765352,,,,,2017_Oct_05_0901,59.9692777634,Stroop,73,L,
XXXX,neutral,r,red,,,,,12,0,72,4,,,,,r,1,0.45027848985,,,,,2017_Oct_05_0901,59.9692777634,Stroop,73,L,
XXXX,neutral,b,blue,,,,,12,1,73,5,,,,,b,1,0.350220709573,,,,,2017_Oct_05_0901,59.9692777634,Stroop,73,L,
BLUE,congruent,b,blue,,,,,12,2,74,3,,,,,b,1,0.350368540501,,,,,2017_Oct_05_0901,59.9692777634,Stroop,73,L,
XXXX,neutral,r,red,,,,,12,3,75,4,,,,,r,1,0.349940371932,,,,,2017_Oct_05_0901,59.9692777634,Stroop,73,L,
XXXX,neutral,b,blue,,,,,12,4,76,5,,,,,b,1,0.365048869979,,,,,2017_Oct_05_0901,59.9692777634,Stroop,73,L,
BLUE,incongruent,r,red,,,,,12,5,77,2,,,,,r,1,0.383637102786,,,,,2017_Oct_05_0901,59.9692777634,Stroop,73,L,
XXXX,neutral,r,red,,,,,13,0,78,4,,,,,r,1,0.33349929261,,,,,2017_Oct_05_0901,59.9692777634,Stroop,73,L,
XXXX,neutral,r,red,,,,,13,1,79,4,,,,,r,1,0.38355237036,,,,,2017_Oct_05_0901,59.9692777634,Stroop,73,L,
XXXX,neutral,b,blue,,,,,13,2,80,5,,,,,b,1,0.399650614476,,,,,2017_Oct_05_0901,59.9692777634,Stroop,73,L,
BLUE,incongruent,r,red,,,,,13,3,81,2,,,,,r,1,0.350261874031,,,,,2017_Oct_05_0901,59.9692777634,Stroop,73,L,
BLUE,congruent,b,blue,,,,,13,4,82,3,,,,,b,1,0.333721940406,,,,,2017_Oct_05_0901,59.9692777634,Stroop,73,L,
XXXX,neutral,r,red,,,,,13,5,83,4,,,,,r,1,0.333484569564,,,,,2017_Oct_05_0901,59.9692777634,Stroop,73,L,
XXXX,neutral,r,red,,,,,14,0,84,4,,,,,r,1,0.300305246841,,,,,2017_Oct_05_0901,59.9692777634,Stroop,73,L,
XXXX,neutral,r,red,,,,,14,1,85,4,,,,,r,1,0.316831659293,,,,,2017_Oct_05_0901,59.9692777634,Stroop,73,L,
BLUE,congruent,b,blue,,,,,14,2,86,3,,,,,b,1,0.40019296133,,,,,2017_Oct_05_0901,59.9692777634,Stroop,73,L,
RED,incongruent,b,blue,,,,,14,3,87,1,,,,,b,1,0.350186756579,,,,,2017_Oct_05_0901,59.9692777634,Stroop,73,L,
XXXX,neutral,b,blue,,,,,14,4,88,5,,,,,b,1,0.333728250116,,,,,2017_Oct_05_0901,59.9692777634,Stroop,73,L,
BLUE,incongruent,r,red,,,,,14,5,89,2,,,,,r,1,0.300996626494,,,,,2017_Oct_05_0901,59.9692777634,Stroop,73,L,
BLUE,congruent,b,blue,,,,,15,0,90,3,,,,,b,1,0.366775366478,,,,,2017_Oct_05_0901,59.9692777634,Stroop,73,L,
BLUE,incongruent,r,red,,,,,15,1,91,2,,,,,r,1,0.314250027062,,,,,2017_Oct_05_0901,59.9692777634,Stroop,73,L,
BLUE,congruent,b,blue,,,,,15,2,92,3,,,,,b,1,0.317416372476,,,,,2017_Oct_05_0901,59.9692777634,Stroop,73,L,
XXXX,neutral,b,blue,,,,,15,3,93,5,,,,,b,1,0.334170541028,,,,,2017_Oct_05_0901,59.9692777634,Stroop,73,L,
RED,congruent,r,red,,,,,15,4,94,0,,,,,r,1,0.400119646918,,,,,2017_Oct_05_0901,59.9692777634,Stroop,73,L,
XXXX,neutral,r,red,,,,,15,5,95,4,,,,,r,1,0.350223714253,,,,,2017_Oct_05_0901,59.9692777634,Stroop,73,L,
BLUE,congruent,b,blue,,,,,16,0,96,3,,,,,b,1,0.316871321527,,,,,2017_Oct_05_0901,59.9692777634,Stroop,73,L,
XXXX,neutral,b,blue,,,,,16,1,97,5,,,,,b,1,0.316982495133,,,,,2017_Oct_05_0901,59.9692777634,Stroop,73,L,
BLUE,congruent,b,blue,,,,,16,2,98,3,,,,,b,1,0.366948737297,,,,,2017_Oct_05_0901,59.9692777634,Stroop,73,L,
RED,incongruent,b,blue,,,,,16,3,99,1,,,,,b,1,0.350048540859,,,,,2017_Oct_05_0901,59.9692777634,Stroop,73,L,
RED,incongruent,b,blue,,,,,16,4,100,1,,,,,b,1,0.40020317724,,,,,2017_Oct_05_0901,59.9692777634,Stroop,73,L,
BLUE,incongruent,r,red,,,,,16,5,101,2,,,,,r,1,0.283616580768,,,,,2017_Oct_05_0901,59.9692777634,Stroop,73,L,
RED,congruent,r,red,,,,,17,0,102,0,,,,,r,1,0.297560760286,,,,,2017_Oct_05_0901,59.9692777634,Stroop,73,L,
BLUE,incongruent,r,red,,,,,17,1,103,2,,,,,r,1,0.333612569375,,,,,2017_Oct_05_0901,59.9692777634,Stroop,73,L,
BLUE,incongruent,r,red,,,,,17,2,104,2,,,,,r,1,0.350251357537,,,,,2017_Oct_05_0901,59.9692777634,Stroop,73,L,
BLUE,incongruent,r,red,,,,,17,3,105,2,,,,,r,1,0.416887636762,,,,,2017_Oct_05_0901,59.9692777634,Stroop,73,L,
XXXX,neutral,b,blue,,,,,17,4,106,5,,,,,b,1,0.350282906787,,,,,2017_Oct_05_0901,59.9692777634,Stroop,73,L,
RED,incongruent,b,blue,,,,,17,5,107,1,,,,,b,1,0.350348409032,,,,,2017_Oct_05_0901,59.9692777634,Stroop,73,L,
XXXX,neutral,b,blue,,,,,18,0,108,5,,,,,b,1,0.364534466295,,,,,2017_Oct_05_0901,59.9692777634,Stroop,73,L,
BLUE,congruent,b,blue,,,,,18,1,109,3,,,,,b,1,0.316842776723,,,,,2017_Oct_05_0901,59.9692777634,Stroop,73,L,
BLUE,incongruent,r,red,,,,,18,2,110,2,,,,,r,1,0.401051402325,,,,,2017_Oct_05_0901,59.9692777634,Stroop,73,L,
BLUE,congruent,b,blue,,,,,18,3,111,3,,,,,b,1,0.283625895157,,,,,2017_Oct_05_0901,59.9692777634,Stroop,73,L,
RED,incongruent,b,blue,,,,,18,4,112,1,,,,,b,1,0.300119256368,,,,,2017_Oct_05_0901,59.9692777634,Stroop,73,L,
BLUE,congruent,b,blue,,,,,18,5,113,3,,,,,b,1,0.350361629622,,,,,2017_Oct_05_0901,59.9692777634,Stroop,73,L,
XXXX,neutral,r,red,,,,,19,0,114,4,,,,,r,1,0.333525433438,,,,,2017_Oct_05_0901,59.9692777634,Stroop,73,L,
XXXX,neutral,r,red,,,,,19,1,115,4,,,,,r,1,0.300186260836,,,,,2017_Oct_05_0901,59.9692777634,Stroop,73,L,
RED,incongruent,b,blue,,,,,19,2,116,1,,,,,b,1,0.433595532784,,,,,2017_Oct_05_0901,59.9692777634,Stroop,73,L,
RED,congruent,r,red,,,,,19,3,117,0,,,,,r,1,0.316948241554,,,,,2017_Oct_05_0901,59.9692777634,Stroop,73,L,
RED,congruent,r,red,,,,,19,4,118,0,,,,,r,1,0.383588727098,,,,,2017_Oct_05_0901,59.9692777634,Stroop,73,L,
XXXX,neutral,b,blue,,,,,19,5,119,5,,,,,b,1,0.35032046563,,,,,2017_Oct_05_0901,59.9692777634,Stroop,73,L,
XXXX,neutral,b,blue,,,,,20,0,120,5,,,,,b,1,0.383523825789,,,,,2017_Oct_05_0901,59.9692777634,Stroop,73,L,
RED,incongruent,b,blue,,,,,20,1,121,1,,,,,b,1,0.500530778896,,,,,2017_Oct_05_0901,59.9692777634,Stroop,73,L,
RED,congruent,r,red,,,,,20,2,122,0,,,,,r,1,0.350312352879,,,,,2017_Oct_05_0901,59.9692777634,Stroop,73,L,
RED,congruent,r,red,,,,,20,3,123,0,,,,,r,1,0.400163816055,,,,,2017_Oct_05_0901,59.9692777634,Stroop,73,L,
RED,incongruent,b,blue,,,,,20,4,124,1,,,,,b,1,0.316965368344,,,,,2017_Oct_05_0901,59.9692777634,Stroop,73,L,
RED,congruent,r,red,,,,,20,5,125,0,,,,,r,1,0.383566793054,,,,,2017_Oct_05_0901,59.9692777634,Stroop,73,L,
RED,congruent,r,red,,,,,21,0,126,0,,,,,r,1,0.383424971486,,,,,2017_Oct_05_0901,59.9692777634,Stroop,73,L,
XXXX,neutral,b,blue,,,,,21,1,127,5,,,,,b,1,0.300154711585,,,,,2017_Oct_05_0901,59.9692777634,Stroop,73,L,
RED,congruent,r,red,,,,,21,2,128,0,,,,,r,1,0.300252965186,,,,,2017_Oct_05_0901,59.9692777634,Stroop,73,L,
XXXX,neutral,b,blue,,,,,21,3,129,5,,,,,b,1,0.300252664834,,,,,2017_Oct_05_0901,59.9692777634,Stroop,73,L,
RED,congruent,r,red,,,,,21,4,130,0,,,,,r,1,0.316787490388,,,,,2017_Oct_05_0901,59.9692777634,Stroop,73,L,
BLUE,congruent,b,blue,,,,,21,5,131,3,,,,,b,1,0.330950110918,,,,,2017_Oct_05_0901,59.9692777634,Stroop,73,L,
RED,incongruent,b,blue,,,,,22,0,132,1,,,,,b,1,0.383266323712,,,,,2017_Oct_05_0901,59.9692777634,Stroop,73,L,
BLUE,congruent,b,blue,,,,,22,1,133,3,,,,,b,1,0.367025657324,,,,,2017_Oct_05_0901,59.9692777634,Stroop,73,L,
RED,incongruent,b,blue,,,,,22,2,134,1,,,,,b,1,0.383773215348,,,,,2017_Oct_05_0901,59.9692777634,Stroop,73,L,
BLUE,incongruent,r,red,,,,,22,3,135,2,,,,,r,1,0.333837020211,,,,,2017_Oct_05_0901,59.9692777634,Stroop,73,L,
BLUE,incongruent,r,red,,,,,22,4,136,2,,,,,r,1,0.383494980633,,,,,2017_Oct_05_0901,59.9692777634,Stroop,73,L,
RED,incongruent,b,blue,,,,,22,5,137,1,,,,,r,0,0.383709515678,,,,,2017_Oct_05_0901,59.9692777634,Stroop,73,L,
XXXX,neutral,r,red,,,,,23,0,138,4,,,,,r,1,0.497584377183,,,,,2017_Oct_05_0901,59.9692777634,Stroop,73,L,
XXXX,neutral,b,blue,,,,,23,1,139,5,,,,,b,1,0.383709816495,,,,,2017_Oct_05_0901,59.9692777634,Stroop,73,L,
BLUE,incongruent,r,red,,,,,23,2,140,2,,,,,r,1,0.350286512636,,,,,2017_Oct_05_0901,59.9692777634,Stroop,73,L,
BLUE,congruent,b,blue,,,,,23,3,141,3,,,,,b,1,0.400926707312,,,,,2017_Oct_05_0901,59.9692777634,Stroop,73,L,
RED,incongruent,b,blue,,,,,23,4,142,1,,,,,b,1,0.366851384984,,,,,2017_Oct_05_0901,59.9692777634,Stroop,73,L,
RED,congruent,r,red,,,,,23,5,143,0,,,,,r,1,0.349987545516,,,,,2017_Oct_05_0901,59.9692777634,Stroop,73,L,
XXXX,neutral,r,red,,,,,24,0,144,4,,,,,r,1,0.400359721854,,,,,2017_Oct_05_0901,59.9692777634,Stroop,73,L,
BLUE,incongruent,r,red,,,,,24,1,145,2,,,,,r,1,0.300316965207,,,,,2017_Oct_05_0901,59.9692777634,Stroop,73,L,
RED,incongruent,b,blue,,,,,24,2,146,1,,,,,b,1,0.366868812591,,,,,2017_Oct_05_0901,59.9692777634,Stroop,73,L,
XXXX,neutral,b,blue,,,,,24,3,147,5,,,,,b,1,0.366937319515,,,,,2017_Oct_05_0901,59.9692777634,Stroop,73,L,
RED,congruent,r,red,,,,,24,4,148,0,,,,,r,1,0.283360881265,,,,,2017_Oct_05_0901,59.9692777634,Stroop,73,L,
XXXX,neutral,r,red,,,,,24,5,149,4,,,,,r,1,0.500172319124,,,,,2017_Oct_05_0901,59.9692777634,Stroop,73,L,
,,,,,,,,,,,,,,,,,,,,,space,66.9310630274,2017_Oct_05_0901,59.9692777634,Stroop,73,L,
