word,type,correct,ink,Practice.thisRepN,Practice.thisTrialN,Practice.thisN,Practice.thisIndex,trials.thisRepN,trials.thisTrialN,trials.thisN,trials.thisIndex,ready_to_continue.keys,ready_to_continue.rt,key_resp_2.keys,key_resp_2.rt,Response.keys,Response.corr,Response.rt,begin_exp.keys,begin_exp.rt,finished.keys,finished.rt,date,frameRate,expName,participant,condition,
,,,,,,,,,,,,r,61.0145135687,,,,,,,,,,2017_Oct_05_0930,60.0088531547,Stroop,75,L,
,,,,,,,,,,,,,,r,8.43301773025,,,,,,,,2017_Oct_05_0930,60.0088531547,Stroop,75,L,
BLUE,congruent,b,blue,0,0,0,3,,,,,,,,,b,1,1.50022039446,,,,,2017_Oct_05_0930,60.0088531547,Stroop,75,L,
XXXX,neutral,r,red,0,1,1,4,,,,,,,,,r,1,0.700164987706,,,,,2017_Oct_05_0930,60.0088531547,Stroop,75,L,
RED,congruent,r,red,0,2,2,0,,,,,,,,,r,1,0.714562875684,,,,,2017_Oct_05_0930,60.0088531547,Stroop,75,L,
XXXX,neutral,b,blue,0,3,3,5,,,,,,,,,b,1,0.400355515303,,,,,2017_Oct_05_0930,60.0088531547,Stroop,75,L,
RED,incongruent,b,blue,0,4,4,1,,,,,,,,,b,1,0.716744883917,,,,,2017_Oct_05_0930,60.0088531547,Stroop,75,L,
BLUE,incongruent,r,red,0,5,5,2,,,,,,,,,r,1,0.630974118365,,,,,2017_Oct_05_0930,60.0088531547,Stroop,75,L,
RED,incongruent,b,blue,1,0,6,1,,,,,,,,,b,1,1.03600974358,,,,,2017_Oct_05_0930,60.0088531547,Stroop,75,L,
XXXX,neutral,b,blue,1,1,7,5,,,,,,,,,b,1,0.500274478691,,,,,2017_Oct_05_0930,60.0088531547,Stroop,75,L,
RED,congruent,r,red,1,2,8,0,,,,,,,,,r,1,0.550203763414,,,,,2017_Oct_05_0930,60.0088531547,Stroop,75,L,
BLUE,incongruent,r,red,1,3,9,2,,,,,,,,,r,1,1.61616488802,,,,,2017_Oct_05_0930,60.0088531547,Stroop,75,L,
BLUE,congruent,b,blue,1,4,10,3,,,,,,,,,b,1,0.766867670463,,,,,2017_Oct_05_0930,60.0088531547,Stroop,75,L,
XXXX,neutral,r,red,1,5,11,4,,,,,,,,,r,1,0.483687371481,,,,,2017_Oct_05_0930,60.0088531547,Stroop,75,L,
,,,,,,,,,,,,,,,,,,,r,5.20011976711,,,2017_Oct_05_0930,60.0088531547,Stroop,75,L,
RED,congruent,r,red,,,,,0,0,0,0,,,,,r,1,0.716911043273,,,,,2017_Oct_05_0930,60.0088531547,Stroop,75,L,
XXXX,neutral,b,blue,,,,,0,1,1,5,,,,,b,1,0.514298282564,,,,,2017_Oct_05_0930,60.0088531547,Stroop,75,L,
RED,incongruent,b,blue,,,,,0,2,2,1,,,,,b,1,0.550473584794,,,,,2017_Oct_05_0930,60.0088531547,Stroop,75,L,
XXXX,neutral,r,red,,,,,0,3,3,4,,,,,r,1,0.497575963847,,,,,2017_Oct_05_0930,60.0088531547,Stroop,75,L,
BLUE,incongruent,r,red,,,,,0,4,4,2,,,,,r,1,0.71742604766,,,,,2017_Oct_05_0930,60.0088531547,Stroop,75,L,
RED,incongruent,b,blue,,,,,0,5,5,1,,,,,b,1,0.519553190097,,,,,2017_Oct_05_0930,60.0088531547,Stroop,75,L,
BLUE,congruent,b,blue,,,,,1,0,6,3,,,,,b,1,0.564128412167,,,,,2017_Oct_05_0930,60.0088531547,Stroop,75,L,
RED,congruent,r,red,,,,,1,1,7,0,,,,,r,1,0.517018731451,,,,,2017_Oct_05_0930,60.0088531547,Stroop,75,L,
BLUE,incongruent,r,red,,,,,1,2,8,2,,,,,r,1,0.583571480121,,,,,2017_Oct_05_0930,60.0088531547,Stroop,75,L,
XXXX,neutral,r,red,,,,,1,3,9,4,,,,,r,1,0.514363784809,,,,,2017_Oct_05_0930,60.0088531547,Stroop,75,L,
BLUE,incongruent,r,red,,,,,1,4,10,2,,,,,r,1,0.48350979411,,,,,2017_Oct_05_0930,60.0088531547,Stroop,75,L,
BLUE,incongruent,r,red,,,,,1,5,11,2,,,,,r,1,0.583657414652,,,,,2017_Oct_05_0930,60.0088531547,Stroop,75,L,
RED,incongruent,b,blue,,,,,2,0,12,1,,,,,b,1,0.60025654058,,,,,2017_Oct_05_0930,60.0088531547,Stroop,75,L,
BLUE,congruent,b,blue,,,,,2,1,13,3,,,,,b,1,0.516938205808,,,,,2017_Oct_05_0930,60.0088531547,Stroop,75,L,
XXXX,neutral,b,blue,,,,,2,2,14,5,,,,,b,1,0.532898233738,,,,,2017_Oct_05_0930,60.0088531547,Stroop,75,L,
BLUE,congruent,b,blue,,,,,2,3,15,3,,,,,b,1,0.516258243937,,,,,2017_Oct_05_0930,60.0088531547,Stroop,75,L,
BLUE,congruent,b,blue,,,,,2,4,16,3,,,,,b,1,0.61704015499,,,,,2017_Oct_05_0930,60.0088531547,Stroop,75,L,
RED,congruent,r,red,,,,,2,5,17,0,,,,,r,1,0.533684261376,,,,,2017_Oct_05_0930,60.0088531547,Stroop,75,L,
RED,incongruent,b,blue,,,,,3,0,18,1,,,,,b,1,0.583530616481,,,,,2017_Oct_05_0930,60.0088531547,Stroop,75,L,
XXXX,neutral,b,blue,,,,,3,1,19,5,,,,,b,1,0.502839585068,,,,,2017_Oct_05_0930,60.0088531547,Stroop,75,L,
XXXX,neutral,r,red,,,,,3,2,20,4,,,,,r,1,0.366997713689,,,,,2017_Oct_05_0930,60.0088531547,Stroop,75,L,
RED,congruent,r,red,,,,,3,3,21,0,,,,,r,1,0.466951531591,,,,,2017_Oct_05_0930,60.0088531547,Stroop,75,L,
XXXX,neutral,r,red,,,,,3,4,22,4,,,,,r,1,0.397383873817,,,,,2017_Oct_05_0930,60.0088531547,Stroop,75,L,
RED,incongruent,b,blue,,,,,3,5,23,1,,,,,b,1,0.316113838227,,,,,2017_Oct_05_0930,60.0088531547,Stroop,75,L,
XXXX,neutral,b,blue,,,,,4,0,24,5,,,,,b,1,0.467002010439,,,,,2017_Oct_05_0930,60.0088531547,Stroop,75,L,
RED,congruent,r,red,,,,,4,1,25,0,,,,,r,1,0.366937018931,,,,,2017_Oct_05_0930,60.0088531547,Stroop,75,L,
RED,congruent,r,red,,,,,4,2,26,0,,,,,r,1,0.450340687297,,,,,2017_Oct_05_0930,60.0088531547,Stroop,75,L,
RED,congruent,r,red,,,,,4,3,27,0,,,,,r,1,0.483547653072,,,,,2017_Oct_05_0930,60.0088531547,Stroop,75,L,
XXXX,neutral,r,red,,,,,4,4,28,4,,,,,r,1,0.366878727917,,,,,2017_Oct_05_0930,60.0088531547,Stroop,75,L,
RED,incongruent,b,blue,,,,,4,5,29,1,,,,,b,1,0.350094812922,,,,,2017_Oct_05_0930,60.0088531547,Stroop,75,L,
XXXX,neutral,r,red,,,,,5,0,30,4,,,,,r,1,0.483594526304,,,,,2017_Oct_05_0930,60.0088531547,Stroop,75,L,
BLUE,congruent,b,blue,,,,,5,1,31,3,,,,,b,1,0.300276101101,,,,,2017_Oct_05_0930,60.0088531547,Stroop,75,L,
BLUE,incongruent,r,red,,,,,5,2,32,2,,,,,r,1,0.367140136193,,,,,2017_Oct_05_0930,60.0088531547,Stroop,75,L,
BLUE,incongruent,r,red,,,,,5,3,33,2,,,,,r,1,0.617457506713,,,,,2017_Oct_05_0930,60.0088531547,Stroop,75,L,
BLUE,congruent,b,blue,,,,,5,4,34,3,,,,,b,1,0.333576212637,,,,,2017_Oct_05_0930,60.0088531547,Stroop,75,L,
XXXX,neutral,r,red,,,,,5,5,35,4,,,,,r,1,0.333357170457,,,,,2017_Oct_05_0930,60.0088531547,Stroop,75,L,
BLUE,congruent,b,blue,,,,,6,0,36,3,,,,,b,1,0.497567250393,,,,,2017_Oct_05_0930,60.0088531547,Stroop,75,L,
BLUE,incongruent,r,red,,,,,6,1,37,2,,,,,r,1,0.486064984696,,,,,2017_Oct_05_0930,60.0088531547,Stroop,75,L,
RED,incongruent,b,blue,,,,,6,2,38,1,,,,,b,1,0.466780264163,,,,,2017_Oct_05_0930,60.0088531547,Stroop,75,L,
RED,congruent,r,red,,,,,6,3,39,0,,,,,r,1,0.450259560486,,,,,2017_Oct_05_0930,60.0088531547,Stroop,75,L,
BLUE,congruent,b,blue,,,,,6,4,40,3,,,,,b,1,0.430915947538,,,,,2017_Oct_05_0930,60.0088531547,Stroop,75,L,
RED,congruent,r,red,,,,,6,5,41,0,,,,,r,1,0.450214790413,,,,,2017_Oct_05_0930,60.0088531547,Stroop,75,L,
BLUE,incongruent,r,red,,,,,7,0,42,2,,,,,r,1,0.467002311023,,,,,2017_Oct_05_0930,60.0088531547,Stroop,75,L,
RED,incongruent,b,blue,,,,,7,1,43,1,,,,,b,1,0.31451864657,,,,,2017_Oct_05_0930,60.0088531547,Stroop,75,L,
BLUE,incongruent,r,red,,,,,7,2,44,2,,,,,r,1,0.516994093079,,,,,2017_Oct_05_0930,60.0088531547,Stroop,75,L,
BLUE,incongruent,r,red,,,,,7,3,45,2,,,,,b,0,0.600264953915,,,,,2017_Oct_05_0930,60.0088531547,Stroop,75,L,
RED,incongruent,b,blue,,,,,7,4,46,1,,,,,b,1,0.800156364217,,,,,2017_Oct_05_0930,60.0088531547,Stroop,75,L,
XXXX,neutral,r,red,,,,,7,5,47,4,,,,,r,1,0.583597320598,,,,,2017_Oct_05_0930,60.0088531547,Stroop,75,L,
RED,congruent,r,red,,,,,8,0,48,0,,,,,r,1,0.500279586529,,,,,2017_Oct_05_0930,60.0088531547,Stroop,75,L,
XXXX,neutral,b,blue,,,,,8,1,49,5,,,,,b,1,0.731067955028,,,,,2017_Oct_05_0930,60.0088531547,Stroop,75,L,
BLUE,incongruent,r,red,,,,,8,2,50,2,,,,,r,1,0.547495032428,,,,,2017_Oct_05_0930,60.0088531547,Stroop,75,L,
XXXX,neutral,r,red,,,,,8,3,51,4,,,,,r,1,0.483564178925,,,,,2017_Oct_05_0930,60.0088531547,Stroop,75,L,
RED,congruent,r,red,,,,,8,4,52,0,,,,,r,1,0.516894337256,,,,,2017_Oct_05_0930,60.0088531547,Stroop,75,L,
XXXX,neutral,b,blue,,,,,8,5,53,5,,,,,b,1,0.616895328974,,,,,2017_Oct_05_0930,60.0088531547,Stroop,75,L,
RED,congruent,r,red,,,,,9,0,54,0,,,,,r,1,0.502950157737,,,,,2017_Oct_05_0930,60.0088531547,Stroop,75,L,
BLUE,congruent,b,blue,,,,,9,1,55,3,,,,,b,1,0.347387885209,,,,,2017_Oct_05_0930,60.0088531547,Stroop,75,L,
RED,incongruent,b,blue,,,,,9,2,56,1,,,,,b,1,0.666909946594,,,,,2017_Oct_05_0930,60.0088531547,Stroop,75,L,
RED,incongruent,b,blue,,,,,9,3,57,1,,,,,b,1,0.486365153687,,,,,2017_Oct_05_0930,60.0088531547,Stroop,75,L,
RED,incongruent,b,blue,,,,,9,4,58,1,,,,,b,1,0.531067173928,,,,,2017_Oct_05_0930,60.0088531547,Stroop,75,L,
BLUE,incongruent,r,red,,,,,9,5,59,2,,,,,r,1,0.667312275153,,,,,2017_Oct_05_0930,60.0088531547,Stroop,75,L,
XXXX,neutral,r,red,,,,,10,0,60,4,,,,,r,1,0.500239323825,,,,,2017_Oct_05_0930,60.0088531547,Stroop,75,L,
XXXX,neutral,r,red,,,,,10,1,61,4,,,,,r,1,0.45025805803,,,,,2017_Oct_05_0930,60.0088531547,Stroop,75,L,
RED,congruent,r,red,,,,,10,2,62,0,,,,,r,1,0.516886525089,,,,,2017_Oct_05_0930,60.0088531547,Stroop,75,L,
XXXX,neutral,r,red,,,,,10,3,63,4,,,,,r,1,0.35024444689,,,,,2017_Oct_05_0930,60.0088531547,Stroop,75,L,
XXXX,neutral,b,blue,,,,,10,4,64,5,,,,,b,1,0.500285596121,,,,,2017_Oct_05_0930,60.0088531547,Stroop,75,L,
XXXX,neutral,b,blue,,,,,10,5,65,5,,,,,b,1,0.866857544752,,,,,2017_Oct_05_0930,60.0088531547,Stroop,75,L,
XXXX,neutral,r,red,,,,,11,0,66,4,,,,,r,1,0.550228702137,,,,,2017_Oct_05_0930,60.0088531547,Stroop,75,L,
RED,congruent,r,red,,,,,11,1,67,0,,,,,r,1,0.600369817577,,,,,2017_Oct_05_0930,60.0088531547,Stroop,75,L,
XXXX,neutral,b,blue,,,,,11,2,68,5,,,,,b,1,0.633728520712,,,,,2017_Oct_05_0930,60.0088531547,Stroop,75,L,
RED,congruent,r,red,,,,,11,3,69,0,,,,,r,1,0.466858085711,,,,,2017_Oct_05_0930,60.0088531547,Stroop,75,L,
BLUE,incongruent,r,red,,,,,11,4,70,2,,,,,r,1,0.8002347867,,,,,2017_Oct_05_0930,60.0088531547,Stroop,75,L,
XXXX,neutral,r,red,,,,,11,5,71,4,,,,,r,1,0.517492872197,,,,,2017_Oct_05_0930,60.0088531547,Stroop,75,L,
RED,incongruent,b,blue,,,,,12,0,72,1,,,,,b,1,0.433548960136,,,,,2017_Oct_05_0930,60.0088531547,Stroop,75,L,
XXXX,neutral,b,blue,,,,,12,1,73,5,,,,,b,1,0.516933999257,,,,,2017_Oct_05_0930,60.0088531547,Stroop,75,L,
RED,incongruent,b,blue,,,,,12,2,74,1,,,,,b,1,0.366851385217,,,,,2017_Oct_05_0930,60.0088531547,Stroop,75,L,
RED,incongruent,b,blue,,,,,12,3,75,1,,,,,b,1,0.550550805405,,,,,2017_Oct_05_0930,60.0088531547,Stroop,75,L,
RED,incongruent,b,blue,,,,,12,4,76,1,,,,,b,1,0.533548148815,,,,,2017_Oct_05_0930,60.0088531547,Stroop,75,L,
BLUE,congruent,b,blue,,,,,12,5,77,3,,,,,b,1,0.533642796567,,,,,2017_Oct_05_0930,60.0088531547,Stroop,75,L,
XXXX,neutral,b,blue,,,,,13,0,78,5,,,,,b,1,0.466916376725,,,,,2017_Oct_05_0930,60.0088531547,Stroop,75,L,
RED,congruent,r,red,,,,,13,1,79,0,,,,,r,1,0.30027369759,,,,,2017_Oct_05_0930,60.0088531547,Stroop,75,L,
XXXX,neutral,r,red,,,,,13,2,80,4,,,,,r,1,0.480818791082,,,,,2017_Oct_05_0930,60.0088531547,Stroop,75,L,
XXXX,neutral,b,blue,,,,,13,3,81,5,,,,,b,1,0.450253250543,,,,,2017_Oct_05_0930,60.0088531547,Stroop,75,L,
XXXX,neutral,b,blue,,,,,13,4,82,5,,,,,b,1,0.450266771717,,,,,2017_Oct_05_0930,60.0088531547,Stroop,75,L,
XXXX,neutral,r,red,,,,,13,5,83,4,,,,,r,1,0.416770754149,,,,,2017_Oct_05_0930,60.0088531547,Stroop,75,L,
XXXX,neutral,b,blue,,,,,14,0,84,5,,,,,b,1,0.350266982103,,,,,2017_Oct_05_0930,60.0088531547,Stroop,75,L,
RED,congruent,r,red,,,,,14,1,85,0,,,,,r,1,0.583513489692,,,,,2017_Oct_05_0930,60.0088531547,Stroop,75,L,
XXXX,neutral,b,blue,,,,,14,2,86,5,,,,,b,1,0.666815298842,,,,,2017_Oct_05_0930,60.0088531547,Stroop,75,L,
RED,incongruent,b,blue,,,,,14,3,87,1,,,,,b,1,0.417042979272,,,,,2017_Oct_05_0930,60.0088531547,Stroop,75,L,
RED,incongruent,b,blue,,,,,14,4,88,1,,,,,b,1,0.383633497171,,,,,2017_Oct_05_0930,60.0088531547,Stroop,75,L,
BLUE,congruent,b,blue,,,,,14,5,89,3,,,,,b,1,0.430967928842,,,,,2017_Oct_05_0930,60.0088531547,Stroop,75,L,
XXXX,neutral,b,blue,,,,,15,0,90,5,,,,,b,1,0.369233806152,,,,,2017_Oct_05_0930,60.0088531547,Stroop,75,L,
RED,congruent,r,red,,,,,15,1,91,0,,,,,r,1,0.283575716894,,,,,2017_Oct_05_0930,60.0088531547,Stroop,75,L,
BLUE,incongruent,r,red,,,,,15,2,92,2,,,,,r,1,0.347562758252,,,,,2017_Oct_05_0930,60.0088531547,Stroop,75,L,
XXXX,neutral,r,red,,,,,15,3,93,4,,,,,r,1,0.433671852108,,,,,2017_Oct_05_0930,60.0088531547,Stroop,75,L,
BLUE,incongruent,r,red,,,,,15,4,94,2,,,,,r,1,0.436288038269,,,,,2017_Oct_05_0930,60.0088531547,Stroop,75,L,
XXXX,neutral,b,blue,,,,,15,5,95,5,,,,,b,1,0.450191053562,,,,,2017_Oct_05_0930,60.0088531547,Stroop,75,L,
XXXX,neutral,r,red,,,,,16,0,96,4,,,,,r,1,0.483640798368,,,,,2017_Oct_05_0930,60.0088531547,Stroop,75,L,
BLUE,incongruent,r,red,,,,,16,1,97,2,,,,,r,1,0.514215052593,,,,,2017_Oct_05_0930,60.0088531547,Stroop,75,L,
XXXX,neutral,b,blue,,,,,16,2,98,5,,,,,b,1,0.350258869352,,,,,2017_Oct_05_0930,60.0088531547,Stroop,75,L,
RED,congruent,r,red,,,,,16,3,99,0,,,,,r,1,0.616864680778,,,,,2017_Oct_05_0930,60.0088531547,Stroop,75,L,
BLUE,congruent,b,blue,,,,,16,4,100,3,,,,,b,1,0.297240159474,,,,,2017_Oct_05_0930,60.0088531547,Stroop,75,L,
RED,incongruent,b,blue,,,,,16,5,101,1,,,,,b,1,0.452925323974,,,,,2017_Oct_05_0930,60.0088531547,Stroop,75,L,
BLUE,congruent,b,blue,,,,,17,0,102,3,,,,,b,1,0.366834258428,,,,,2017_Oct_05_0930,60.0088531547,Stroop,75,L,
BLUE,incongruent,r,red,,,,,17,1,103,2,,,,,r,1,0.433605147758,,,,,2017_Oct_05_0930,60.0088531547,Stroop,75,L,
BLUE,congruent,b,blue,,,,,17,2,104,3,,,,,b,1,0.416857289383,,,,,2017_Oct_05_0930,60.0088531547,Stroop,75,L,
XXXX,neutral,r,red,,,,,17,3,105,4,,,,,r,1,0.514264329569,,,,,2017_Oct_05_0930,60.0088531547,Stroop,75,L,
XXXX,neutral,b,blue,,,,,17,4,106,5,,,,,b,1,0.40028730873,,,,,2017_Oct_05_0930,60.0088531547,Stroop,75,L,
RED,congruent,r,red,,,,,17,5,107,0,,,,,r,1,0.383756389143,,,,,2017_Oct_05_0930,60.0088531547,Stroop,75,L,
RED,incongruent,b,blue,,,,,18,0,108,1,,,,,b,1,0.283605763689,,,,,2017_Oct_05_0930,60.0088531547,Stroop,75,L,
RED,incongruent,b,blue,,,,,18,1,109,1,,,,,b,1,0.56706549949,,,,,2017_Oct_05_0930,60.0088531547,Stroop,75,L,
RED,congruent,r,red,,,,,18,2,110,0,,,,,r,1,0.400116642239,,,,,2017_Oct_05_0930,60.0088531547,Stroop,75,L,
BLUE,congruent,b,blue,,,,,18,3,111,3,,,,,b,1,0.266625342192,,,,,2017_Oct_05_0930,60.0088531547,Stroop,75,L,
RED,congruent,r,red,,,,,18,4,112,0,,,,,r,1,0.333614973119,,,,,2017_Oct_05_0930,60.0088531547,Stroop,75,L,
RED,congruent,r,red,,,,,18,5,113,0,,,,,r,1,0.416878021788,,,,,2017_Oct_05_0930,60.0088531547,Stroop,75,L,
BLUE,incongruent,r,red,,,,,19,0,114,2,,,,,r,1,0.500229708618,,,,,2017_Oct_05_0930,60.0088531547,Stroop,75,L,
XXXX,neutral,r,red,,,,,19,1,115,4,,,,,r,1,0.36697758222,,,,,2017_Oct_05_0930,60.0088531547,Stroop,75,L,
BLUE,incongruent,r,red,,,,,19,2,116,2,,,,,r,1,0.383590529906,,,,,2017_Oct_05_0930,60.0088531547,Stroop,75,L,
RED,congruent,r,red,,,,,19,3,117,0,,,,,r,1,0.317017349415,,,,,2017_Oct_05_0930,60.0088531547,Stroop,75,L,
RED,incongruent,b,blue,,,,,19,4,118,1,,,,,b,1,0.417014434701,,,,,2017_Oct_05_0930,60.0088531547,Stroop,75,L,
BLUE,incongruent,r,red,,,,,19,5,119,2,,,,,r,1,0.550154786557,,,,,2017_Oct_05_0930,60.0088531547,Stroop,75,L,
XXXX,neutral,b,blue,,,,,20,0,120,5,,,,,b,1,0.433627682971,,,,,2017_Oct_05_0930,60.0088531547,Stroop,75,L,
XXXX,neutral,b,blue,,,,,20,1,121,5,,,,,b,1,0.480923053576,,,,,2017_Oct_05_0930,60.0088531547,Stroop,75,L,
XXXX,neutral,r,red,,,,,20,2,122,4,,,,,r,1,0.433895100839,,,,,2017_Oct_05_0930,60.0088531547,Stroop,75,L,
XXXX,neutral,r,red,,,,,20,3,123,4,,,,,r,1,0.533571885899,,,,,2017_Oct_05_0930,60.0088531547,Stroop,75,L,
BLUE,incongruent,r,red,,,,,20,4,124,2,,,,,r,1,0.416759036016,,,,,2017_Oct_05_0930,60.0088531547,Stroop,75,L,
XXXX,neutral,b,blue,,,,,20,5,125,5,,,,,b,1,0.350305742351,,,,,2017_Oct_05_0930,60.0088531547,Stroop,75,L,
RED,incongruent,b,blue,,,,,21,0,126,1,,,,,b,1,0.450153494719,,,,,2017_Oct_05_0930,60.0088531547,Stroop,75,L,
BLUE,congruent,b,blue,,,,,21,1,127,3,,,,,b,1,0.40031254827,,,,,2017_Oct_05_0930,60.0088531547,Stroop,75,L,
XXXX,neutral,r,red,,,,,21,2,128,4,,,,,r,1,0.516860684846,,,,,2017_Oct_05_0930,60.0088531547,Stroop,75,L,
XXXX,neutral,b,blue,,,,,21,3,129,5,,,,,b,1,0.366959253559,,,,,2017_Oct_05_0930,60.0088531547,Stroop,75,L,
BLUE,congruent,b,blue,,,,,21,4,130,3,,,,,b,1,0.413609216223,,,,,2017_Oct_05_0930,60.0088531547,Stroop,75,L,
BLUE,congruent,b,blue,,,,,21,5,131,3,,,,,b,1,0.383360971464,,,,,2017_Oct_05_0930,60.0088531547,Stroop,75,L,
BLUE,incongruent,r,red,,,,,22,0,132,2,,,,,r,1,0.550323349889,,,,,2017_Oct_05_0930,60.0088531547,Stroop,75,L,
BLUE,incongruent,r,red,,,,,22,1,133,2,,,,,r,1,0.417583824135,,,,,2017_Oct_05_0930,60.0088531547,Stroop,75,L,
BLUE,congruent,b,blue,,,,,22,2,134,3,,,,,b,1,0.399894595379,,,,,2017_Oct_05_0930,60.0088531547,Stroop,75,L,
RED,incongruent,b,blue,,,,,22,3,135,1,,,,,b,1,0.383826097939,,,,,2017_Oct_05_0930,60.0088531547,Stroop,75,L,
BLUE,congruent,b,blue,,,,,22,4,136,3,,,,,b,1,0.447463994147,,,,,2017_Oct_05_0930,60.0088531547,Stroop,75,L,
RED,congruent,r,red,,,,,22,5,137,0,,,,,r,1,0.516954431077,,,,,2017_Oct_05_0930,60.0088531547,Stroop,75,L,
BLUE,congruent,b,blue,,,,,23,0,138,3,,,,,b,1,0.333575611934,,,,,2017_Oct_05_0930,60.0088531547,Stroop,75,L,
XXXX,neutral,r,red,,,,,23,1,139,4,,,,,r,1,0.383477553725,,,,,2017_Oct_05_0930,60.0088531547,Stroop,75,L,
BLUE,congruent,b,blue,,,,,23,2,140,3,,,,,b,1,0.347541424911,,,,,2017_Oct_05_0930,60.0088531547,Stroop,75,L,
BLUE,incongruent,r,red,,,,,23,3,141,2,,,,,r,1,0.416832650779,,,,,2017_Oct_05_0930,60.0088531547,Stroop,75,L,
BLUE,congruent,b,blue,,,,,23,4,142,3,,,,,b,1,0.316953950329,,,,,2017_Oct_05_0930,60.0088531547,Stroop,75,L,
BLUE,congruent,b,blue,,,,,23,5,143,3,,,,,b,1,0.380709930789,,,,,2017_Oct_05_0930,60.0088531547,Stroop,75,L,
XXXX,neutral,b,blue,,,,,24,0,144,5,,,,,b,1,0.366899760906,,,,,2017_Oct_05_0930,60.0088531547,Stroop,75,L,
BLUE,incongruent,r,red,,,,,24,1,145,2,,,,,r,1,0.533324299147,,,,,2017_Oct_05_0930,60.0088531547,Stroop,75,L,
BLUE,congruent,b,blue,,,,,24,2,146,3,,,,,b,1,0.369691721629,,,,,2017_Oct_05_0930,60.0088531547,Stroop,75,L,
RED,incongruent,b,blue,,,,,24,3,147,1,,,,,b,1,0.38087428757,,,,,2017_Oct_05_0930,60.0088531547,Stroop,75,L,
XXXX,neutral,r,red,,,,,24,4,148,4,,,,,r,1,0.433649917599,,,,,2017_Oct_05_0930,60.0088531547,Stroop,75,L,
XXXX,neutral,b,blue,,,,,24,5,149,5,,,,,b,1,0.450507447589,,,,,2017_Oct_05_0930,60.0088531547,Stroop,75,L,
,,,,,,,,,,,,,,,,,,,,,space,32.6324413102,2017_Oct_05_0930,60.0088531547,Stroop,75,L,
