word,type,correct,ink,Practice.thisRepN,Practice.thisTrialN,Practice.thisN,Practice.thisIndex,trials.thisRepN,trials.thisTrialN,trials.thisN,trials.thisIndex,ready_to_continue.keys,ready_to_continue.rt,key_resp_2.keys,key_resp_2.rt,Response.keys,Response.corr,Response.rt,begin_exp.keys,begin_exp.rt,finished.keys,finished.rt,date,frameRate,expName,participant,condition,
,,,,,,,,,,,,b,326.705471877,,,,,,,,,,2017_Oct_03_1339,60.0814353473,Stroop,7,N,
,,,,,,,,,,,,,,r,7.89674342354,,,,,,,,2017_Oct_03_1339,60.0814353473,Stroop,7,N,
BLUE,congruent,b,blue,0,0,0,3,,,,,,,,,b,1,1.51692167995,,,,,2017_Oct_03_1339,60.0814353473,Stroop,7,N,
RED,incongruent,b,blue,0,1,1,1,,,,,,,,,b,1,1.31391650625,,,,,2017_Oct_03_1339,60.0814353473,Stroop,7,N,
XXXX,neutral,b,blue,0,2,2,5,,,,,,,,,b,1,0.633478830568,,,,,2017_Oct_03_1339,60.0814353473,Stroop,7,N,
XXXX,neutral,r,red,0,3,3,4,,,,,,,,,r,1,0.432874406455,,,,,2017_Oct_03_1339,60.0814353473,Stroop,7,N,
BLUE,incongruent,r,red,0,4,4,2,,,,,,,,,r,1,1.58080445859,,,,,2017_Oct_03_1339,60.0814353473,Stroop,7,N,
RED,congruent,r,red,0,5,5,0,,,,,,,,,r,1,0.583460306749,,,,,2017_Oct_03_1339,60.0814353473,Stroop,7,N,
BLUE,incongruent,r,red,1,0,6,2,,,,,,,,,r,1,0.947611975251,,,,,2017_Oct_03_1339,60.0814353473,Stroop,7,N,
RED,congruent,r,red,1,1,7,0,,,,,,,,,r,1,0.50029160548,,,,,2017_Oct_03_1339,60.0814353473,Stroop,7,N,
XXXX,neutral,b,blue,1,2,8,5,,,,,,,,,b,1,0.516248027794,,,,,2017_Oct_03_1339,60.0814353473,Stroop,7,N,
BLUE,congruent,b,blue,1,3,9,3,,,,,,,,,b,1,1.41403768538,,,,,2017_Oct_03_1339,60.0814353473,Stroop,7,N,
RED,incongruent,b,blue,1,4,10,1,,,,,,,,,b,1,1.18349660328,,,,,2017_Oct_03_1339,60.0814353473,Stroop,7,N,
XXXX,neutral,r,red,1,5,11,4,,,,,,,,,r,1,0.750224976335,,,,,2017_Oct_03_1339,60.0814353473,Stroop,7,N,
,,,,,,,,,,,,,,,,,,,b,5.6973784354,,,2017_Oct_03_1339,60.0814353473,Stroop,7,N,
XXXX,neutral,b,blue,,,,,0,0,0,5,,,,,b,1,0.71693297755,,,,,2017_Oct_03_1339,60.0814353473,Stroop,7,N,
XXXX,neutral,r,red,,,,,0,1,1,4,,,,,r,1,0.466737897834,,,,,2017_Oct_03_1339,60.0814353473,Stroop,7,N,
RED,congruent,r,red,,,,,0,2,2,0,,,,,r,1,2.51689824322,,,,,2017_Oct_03_1339,60.0814353473,Stroop,7,N,
XXXX,neutral,b,blue,,,,,0,3,3,5,,,,,b,1,0.647453958401,,,,,2017_Oct_03_1339,60.0814353473,Stroop,7,N,
BLUE,incongruent,r,red,,,,,0,4,4,2,,,,,r,1,0.583646898158,,,,,2017_Oct_03_1339,60.0814353473,Stroop,7,N,
BLUE,incongruent,r,red,,,,,0,5,5,2,,,,,r,1,0.883554924512,,,,,2017_Oct_03_1339,60.0814353473,Stroop,7,N,
BLUE,congruent,b,blue,,,,,1,0,6,3,,,,,b,1,0.600330155808,,,,,2017_Oct_03_1339,60.0814353473,Stroop,7,N,
XXXX,neutral,b,blue,,,,,1,1,7,5,,,,,b,1,0.683642781572,,,,,2017_Oct_03_1339,60.0814353473,Stroop,7,N,
BLUE,congruent,b,blue,,,,,1,2,8,3,,,,,b,1,0.583464813652,,,,,2017_Oct_03_1339,60.0814353473,Stroop,7,N,
XXXX,neutral,r,red,,,,,1,3,9,4,,,,,r,1,0.333580118837,,,,,2017_Oct_03_1339,60.0814353473,Stroop,7,N,
BLUE,congruent,b,blue,,,,,1,4,10,3,,,,,b,1,0.747552602319,,,,,2017_Oct_03_1339,60.0814353473,Stroop,7,N,
XXXX,neutral,b,blue,,,,,1,5,11,5,,,,,b,1,0.550013265572,,,,,2017_Oct_03_1339,60.0814353473,Stroop,7,N,
XXXX,neutral,b,blue,,,,,2,0,12,5,,,,,b,1,0.430720943026,,,,,2017_Oct_03_1339,60.0814353473,Stroop,7,N,
BLUE,congruent,b,blue,,,,,2,1,13,3,,,,,b,1,0.43357089418,,,,,2017_Oct_03_1339,60.0814353473,Stroop,7,N,
RED,congruent,r,red,,,,,2,2,14,0,,,,,r,1,0.583496362902,,,,,2017_Oct_03_1339,60.0814353473,Stroop,7,N,
XXXX,neutral,b,blue,,,,,2,3,15,5,,,,,b,1,0.566951922141,,,,,2017_Oct_03_1339,60.0814353473,Stroop,7,N,
RED,congruent,r,red,,,,,2,4,16,0,,,,,r,1,0.633410023293,,,,,2017_Oct_03_1339,60.0814353473,Stroop,7,N,
BLUE,incongruent,r,red,,,,,2,5,17,2,,,,,r,1,1.31689716177,,,,,2017_Oct_03_1339,60.0814353473,Stroop,7,N,
RED,incongruent,b,blue,,,,,3,0,18,1,,,,,b,1,0.983454958303,,,,,2017_Oct_03_1339,60.0814353473,Stroop,7,N,
BLUE,congruent,b,blue,,,,,3,1,19,3,,,,,b,1,1.00029656314,,,,,2017_Oct_03_1339,60.0814353473,Stroop,7,N,
BLUE,congruent,b,blue,,,,,3,2,20,3,,,,,b,1,1.85003637173,,,,,2017_Oct_03_1339,60.0814353473,Stroop,7,N,
XXXX,neutral,b,blue,,,,,3,3,21,5,,,,,b,1,0.616825319594,,,,,2017_Oct_03_1339,60.0814353473,Stroop,7,N,
RED,incongruent,b,blue,,,,,3,4,22,1,,,,,b,1,0.883847581455,,,,,2017_Oct_03_1339,60.0814353473,Stroop,7,N,
RED,congruent,r,red,,,,,3,5,23,0,,,,,r,1,0.800012739841,,,,,2017_Oct_03_1339,60.0814353473,Stroop,7,N,
XXXX,neutral,r,red,,,,,4,0,24,4,,,,,r,1,0.83358687954,,,,,2017_Oct_03_1339,60.0814353473,Stroop,7,N,
BLUE,congruent,b,blue,,,,,4,1,25,3,,,,,b,1,0.683524096152,,,,,2017_Oct_03_1339,60.0814353473,Stroop,7,N,
RED,congruent,r,red,,,,,4,2,26,0,,,,,r,1,1.55021548178,,,,,2017_Oct_03_1339,60.0814353473,Stroop,7,N,
XXXX,neutral,b,blue,,,,,4,3,27,5,,,,,b,1,0.416670697974,,,,,2017_Oct_03_1339,60.0814353473,Stroop,7,N,
BLUE,congruent,b,blue,,,,,4,4,28,3,,,,,b,1,0.666835430311,,,,,2017_Oct_03_1339,60.0814353473,Stroop,7,N,
XXXX,neutral,b,blue,,,,,4,5,29,5,,,,,b,1,0.367068023654,,,,,2017_Oct_03_1339,60.0814353473,Stroop,7,N,
XXXX,neutral,b,blue,,,,,5,0,30,5,,,,,b,1,0.416922791861,,,,,2017_Oct_03_1339,60.0814353473,Stroop,7,N,
RED,incongruent,b,blue,,,,,5,1,31,1,,,,,b,1,0.583650503773,,,,,2017_Oct_03_1339,60.0814353473,Stroop,7,N,
XXXX,neutral,b,blue,,,,,5,2,32,5,,,,,b,1,0.650183120975,,,,,2017_Oct_03_1339,60.0814353473,Stroop,7,N,
RED,incongruent,b,blue,,,,,5,3,33,1,,,,,b,1,0.666829120601,,,,,2017_Oct_03_1339,60.0814353473,Stroop,7,N,
XXXX,neutral,r,red,,,,,5,4,34,4,,,,,r,1,0.700298095588,,,,,2017_Oct_03_1339,60.0814353473,Stroop,7,N,
RED,congruent,r,red,,,,,5,5,35,0,,,,,r,1,0.383637403138,,,,,2017_Oct_03_1339,60.0814353473,Stroop,7,N,
RED,congruent,r,red,,,,,6,0,36,0,,,,,r,1,0.400360923726,,,,,2017_Oct_03_1339,60.0814353473,Stroop,7,N,
RED,incongruent,b,blue,,,,,6,1,37,1,,,,,b,1,0.750239398796,,,,,2017_Oct_03_1339,60.0814353473,Stroop,7,N,
RED,incongruent,b,blue,,,,,6,2,38,1,,,,,b,1,1.11684199539,,,,,2017_Oct_03_1339,60.0814353473,Stroop,7,N,
BLUE,incongruent,r,red,,,,,6,3,39,2,,,,,r,1,2.29995760368,,,,,2017_Oct_03_1339,60.0814353473,Stroop,7,N,
RED,congruent,r,red,,,,,6,4,40,0,,,,,r,1,1.71688400093,,,,,2017_Oct_03_1339,60.0814353473,Stroop,7,N,
XXXX,neutral,b,blue,,,,,6,5,41,5,,,,,b,1,0.366865206743,,,,,2017_Oct_03_1339,60.0814353473,Stroop,7,N,
BLUE,incongruent,r,red,,,,,7,0,42,2,,,,,r,1,1.65019063279,,,,,2017_Oct_03_1339,60.0814353473,Stroop,7,N,
XXXX,neutral,b,blue,,,,,7,1,43,5,,,,,b,1,0.950319203548,,,,,2017_Oct_03_1339,60.0814353473,Stroop,7,N,
XXXX,neutral,r,red,,,,,7,2,44,4,,,,,r,1,1.33321234444,,,,,2017_Oct_03_1339,60.0814353473,Stroop,7,N,
BLUE,congruent,b,blue,,,,,7,3,45,3,,,,,b,1,0.486397905042,,,,,2017_Oct_03_1339,60.0814353473,Stroop,7,N,
XXXX,neutral,r,red,,,,,7,4,46,4,,,,,r,1,1.51695653447,,,,,2017_Oct_03_1339,60.0814353473,Stroop,7,N,
RED,congruent,r,red,,,,,7,5,47,0,,,,,r,1,0.980709870579,,,,,2017_Oct_03_1339,60.0814353473,Stroop,7,N,
RED,incongruent,b,blue,,,,,8,0,48,1,,,,,b,1,0.950410245918,,,,,2017_Oct_03_1339,60.0814353473,Stroop,7,N,
BLUE,congruent,b,blue,,,,,8,1,49,3,,,,,b,1,2.20016724127,,,,,2017_Oct_03_1339,60.0814353473,Stroop,7,N,
RED,incongruent,b,blue,,,,,8,2,50,1,,,,,b,1,0.550492814742,,,,,2017_Oct_03_1339,60.0814353473,Stroop,7,N,
BLUE,congruent,b,blue,,,,,8,3,51,3,,,,,b,1,0.400128660956,,,,,2017_Oct_03_1339,60.0814353473,Stroop,7,N,
RED,incongruent,b,blue,,,,,8,4,52,1,,,,,b,1,0.783550026594,,,,,2017_Oct_03_1339,60.0814353473,Stroop,7,N,
BLUE,incongruent,r,red,,,,,8,5,53,2,,,,,r,1,0.450283297338,,,,,2017_Oct_03_1339,60.0814353473,Stroop,7,N,
RED,incongruent,b,blue,,,,,9,0,54,1,,,,,b,1,0.550155988662,,,,,2017_Oct_03_1339,60.0814353473,Stroop,7,N,
BLUE,congruent,b,blue,,,,,9,1,55,3,,,,,b,1,0.536305555608,,,,,2017_Oct_03_1339,60.0814353473,Stroop,7,N,
XXXX,neutral,r,red,,,,,9,2,56,4,,,,,r,1,0.480324218515,,,,,2017_Oct_03_1339,60.0814353473,Stroop,7,N,
BLUE,congruent,b,blue,,,,,9,3,57,3,,,,,b,1,0.783491735812,,,,,2017_Oct_03_1339,60.0814353473,Stroop,7,N,
BLUE,incongruent,r,red,,,,,9,4,58,2,,,,,r,1,0.650184623431,,,,,2017_Oct_03_1339,60.0814353473,Stroop,7,N,
XXXX,neutral,r,red,,,,,9,5,59,4,,,,,r,1,3.58065182017,,,,,2017_Oct_03_1339,60.0814353473,Stroop,7,N,
BLUE,incongruent,r,red,,,,,10,0,60,2,,,,,r,1,2.0168710507,,,,,2017_Oct_03_1339,60.0814353473,Stroop,7,N,
RED,congruent,r,red,,,,,10,1,61,0,,,,,r,1,1.26689997106,,,,,2017_Oct_03_1339,60.0814353473,Stroop,7,N,
XXXX,neutral,r,red,,,,,10,2,62,4,,,,,r,1,0.650380228879,,,,,2017_Oct_03_1339,60.0814353473,Stroop,7,N,
BLUE,incongruent,r,red,,,,,10,3,63,2,,,,,r,1,1.25024045049,,,,,2017_Oct_03_1339,60.0814353473,Stroop,7,N,
RED,incongruent,b,blue,,,,,10,4,64,1,,,,,b,1,0.883466586471,,,,,2017_Oct_03_1339,60.0814353473,Stroop,7,N,
XXXX,neutral,r,red,,,,,10,5,65,4,,,,,r,1,1.53084422578,,,,,2017_Oct_03_1339,60.0814353473,Stroop,7,N,
BLUE,incongruent,r,red,,,,,11,0,66,2,,,,,r,1,0.350063263904,,,,,2017_Oct_03_1339,60.0814353473,Stroop,7,N,
RED,incongruent,b,blue,,,,,11,1,67,1,,,,,b,1,0.350280503277,,,,,2017_Oct_03_1339,60.0814353473,Stroop,7,N,
BLUE,congruent,b,blue,,,,,11,2,68,3,,,,,b,1,0.299604552332,,,,,2017_Oct_03_1339,60.0814353473,Stroop,7,N,
RED,congruent,r,red,,,,,11,3,69,0,,,,,r,1,0.316824147478,,,,,2017_Oct_03_1339,60.0814353473,Stroop,7,N,
RED,incongruent,b,blue,,,,,11,4,70,1,,,,,b,1,0.350155207561,,,,,2017_Oct_03_1339,60.0814353473,Stroop,7,N,
BLUE,incongruent,r,red,,,,,11,5,71,2,,,,,r,1,0.416936913971,,,,,2017_Oct_03_1339,60.0814353473,Stroop,7,N,
RED,incongruent,b,blue,,,,,12,0,72,1,,,,,b,1,1.08358214702,,,,,2017_Oct_03_1339,60.0814353473,Stroop,7,N,
BLUE,incongruent,r,red,,,,,12,1,73,2,,,,,r,1,1.09751911508,,,,,2017_Oct_03_1339,60.0814353473,Stroop,7,N,
BLUE,congruent,b,blue,,,,,12,2,74,3,,,,,b,1,1.23366956855,,,,,2017_Oct_03_1339,60.0814353473,Stroop,7,N,
RED,incongruent,b,blue,,,,,12,3,75,1,,,,,b,1,0.299524327042,,,,,2017_Oct_03_1339,60.0814353473,Stroop,7,N,
XXXX,neutral,b,blue,,,,,12,4,76,5,,,,,b,1,0.447636463447,,,,,2017_Oct_03_1339,60.0814353473,Stroop,7,N,
RED,congruent,r,red,,,,,12,5,77,0,,,,,r,1,1.05025799805,,,,,2017_Oct_03_1339,60.0814353473,Stroop,7,N,
BLUE,congruent,b,blue,,,,,13,0,78,3,,,,,b,1,0.416821533581,,,,,2017_Oct_03_1339,60.0814353473,Stroop,7,N,
XXXX,neutral,b,blue,,,,,13,1,79,5,,,,,b,1,0.931628811173,,,,,2017_Oct_03_1339,60.0814353473,Stroop,7,N,
XXXX,neutral,r,red,,,,,13,2,80,4,,,,,r,1,0.284103340935,,,,,2017_Oct_03_1339,60.0814353473,Stroop,7,N,
RED,congruent,r,red,,,,,13,3,81,0,,,,,r,1,0.783422327368,,,,,2017_Oct_03_1339,60.0814353473,Stroop,7,N,
XXXX,neutral,r,red,,,,,13,4,82,4,,,,,r,1,0.566996992799,,,,,2017_Oct_03_1339,60.0814353473,Stroop,7,N,
XXXX,neutral,r,red,,,,,13,5,83,4,,,,,r,1,0.550330861704,,,,,2017_Oct_03_1339,60.0814353473,Stroop,7,N,
XXXX,neutral,r,red,,,,,14,0,84,4,,,,,r,1,0.464229580248,,,,,2017_Oct_03_1339,60.0814353473,Stroop,7,N,
RED,congruent,r,red,,,,,14,1,85,0,,,,,r,1,1.78333639307,,,,,2017_Oct_03_1339,60.0814353473,Stroop,7,N,
XXXX,neutral,r,red,,,,,14,2,86,4,,,,,r,1,0.333598747849,,,,,2017_Oct_03_1339,60.0814353473,Stroop,7,N,
BLUE,incongruent,r,red,,,,,14,3,87,2,,,,,r,1,0.650410576258,,,,,2017_Oct_03_1339,60.0814353473,Stroop,7,N,
RED,congruent,r,red,,,,,14,4,88,0,,,,,r,1,0.33293410996,,,,,2017_Oct_03_1339,60.0814353473,Stroop,7,N,
BLUE,congruent,b,blue,,,,,14,5,89,3,,,,,b,1,0.700325738871,,,,,2017_Oct_03_1339,60.0814353473,Stroop,7,N,
RED,incongruent,b,blue,,,,,15,0,90,1,,,,,b,1,0.500308732269,,,,,2017_Oct_03_1339,60.0814353473,Stroop,7,N,
BLUE,incongruent,r,red,,,,,15,1,91,2,,,,,r,1,0.91690311092,,,,,2017_Oct_03_1339,60.0814353473,Stroop,7,N,
RED,congruent,r,red,,,,,15,2,92,0,,,,,r,1,1.31670546229,,,,,2017_Oct_03_1339,60.0814353473,Stroop,7,N,
RED,incongruent,b,blue,,,,,15,3,93,1,,,,,b,1,0.633397103054,,,,,2017_Oct_03_1339,60.0814353473,Stroop,7,N,
RED,congruent,r,red,,,,,15,4,94,0,,,,,r,1,0.783614026615,,,,,2017_Oct_03_1339,60.0814353473,Stroop,7,N,
BLUE,congruent,b,blue,,,,,15,5,95,3,,,,,b,1,0.583551348886,,,,,2017_Oct_03_1339,60.0814353473,Stroop,7,N,
BLUE,congruent,b,blue,,,,,16,0,96,3,,,,,b,1,1.83362053195,,,,,2017_Oct_03_1339,60.0814353473,Stroop,7,N,
BLUE,incongruent,r,red,,,,,16,1,97,2,,,,,r,1,2.76686797128,,,,,2017_Oct_03_1339,60.0814353473,Stroop,7,N,
XXXX,neutral,b,blue,,,,,16,2,98,5,,,,,b,1,1.06694095489,,,,,2017_Oct_03_1339,60.0814353473,Stroop,7,N,
XXXX,neutral,r,red,,,,,16,3,99,4,,,,,r,1,1.44754151511,,,,,2017_Oct_03_1339,60.0814353473,Stroop,7,N,
RED,congruent,r,red,,,,,16,4,100,0,,,,,r,1,1.78359629912,,,,,2017_Oct_03_1339,60.0814353473,Stroop,7,N,
BLUE,incongruent,r,red,,,,,16,5,101,2,,,,,r,1,2.05257702013,,,,,2017_Oct_03_1339,60.0814353473,Stroop,7,N,
RED,incongruent,b,blue,,,,,17,0,102,1,,,,,b,1,0.797495407984,,,,,2017_Oct_03_1339,60.0814353473,Stroop,7,N,
XXXX,neutral,r,red,,,,,17,1,103,4,,,,,r,1,0.966909616021,,,,,2017_Oct_03_1339,60.0814353473,Stroop,7,N,
BLUE,incongruent,r,red,,,,,17,2,104,2,,,,,r,1,2.03347949171,,,,,2017_Oct_03_1339,60.0814353473,Stroop,7,N,
BLUE,incongruent,r,red,,,,,17,3,105,2,,,,,r,1,1.60034818365,,,,,2017_Oct_03_1339,60.0814353473,Stroop,7,N,
BLUE,congruent,b,blue,,,,,17,4,106,3,,,,,b,1,0.383536445443,,,,,2017_Oct_03_1339,60.0814353473,Stroop,7,N,
XXXX,neutral,r,red,,,,,17,5,107,4,,,,,r,1,1.10034442809,,,,,2017_Oct_03_1339,60.0814353473,Stroop,7,N,
BLUE,incongruent,r,red,,,,,18,0,108,2,,,,,r,1,1.50022249762,,,,,2017_Oct_03_1339,60.0814353473,Stroop,7,N,
BLUE,congruent,b,blue,,,,,18,1,109,3,,,,,b,1,0.733573268168,,,,,2017_Oct_03_1339,60.0814353473,Stroop,7,N,
XXXX,neutral,b,blue,,,,,18,2,110,5,,,,,b,1,0.649989318335,,,,,2017_Oct_03_1339,60.0814353473,Stroop,7,N,
RED,congruent,r,red,,,,,18,3,111,0,,,,,r,1,0.697710754583,,,,,2017_Oct_03_1339,60.0814353473,Stroop,7,N,
RED,incongruent,b,blue,,,,,18,4,112,1,,,,,b,1,0.983557718806,,,,,2017_Oct_03_1339,60.0814353473,Stroop,7,N,
RED,congruent,r,red,,,,,18,5,113,0,,,,,r,1,1.00028724875,,,,,2017_Oct_03_1339,60.0814353473,Stroop,7,N,
BLUE,congruent,b,blue,,,,,19,0,114,3,,,,,b,1,1.06686824164,,,,,2017_Oct_03_1339,60.0814353473,Stroop,7,N,
XXXX,neutral,b,blue,,,,,19,1,115,5,,,,,b,1,0.81702230731,,,,,2017_Oct_03_1339,60.0814353473,Stroop,7,N,
XXXX,neutral,b,blue,,,,,19,2,116,5,,,,,b,1,0.550198655343,,,,,2017_Oct_03_1339,60.0814353473,Stroop,7,N,
RED,incongruent,b,blue,,,,,19,3,117,1,,,,,b,1,0.686210592277,,,,,2017_Oct_03_1339,60.0814353473,Stroop,7,N,
XXXX,neutral,b,blue,,,,,19,4,118,5,,,,,b,1,0.730999748455,,,,,2017_Oct_03_1339,60.0814353473,Stroop,7,N,
XXXX,neutral,r,red,,,,,19,5,119,4,,,,,r,1,1.06696889875,,,,,2017_Oct_03_1339,60.0814353473,Stroop,7,N,
RED,congruent,r,red,,,,,20,0,120,0,,,,,r,1,0.63358129072,,,,,2017_Oct_03_1339,60.0814353473,Stroop,7,N,
XXXX,neutral,r,red,,,,,20,1,121,4,,,,,r,1,0.66679276363,,,,,2017_Oct_03_1339,60.0814353473,Stroop,7,N,
RED,incongruent,b,blue,,,,,20,2,122,1,,,,,b,1,1.1004075266,,,,,2017_Oct_03_1339,60.0814353473,Stroop,7,N,
RED,incongruent,b,blue,,,,,20,3,123,1,,,,,b,1,1.23353916476,,,,,2017_Oct_03_1339,60.0814353473,Stroop,7,N,
RED,incongruent,b,blue,,,,,20,4,124,1,,,,,b,1,0.550340176327,,,,,2017_Oct_03_1339,60.0814353473,Stroop,7,N,
RED,congruent,r,red,,,,,20,5,125,0,,,,,r,1,0.63374985382,,,,,2017_Oct_03_1339,60.0814353473,Stroop,7,N,
BLUE,incongruent,r,red,,,,,21,0,126,2,,,,,r,1,0.650253430707,,,,,2017_Oct_03_1339,60.0814353473,Stroop,7,N,
XXXX,neutral,b,blue,,,,,21,1,127,5,,,,,b,1,0.650065637426,,,,,2017_Oct_03_1339,60.0814353473,Stroop,7,N,
RED,incongruent,b,blue,,,,,21,2,128,1,,,,,b,1,1.61672946974,,,,,2017_Oct_03_1339,60.0814353473,Stroop,7,N,
BLUE,incongruent,r,red,,,,,21,3,129,2,,,,,r,1,0.750214460073,,,,,2017_Oct_03_1339,60.0814353473,Stroop,7,N,
XXXX,neutral,b,blue,,,,,21,4,130,5,,,,,b,1,0.883609910263,,,,,2017_Oct_03_1339,60.0814353473,Stroop,7,N,
BLUE,congruent,b,blue,,,,,21,5,131,3,,,,,b,1,0.650236904854,,,,,2017_Oct_03_1339,60.0814353473,Stroop,7,N,
RED,incongruent,b,blue,,,,,22,0,132,1,,,,,b,1,1.0836040813,,,,,2017_Oct_03_1339,60.0814353473,Stroop,7,N,
XXXX,neutral,b,blue,,,,,22,1,133,5,,,,,b,1,0.714068303118,,,,,2017_Oct_03_1339,60.0814353473,Stroop,7,N,
XXXX,neutral,r,red,,,,,22,2,134,4,,,,,r,1,0.800202035578,,,,,2017_Oct_03_1339,60.0814353473,Stroop,7,N,
XXXX,neutral,b,blue,,,,,22,3,135,5,,,,,b,1,0.798109266674,,,,,2017_Oct_03_1339,60.0814353473,Stroop,7,N,
RED,congruent,r,red,,,,,22,4,136,0,,,,,r,1,0.483544948744,,,,,2017_Oct_03_1339,60.0814353473,Stroop,7,N,
BLUE,incongruent,r,red,,,,,22,5,137,2,,,,,r,1,1.28358022403,,,,,2017_Oct_03_1339,60.0814353473,Stroop,7,N,
RED,congruent,r,red,,,,,23,0,138,0,,,,,r,1,0.833580269013,,,,,2017_Oct_03_1339,60.0814353473,Stroop,7,N,
XXXX,neutral,b,blue,,,,,23,1,139,5,,,,,b,1,0.66693248204,,,,,2017_Oct_03_1339,60.0814353473,Stroop,7,N,
XXXX,neutral,r,red,,,,,23,2,140,4,,,,,r,1,0.717540226178,,,,,2017_Oct_03_1339,60.0814353473,Stroop,7,N,
BLUE,congruent,b,blue,,,,,23,3,141,3,,,,,b,1,0.916907317471,,,,,2017_Oct_03_1339,60.0814353473,Stroop,7,N,
BLUE,congruent,b,blue,,,,,23,4,142,3,,,,,b,1,2.20022282819,,,,,2017_Oct_03_1339,60.0814353473,Stroop,7,N,
RED,congruent,r,red,,,,,23,5,143,0,,,,,r,1,0.433571194764,,,,,2017_Oct_03_1339,60.0814353473,Stroop,7,N,
BLUE,incongruent,r,red,,,,,24,0,144,2,,,,,r,1,1.00024999049,,,,,2017_Oct_03_1339,60.0814353473,Stroop,7,N,
XXXX,neutral,r,red,,,,,24,1,145,4,,,,,r,1,0.766911539249,,,,,2017_Oct_03_1339,60.0814353473,Stroop,7,N,
BLUE,incongruent,r,red,,,,,24,2,146,2,,,,,r,1,0.702947934391,,,,,2017_Oct_03_1339,60.0814353473,Stroop,7,N,
XXXX,neutral,r,red,,,,,24,3,147,4,,,,,r,1,0.467215644196,,,,,2017_Oct_03_1339,60.0814353473,Stroop,7,N,
XXXX,neutral,r,red,,,,,24,4,148,4,,,,,r,1,0.567427264759,,,,,2017_Oct_03_1339,60.0814353473,Stroop,7,N,
BLUE,incongruent,r,red,,,,,24,5,149,2,,,,,r,1,0.447639167542,,,,,2017_Oct_03_1339,60.0814353473,Stroop,7,N,
,,,,,,,,,,,,,,,,,,,,,escape,48.9317198533,2017_Oct_03_1339,60.0814353473,Stroop,7,N,
