word,type,correct,ink,Practice.thisRepN,Practice.thisTrialN,Practice.thisN,Practice.thisIndex,trials.thisRepN,trials.thisTrialN,trials.thisN,trials.thisIndex,ready_to_continue.keys,ready_to_continue.rt,key_resp_2.keys,key_resp_2.rt,Response.keys,Response.corr,Response.rt,begin_exp.keys,begin_exp.rt,finished.keys,finished.rt,date,frameRate,expName,participant,condition,
,,,,,,,,,,,,b,50.7815894645,,,,,,,,,,2017_Oct_04_0955,59.9928436862,Stroop,9,N,
,,,,,,,,,,,,,,b,3.26658327645,,,,,,,,2017_Oct_04_0955,59.9928436862,Stroop,9,N,
BLUE,incongruent,r,red,0,0,0,2,,,,,,,,,r,1,0.883582567796,,,,,2017_Oct_04_0955,59.9928436862,Stroop,9,N,
BLUE,congruent,b,blue,0,1,1,3,,,,,,,,,b,1,0.316881236853,,,,,2017_Oct_04_0955,59.9928436862,Stroop,9,N,
RED,incongruent,b,blue,0,2,2,1,,,,,,,,,b,1,0.750189821469,,,,,2017_Oct_04_0955,59.9928436862,Stroop,9,N,
XXXX,neutral,b,blue,0,3,3,5,,,,,,,,,b,1,0.683600415476,,,,,2017_Oct_04_0955,59.9928436862,Stroop,9,N,
XXXX,neutral,r,red,0,4,4,4,,,,,,,,,r,1,0.400357318111,,,,,2017_Oct_04_0955,59.9928436862,Stroop,9,N,
RED,congruent,r,red,0,5,5,0,,,,,,,,,r,1,0.333607161185,,,,,2017_Oct_04_0955,59.9928436862,Stroop,9,N,
RED,congruent,r,red,1,0,6,0,,,,,,,,,r,1,0.350367338629,,,,,2017_Oct_04_0955,59.9928436862,Stroop,9,N,
XXXX,neutral,b,blue,1,1,7,5,,,,,,,,,b,1,0.366718277335,,,,,2017_Oct_04_0955,59.9928436862,Stroop,9,N,
RED,incongruent,b,blue,1,2,8,1,,,,,,,,,b,1,0.416941420874,,,,,2017_Oct_04_0955,59.9928436862,Stroop,9,N,
XXXX,neutral,r,red,1,3,9,4,,,,,,,,,r,1,0.350258569,,,,,2017_Oct_04_0955,59.9928436862,Stroop,9,N,
BLUE,congruent,b,blue,1,4,10,3,,,,,,,,,b,1,0.450343391392,,,,,2017_Oct_04_0955,59.9928436862,Stroop,9,N,
BLUE,incongruent,r,red,1,5,11,2,,,,,,,,,r,1,0.333565095207,,,,,2017_Oct_04_0955,59.9928436862,Stroop,9,N,
,,,,,,,,,,,,,,,,,,,b,3.74994614092,,,2017_Oct_04_0955,59.9928436862,Stroop,9,N,
XXXX,neutral,r,red,,,,,0,0,0,4,,,,,r,1,0.43354355148,,,,,2017_Oct_04_0955,59.9928436862,Stroop,9,N,
RED,incongruent,b,blue,,,,,0,1,1,1,,,,,b,1,0.300103932386,,,,,2017_Oct_04_0955,59.9928436862,Stroop,9,N,
RED,congruent,r,red,,,,,0,2,2,0,,,,,r,1,0.400271083461,,,,,2017_Oct_04_0955,59.9928436862,Stroop,9,N,
BLUE,incongruent,r,red,,,,,0,3,3,2,,,,,r,1,0.566928185057,,,,,2017_Oct_04_0955,59.9928436862,Stroop,9,N,
XXXX,neutral,r,red,,,,,0,4,4,4,,,,,r,1,0.433626481099,,,,,2017_Oct_04_0955,59.9928436862,Stroop,9,N,
XXXX,neutral,r,red,,,,,0,5,5,4,,,,,r,1,0.382870906033,,,,,2017_Oct_04_0955,59.9928436862,Stroop,9,N,
RED,incongruent,b,blue,,,,,1,0,6,1,,,,,b,1,0.40024253889,,,,,2017_Oct_04_0955,59.9928436862,Stroop,9,N,
RED,congruent,r,red,,,,,1,1,7,0,,,,,r,1,0.450216593221,,,,,2017_Oct_04_0955,59.9928436862,Stroop,9,N,
RED,incongruent,b,blue,,,,,1,2,8,1,,,,,b,1,0.600124935154,,,,,2017_Oct_04_0955,59.9928436862,Stroop,9,N,
XXXX,neutral,r,red,,,,,1,3,9,4,,,,,r,1,0.450365926605,,,,,2017_Oct_04_0955,59.9928436862,Stroop,9,N,
BLUE,incongruent,r,red,,,,,1,4,10,2,,,,,r,1,0.516568027437,,,,,2017_Oct_04_0955,59.9928436862,Stroop,9,N,
RED,incongruent,b,blue,,,,,1,5,11,1,,,,,b,1,0.566735283937,,,,,2017_Oct_04_0955,59.9928436862,Stroop,9,N,
XXXX,neutral,r,red,,,,,2,0,12,4,,,,,r,1,0.450486715185,,,,,2017_Oct_04_0955,59.9928436862,Stroop,9,N,
RED,congruent,r,red,,,,,2,1,13,0,,,,,r,1,0.368969393196,,,,,2017_Oct_04_0955,59.9928436862,Stroop,9,N,
RED,congruent,r,red,,,,,2,2,14,0,,,,,r,1,0.400364829926,,,,,2017_Oct_04_0955,59.9928436862,Stroop,9,N,
XXXX,neutral,b,blue,,,,,2,3,15,5,,,,,b,1,0.366891647922,,,,,2017_Oct_04_0955,59.9928436862,Stroop,9,N,
RED,congruent,r,red,,,,,2,4,16,0,,,,,r,1,0.533594721463,,,,,2017_Oct_04_0955,59.9928436862,Stroop,9,N,
XXXX,neutral,r,red,,,,,2,5,17,4,,,,,r,1,0.46427555196,,,,,2017_Oct_04_0955,59.9928436862,Stroop,9,N,
BLUE,congruent,b,blue,,,,,3,0,18,3,,,,,b,1,0.300322974334,,,,,2017_Oct_04_0955,59.9928436862,Stroop,9,N,
BLUE,incongruent,r,red,,,,,3,1,19,2,,,,,r,1,0.400308642071,,,,,2017_Oct_04_0955,59.9928436862,Stroop,9,N,
BLUE,incongruent,r,red,,,,,3,2,20,2,,,,,r,1,0.417002415983,,,,,2017_Oct_04_0955,59.9928436862,Stroop,9,N,
XXXX,neutral,b,blue,,,,,3,3,21,5,,,,,b,1,0.367010934278,,,,,2017_Oct_04_0955,59.9928436862,Stroop,9,N,
BLUE,congruent,b,blue,,,,,3,4,22,3,,,,,b,1,0.350373047637,,,,,2017_Oct_04_0955,59.9928436862,Stroop,9,N,
XXXX,neutral,b,blue,,,,,3,5,23,5,,,,,b,1,0.369576942176,,,,,2017_Oct_04_0955,59.9928436862,Stroop,9,N,
RED,congruent,r,red,,,,,4,0,24,0,,,,,r,1,0.333709921455,,,,,2017_Oct_04_0955,59.9928436862,Stroop,9,N,
XXXX,neutral,b,blue,,,,,4,1,25,5,,,,,b,1,0.350247751921,,,,,2017_Oct_04_0955,59.9928436862,Stroop,9,N,
BLUE,incongruent,r,red,,,,,4,2,26,2,,,,,r,1,0.550262054428,,,,,2017_Oct_04_0955,59.9928436862,Stroop,9,N,
BLUE,congruent,b,blue,,,,,4,3,27,3,,,,,b,1,0.383627788164,,,,,2017_Oct_04_0955,59.9928436862,Stroop,9,N,
RED,congruent,r,red,,,,,4,4,28,0,,,,,r,1,0.450237325625,,,,,2017_Oct_04_0955,59.9928436862,Stroop,9,N,
XXXX,neutral,r,red,,,,,4,5,29,4,,,,,r,1,0.400074576493,,,,,2017_Oct_04_0955,59.9928436862,Stroop,9,N,
RED,congruent,r,red,,,,,5,0,30,0,,,,,r,1,0.334304249845,,,,,2017_Oct_04_0955,59.9928436862,Stroop,9,N,
BLUE,incongruent,r,red,,,,,5,1,31,2,,,,,b,0,0.500247135991,,,,,2017_Oct_04_0955,59.9928436862,Stroop,9,N,
RED,incongruent,b,blue,,,,,5,2,32,1,,,,,b,1,0.466921785148,,,,,2017_Oct_04_0955,59.9928436862,Stroop,9,N,
XXXX,neutral,b,blue,,,,,5,3,33,5,,,,,b,1,0.41684076353,,,,,2017_Oct_04_0955,59.9928436862,Stroop,9,N,
XXXX,neutral,r,red,,,,,5,4,34,4,,,,,r,1,0.35037755454,,,,,2017_Oct_04_0955,59.9928436862,Stroop,9,N,
XXXX,neutral,r,red,,,,,5,5,35,4,,,,,r,1,0.483618263388,,,,,2017_Oct_04_0955,59.9928436862,Stroop,9,N,
BLUE,congruent,b,blue,,,,,6,0,36,3,,,,,b,1,0.299866261194,,,,,2017_Oct_04_0955,59.9928436862,Stroop,9,N,
RED,congruent,r,red,,,,,6,1,37,0,,,,,r,1,0.300277302973,,,,,2017_Oct_04_0955,59.9928436862,Stroop,9,N,
RED,congruent,r,red,,,,,6,2,38,0,,,,,r,1,0.349946381291,,,,,2017_Oct_04_0955,59.9928436862,Stroop,9,N,
RED,incongruent,b,blue,,,,,6,3,39,1,,,,,b,1,0.331027631881,,,,,2017_Oct_04_0955,59.9928436862,Stroop,9,N,
RED,congruent,r,red,,,,,6,4,40,0,,,,,r,1,0.416929101571,,,,,2017_Oct_04_0955,59.9928436862,Stroop,9,N,
RED,incongruent,b,blue,,,,,6,5,41,1,,,,,b,1,0.416152688907,,,,,2017_Oct_04_0955,59.9928436862,Stroop,9,N,
XXXX,neutral,r,red,,,,,7,0,42,4,,,,,r,1,0.547672309214,,,,,2017_Oct_04_0955,59.9928436862,Stroop,9,N,
RED,congruent,r,red,,,,,7,1,43,0,,,,,r,1,0.366957751336,,,,,2017_Oct_04_0955,59.9928436862,Stroop,9,N,
XXXX,neutral,b,blue,,,,,7,2,44,5,,,,,b,1,0.317624297459,,,,,2017_Oct_04_0955,59.9928436862,Stroop,9,N,
XXXX,neutral,b,blue,,,,,7,3,45,5,,,,,b,1,0.366886840668,,,,,2017_Oct_04_0955,59.9928436862,Stroop,9,N,
BLUE,congruent,b,blue,,,,,7,4,46,3,,,,,b,1,0.31661441992,,,,,2017_Oct_04_0955,59.9928436862,Stroop,9,N,
XXXX,neutral,b,blue,,,,,7,5,47,5,,,,,b,1,0.316975584021,,,,,2017_Oct_04_0955,59.9928436862,Stroop,9,N,
XXXX,neutral,r,red,,,,,8,0,48,4,,,,,r,1,0.399928848725,,,,,2017_Oct_04_0955,59.9928436862,Stroop,9,N,
RED,congruent,r,red,,,,,8,1,49,0,,,,,r,1,0.416908068582,,,,,2017_Oct_04_0955,59.9928436862,Stroop,9,N,
BLUE,incongruent,r,red,,,,,8,2,50,2,,,,,r,1,0.450336480746,,,,,2017_Oct_04_0955,59.9928436862,Stroop,9,N,
RED,congruent,r,red,,,,,8,3,51,0,,,,,r,1,0.350169329671,,,,,2017_Oct_04_0955,59.9928436862,Stroop,9,N,
BLUE,incongruent,r,red,,,,,8,4,52,2,,,,,r,1,0.33445688826,,,,,2017_Oct_04_0955,59.9928436862,Stroop,9,N,
BLUE,congruent,b,blue,,,,,8,5,53,3,,,,,b,1,0.283590740291,,,,,2017_Oct_04_0955,59.9928436862,Stroop,9,N,
BLUE,incongruent,r,red,,,,,9,0,54,2,,,,,r,1,0.336383497342,,,,,2017_Oct_04_0955,59.9928436862,Stroop,9,N,
XXXX,neutral,r,red,,,,,9,1,55,4,,,,,r,1,0.417258115485,,,,,2017_Oct_04_0955,59.9928436862,Stroop,9,N,
XXXX,neutral,r,red,,,,,9,2,56,4,,,,,r,1,0.366965563502,,,,,2017_Oct_04_0955,59.9928436862,Stroop,9,N,
XXXX,neutral,b,blue,,,,,9,3,57,5,,,,,b,1,0.250427342486,,,,,2017_Oct_04_0955,59.9928436862,Stroop,9,N,
RED,congruent,r,red,,,,,9,4,58,0,,,,,r,1,0.383685478475,,,,,2017_Oct_04_0955,59.9928436862,Stroop,9,N,
BLUE,incongruent,r,red,,,,,9,5,59,2,,,,,r,1,0.40027528978,,,,,2017_Oct_04_0955,59.9928436862,Stroop,9,N,
BLUE,congruent,b,blue,,,,,10,0,60,3,,,,,b,1,0.4002527548,,,,,2017_Oct_04_0955,59.9928436862,Stroop,9,N,
RED,incongruent,b,blue,,,,,10,1,61,1,,,,,b,1,0.650272360537,,,,,2017_Oct_04_0955,59.9928436862,Stroop,9,N,
XXXX,neutral,b,blue,,,,,10,2,62,5,,,,,b,1,0.500170516316,,,,,2017_Oct_04_0955,59.9928436862,Stroop,9,N,
XXXX,neutral,r,red,,,,,10,3,63,4,,,,,r,1,0.383636201499,,,,,2017_Oct_04_0955,59.9928436862,Stroop,9,N,
RED,congruent,r,red,,,,,10,4,64,0,,,,,r,1,0.450213588774,,,,,2017_Oct_04_0955,59.9928436862,Stroop,9,N,
XXXX,neutral,b,blue,,,,,10,5,65,5,,,,,r,0,0.416952538304,,,,,2017_Oct_04_0955,59.9928436862,Stroop,9,N,
XXXX,neutral,b,blue,,,,,11,0,66,5,,,,,b,1,0.483544348041,,,,,2017_Oct_04_0955,59.9928436862,Stroop,9,N,
BLUE,congruent,b,blue,,,,,11,1,67,3,,,,,b,1,0.36690456816,,,,,2017_Oct_04_0955,59.9928436862,Stroop,9,N,
BLUE,congruent,b,blue,,,,,11,2,68,3,,,,,b,1,0.449934752891,,,,,2017_Oct_04_0955,59.9928436862,Stroop,9,N,
BLUE,incongruent,r,red,,,,,11,3,69,2,,,,,r,1,0.333684982499,,,,,2017_Oct_04_0955,59.9928436862,Stroop,9,N,
XXXX,neutral,b,blue,,,,,11,4,70,5,,,,,b,1,0.416887937346,,,,,2017_Oct_04_0955,59.9928436862,Stroop,9,N,
BLUE,incongruent,r,red,,,,,11,5,71,2,,,,,b,0,0.416840763763,,,,,2017_Oct_04_0955,59.9928436862,Stroop,9,N,
XXXX,neutral,r,red,,,,,12,0,72,4,,,,,r,1,0.550257246941,,,,,2017_Oct_04_0955,59.9928436862,Stroop,9,N,
RED,incongruent,b,blue,,,,,12,1,73,1,,,,,b,1,0.516839050921,,,,,2017_Oct_04_0955,59.9928436862,Stroop,9,N,
XXXX,neutral,b,blue,,,,,12,2,74,5,,,,,b,1,0.483590920689,,,,,2017_Oct_04_0955,59.9928436862,Stroop,9,N,
RED,incongruent,b,blue,,,,,12,3,75,1,,,,,b,1,0.450188349234,,,,,2017_Oct_04_0955,59.9928436862,Stroop,9,N,
RED,incongruent,b,blue,,,,,12,4,76,1,,,,,b,1,0.467486667447,,,,,2017_Oct_04_0955,59.9928436862,Stroop,9,N,
BLUE,congruent,b,blue,,,,,12,5,77,3,,,,,b,1,0.383391619427,,,,,2017_Oct_04_0955,59.9928436862,Stroop,9,N,
BLUE,congruent,b,blue,,,,,13,0,78,3,,,,,b,1,0.333831611555,,,,,2017_Oct_04_0955,59.9928436862,Stroop,9,N,
BLUE,congruent,b,blue,,,,,13,1,79,3,,,,,b,1,0.333525433205,,,,,2017_Oct_04_0955,59.9928436862,Stroop,9,N,
RED,congruent,r,red,,,,,13,2,80,0,,,,,r,1,0.300039331429,,,,,2017_Oct_04_0955,59.9928436862,Stroop,9,N,
RED,congruent,r,red,,,,,13,3,81,0,,,,,r,1,0.300339199835,,,,,2017_Oct_04_0955,59.9928436862,Stroop,9,N,
XXXX,neutral,r,red,,,,,13,4,82,4,,,,,r,1,0.350276897661,,,,,2017_Oct_04_0955,59.9928436862,Stroop,9,N,
BLUE,congruent,b,blue,,,,,13,5,83,3,,,,,b,1,0.383510004496,,,,,2017_Oct_04_0955,59.9928436862,Stroop,9,N,
XXXX,neutral,r,red,,,,,14,0,84,4,,,,,r,1,0.400396980112,,,,,2017_Oct_04_0955,59.9928436862,Stroop,9,N,
BLUE,congruent,b,blue,,,,,14,1,85,3,,,,,r,0,0.366866709199,,,,,2017_Oct_04_0955,59.9928436862,Stroop,9,N,
BLUE,incongruent,r,red,,,,,14,2,86,2,,,,,b,0,0.450280292891,,,,,2017_Oct_04_0955,59.9928436862,Stroop,9,N,
BLUE,incongruent,r,red,,,,,14,3,87,2,,,,,r,1,0.450189851457,,,,,2017_Oct_04_0955,59.9928436862,Stroop,9,N,
BLUE,congruent,b,blue,,,,,14,4,88,3,,,,,b,1,0.450222602813,,,,,2017_Oct_04_0955,59.9928436862,Stroop,9,N,
XXXX,neutral,b,blue,,,,,14,5,89,5,,,,,b,1,0.61696714093,,,,,2017_Oct_04_0955,59.9928436862,Stroop,9,N,
XXXX,neutral,b,blue,,,,,15,0,90,5,,,,,b,1,0.450865907595,,,,,2017_Oct_04_0955,59.9928436862,Stroop,9,N,
RED,incongruent,b,blue,,,,,15,1,91,1,,,,,b,1,0.583669733722,,,,,2017_Oct_04_0955,59.9928436862,Stroop,9,N,
XXXX,neutral,b,blue,,,,,15,2,92,5,,,,,b,1,0.433454612736,,,,,2017_Oct_04_0955,59.9928436862,Stroop,9,N,
BLUE,congruent,b,blue,,,,,15,3,93,3,,,,,b,1,0.483613756252,,,,,2017_Oct_04_0955,59.9928436862,Stroop,9,N,
BLUE,incongruent,r,red,,,,,15,4,94,2,,,,,r,1,0.566946213134,,,,,2017_Oct_04_0955,59.9928436862,Stroop,9,N,
XXXX,neutral,r,red,,,,,15,5,95,4,,,,,r,1,0.700309213018,,,,,2017_Oct_04_0955,59.9928436862,Stroop,9,N,
BLUE,congruent,b,blue,,,,,16,0,96,3,,,,,b,1,0.483538939385,,,,,2017_Oct_04_0955,59.9928436862,Stroop,9,N,
RED,incongruent,b,blue,,,,,16,1,97,1,,,,,b,1,0.63349415455,,,,,2017_Oct_04_0955,59.9928436862,Stroop,9,N,
RED,incongruent,b,blue,,,,,16,2,98,1,,,,,b,1,0.73097571102,,,,,2017_Oct_04_0955,59.9928436862,Stroop,9,N,
BLUE,incongruent,r,red,,,,,16,3,99,2,,,,,r,1,0.450283597922,,,,,2017_Oct_04_0955,59.9928436862,Stroop,9,N,
RED,incongruent,b,blue,,,,,16,4,100,1,,,,,b,1,0.566902945749,,,,,2017_Oct_04_0955,59.9928436862,Stroop,9,N,
XXXX,neutral,r,red,,,,,16,5,101,4,,,,,r,1,0.566250626696,,,,,2017_Oct_04_0955,59.9928436862,Stroop,9,N,
BLUE,incongruent,r,red,,,,,17,0,102,2,,,,,r,1,0.416829946684,,,,,2017_Oct_04_0955,59.9928436862,Stroop,9,N,
RED,incongruent,b,blue,,,,,17,1,103,1,,,,,b,1,0.366792793619,,,,,2017_Oct_04_0955,59.9928436862,Stroop,9,N,
RED,incongruent,b,blue,,,,,17,2,104,1,,,,,b,1,0.516859182389,,,,,2017_Oct_04_0955,59.9928436862,Stroop,9,N,
XXXX,neutral,b,blue,,,,,17,3,105,5,,,,,b,1,0.450197062688,,,,,2017_Oct_04_0955,59.9928436862,Stroop,9,N,
RED,incongruent,b,blue,,,,,17,4,106,1,,,,,b,1,0.466811212478,,,,,2017_Oct_04_0955,59.9928436862,Stroop,9,N,
BLUE,congruent,b,blue,,,,,17,5,107,3,,,,,b,1,0.350600803504,,,,,2017_Oct_04_0955,59.9928436862,Stroop,9,N,
XXXX,neutral,r,red,,,,,18,0,108,4,,,,,r,1,0.486108853482,,,,,2017_Oct_04_0955,59.9928436862,Stroop,9,N,
BLUE,congruent,b,blue,,,,,18,1,109,3,,,,,b,1,0.433644809993,,,,,2017_Oct_04_0955,59.9928436862,Stroop,9,N,
RED,incongruent,b,blue,,,,,18,2,110,1,,,,,r,0,0.650234801695,,,,,2017_Oct_04_0955,59.9928436862,Stroop,9,N,
XXXX,neutral,b,blue,,,,,18,3,111,5,,,,,b,1,0.533637087792,,,,,2017_Oct_04_0955,59.9928436862,Stroop,9,N,
RED,incongruent,b,blue,,,,,18,4,112,1,,,,,b,1,0.866891197395,,,,,2017_Oct_04_0955,59.9928436862,Stroop,9,N,
XXXX,neutral,r,red,,,,,18,5,113,4,,,,,r,1,0.533407529118,,,,,2017_Oct_04_0955,59.9928436862,Stroop,9,N,
BLUE,incongruent,r,red,,,,,19,0,114,2,,,,,r,1,0.466914273333,,,,,2017_Oct_04_0955,59.9928436862,Stroop,9,N,
BLUE,incongruent,r,red,,,,,19,1,115,2,,,,,b,0,0.566911058268,,,,,2017_Oct_04_0955,59.9928436862,Stroop,9,N,
BLUE,congruent,b,blue,,,,,19,2,116,3,,,,,b,1,0.430714032147,,,,,2017_Oct_04_0955,59.9928436862,Stroop,9,N,
RED,congruent,r,red,,,,,19,3,117,0,,,,,r,1,0.400591083104,,,,,2017_Oct_04_0955,59.9928436862,Stroop,9,N,
XXXX,neutral,b,blue,,,,,19,4,118,5,,,,,b,1,0.400267778197,,,,,2017_Oct_04_0955,59.9928436862,Stroop,9,N,
RED,incongruent,b,blue,,,,,19,5,119,1,,,,,b,1,0.383386211004,,,,,2017_Oct_04_0955,59.9928436862,Stroop,9,N,
BLUE,congruent,b,blue,,,,,20,0,120,3,,,,,b,1,0.363932626322,,,,,2017_Oct_04_0955,59.9928436862,Stroop,9,N,
XXXX,neutral,r,red,,,,,20,1,121,4,,,,,r,1,0.383622079389,,,,,2017_Oct_04_0955,59.9928436862,Stroop,9,N,
BLUE,incongruent,r,red,,,,,20,2,122,2,,,,,r,1,0.530780826462,,,,,2017_Oct_04_0955,59.9928436862,Stroop,9,N,
RED,congruent,r,red,,,,,20,3,123,0,,,,,r,1,0.450213889126,,,,,2017_Oct_04_0955,59.9928436862,Stroop,9,N,
XXXX,neutral,r,red,,,,,20,4,124,4,,,,,r,1,0.43371391762,,,,,2017_Oct_04_0955,59.9928436862,Stroop,9,N,
BLUE,incongruent,r,red,,,,,20,5,125,2,,,,,r,1,0.300228025997,,,,,2017_Oct_04_0955,59.9928436862,Stroop,9,N,
BLUE,congruent,b,blue,,,,,21,0,126,3,,,,,b,1,0.333687686827,,,,,2017_Oct_04_0955,59.9928436862,Stroop,9,N,
XXXX,neutral,b,blue,,,,,21,1,127,5,,,,,b,1,0.316918194527,,,,,2017_Oct_04_0955,59.9928436862,Stroop,9,N,
XXXX,neutral,b,blue,,,,,21,2,128,5,,,,,b,1,0.283504505642,,,,,2017_Oct_04_0955,59.9928436862,Stroop,9,N,
XXXX,neutral,r,red,,,,,21,3,129,4,,,,,b,0,0.233842939138,,,,,2017_Oct_04_0955,59.9928436862,Stroop,9,N,
BLUE,congruent,b,blue,,,,,21,4,130,3,,,,,b,1,0.417038171785,,,,,2017_Oct_04_0955,59.9928436862,Stroop,9,N,
BLUE,incongruent,r,red,,,,,21,5,131,2,,,,,r,1,0.469620600343,,,,,2017_Oct_04_0955,59.9928436862,Stroop,9,N,
XXXX,neutral,b,blue,,,,,22,0,132,5,,,,,b,1,0.416900256649,,,,,2017_Oct_04_0955,59.9928436862,Stroop,9,N,
RED,incongruent,b,blue,,,,,22,1,133,1,,,,,b,1,0.433480753563,,,,,2017_Oct_04_0955,59.9928436862,Stroop,9,N,
RED,congruent,r,red,,,,,22,2,134,0,,,,,r,1,0.416867204709,,,,,2017_Oct_04_0955,59.9928436862,Stroop,9,N,
BLUE,congruent,b,blue,,,,,22,3,135,3,,,,,b,1,0.316883941181,,,,,2017_Oct_04_0955,59.9928436862,Stroop,9,N,
BLUE,congruent,b,blue,,,,,22,4,136,3,,,,,b,1,0.483593023848,,,,,2017_Oct_04_0955,59.9928436862,Stroop,9,N,
BLUE,incongruent,r,red,,,,,22,5,137,2,,,,,r,1,0.550242223311,,,,,2017_Oct_04_0955,59.9928436862,Stroop,9,N,
RED,congruent,r,red,,,,,23,0,138,0,,,,,r,1,0.516693323385,,,,,2017_Oct_04_0955,59.9928436862,Stroop,9,N,
RED,congruent,r,red,,,,,23,1,139,0,,,,,r,1,0.416309834458,,,,,2017_Oct_04_0955,59.9928436862,Stroop,9,N,
BLUE,incongruent,r,red,,,,,23,2,140,2,,,,,r,1,0.366933713667,,,,,2017_Oct_04_0955,59.9928436862,Stroop,9,N,
RED,incongruent,b,blue,,,,,23,3,141,1,,,,,b,1,0.547804515809,,,,,2017_Oct_04_0955,59.9928436862,Stroop,9,N,
XXXX,neutral,b,blue,,,,,23,4,142,5,,,,,b,1,0.434325072216,,,,,2017_Oct_04_0955,59.9928436862,Stroop,9,N,
RED,incongruent,b,blue,,,,,23,5,143,1,,,,,b,1,0.350254662801,,,,,2017_Oct_04_0955,59.9928436862,Stroop,9,N,
RED,incongruent,b,blue,,,,,24,0,144,1,,,,,b,1,0.383679769468,,,,,2017_Oct_04_0955,59.9928436862,Stroop,9,N,
BLUE,incongruent,r,red,,,,,24,1,145,2,,,,,r,1,0.433615363669,,,,,2017_Oct_04_0955,59.9928436862,Stroop,9,N,
RED,congruent,r,red,,,,,24,2,146,0,,,,,r,1,0.416601890465,,,,,2017_Oct_04_0955,59.9928436862,Stroop,9,N,
XXXX,neutral,r,red,,,,,24,3,147,4,,,,,r,1,0.416976876091,,,,,2017_Oct_04_0955,59.9928436862,Stroop,9,N,
RED,congruent,r,red,,,,,24,4,148,0,,,,,r,1,0.333301884355,,,,,2017_Oct_04_0955,59.9928436862,Stroop,9,N,
XXXX,neutral,b,blue,,,,,24,5,149,5,,,,,b,1,0.350250756601,,,,,2017_Oct_04_0955,59.9928436862,Stroop,9,N,
,,,,,,,,,,,,,,,,,,,,,right,27.5491956887,2017_Oct_04_0955,59.9928436862,Stroop,9,N,
