word,type,correct,ink,Practice.thisRepN,Practice.thisTrialN,Practice.thisN,Practice.thisIndex,trials.thisRepN,trials.thisTrialN,trials.thisN,trials.thisIndex,ready_to_continue.keys,ready_to_continue.rt,key_resp_2.keys,key_resp_2.rt,Response.keys,Response.corr,Response.rt,begin_exp.keys,begin_exp.rt,finished.keys,finished.rt,date,frameRate,expName,participant,condition,
,,,,,,,,,,,,r,50.0502119701,,,,,,,,,,2017_Oct_26_1323,59.95059224,Stroop,126,L,
,,,,,,,,,,,,,,r,1.83381737047,,,,,,,,2017_Oct_26_1323,59.95059224,Stroop,126,L,
XXXX,neutral,r,red,0,0,0,4,,,,,,,,,r,1,0.933553831419,,,,,2017_Oct_26_1323,59.95059224,Stroop,126,L,
BLUE,congruent,b,blue,0,1,1,3,,,,,,,,,b,1,0.668462410802,,,,,2017_Oct_26_1323,59.95059224,Stroop,126,L,
XXXX,neutral,b,blue,0,2,2,5,,,,,,,,,b,1,0.567350349738,,,,,2017_Oct_26_1323,59.95059224,Stroop,126,L,
RED,congruent,r,red,0,3,3,0,,,,,,,,,r,1,0.566249035648,,,,,2017_Oct_26_1323,59.95059224,Stroop,126,L,
BLUE,incongruent,r,red,0,4,4,2,,,,,,,,,r,1,0.984648970189,,,,,2017_Oct_26_1323,59.95059224,Stroop,126,L,
RED,incongruent,b,blue,0,5,5,1,,,,,,,,,b,1,1.21794696175,,,,,2017_Oct_26_1323,59.95059224,Stroop,126,L,
XXXX,neutral,b,blue,1,0,6,5,,,,,,,,,b,1,0.800121904816,,,,,2017_Oct_26_1323,59.95059224,Stroop,126,L,
BLUE,incongruent,r,red,1,1,7,2,,,,,,,,,r,1,0.650025584036,,,,,2017_Oct_26_1323,59.95059224,Stroop,126,L,
RED,incongruent,b,blue,1,2,8,1,,,,,,,,,b,1,1.00032561435,,,,,2017_Oct_26_1323,59.95059224,Stroop,126,L,
RED,congruent,r,red,1,3,9,0,,,,,,,,,r,1,0.751697445055,,,,,2017_Oct_26_1323,59.95059224,Stroop,126,L,
XXXX,neutral,r,red,1,4,10,4,,,,,,,,,r,1,0.551477374625,,,,,2017_Oct_26_1323,59.95059224,Stroop,126,L,
BLUE,congruent,b,blue,1,5,11,3,,,,,,,,,b,1,0.483658172307,,,,,2017_Oct_26_1323,59.95059224,Stroop,126,L,
,,,,,,,,,,,,,,,,,,,r,5.75070456194,,,2017_Oct_26_1323,59.95059224,Stroop,126,L,
XXXX,neutral,r,red,,,,,0,0,0,4,,,,,r,1,0.500810506986,,,,,2017_Oct_26_1323,59.95059224,Stroop,126,L,
BLUE,incongruent,r,red,,,,,0,1,1,2,,,,,r,1,0.934728288557,,,,,2017_Oct_26_1323,59.95059224,Stroop,126,L,
RED,congruent,r,red,,,,,0,2,2,0,,,,,r,1,0.68464656407,,,,,2017_Oct_26_1323,59.95059224,Stroop,126,L,
RED,incongruent,b,blue,,,,,0,3,3,1,,,,,b,1,0.733602914144,,,,,2017_Oct_26_1323,59.95059224,Stroop,126,L,
RED,incongruent,b,blue,,,,,0,4,4,1,,,,,b,1,1.16692239954,,,,,2017_Oct_26_1323,59.95059224,Stroop,126,L,
BLUE,congruent,b,blue,,,,,0,5,5,3,,,,,b,1,1.76619321597,,,,,2017_Oct_26_1323,59.95059224,Stroop,126,L,
XXXX,neutral,r,red,,,,,1,0,6,4,,,,,r,1,0.734076418332,,,,,2017_Oct_26_1323,59.95059224,Stroop,126,L,
XXXX,neutral,r,red,,,,,1,1,7,4,,,,,r,1,0.750278857304,,,,,2017_Oct_26_1323,59.95059224,Stroop,126,L,
BLUE,congruent,b,blue,,,,,1,2,8,3,,,,,b,1,0.432888327166,,,,,2017_Oct_26_1323,59.95059224,Stroop,126,L,
BLUE,incongruent,r,red,,,,,1,3,9,2,,,,,b,0,1.60161331459,,,,,2017_Oct_26_1323,59.95059224,Stroop,126,L,
RED,congruent,r,red,,,,,1,4,10,0,,,,,r,1,0.63455617812,,,,,2017_Oct_26_1323,59.95059224,Stroop,126,L,
XXXX,neutral,r,red,,,,,1,5,11,4,,,,,r,1,0.600376621936,,,,,2017_Oct_26_1323,59.95059224,Stroop,126,L,
XXXX,neutral,b,blue,,,,,2,0,12,5,,,,,b,1,0.850074345828,,,,,2017_Oct_26_1323,59.95059224,Stroop,126,L,
BLUE,congruent,b,blue,,,,,2,1,13,3,,,,,b,1,1.15023554908,,,,,2017_Oct_26_1323,59.95059224,Stroop,126,L,
RED,congruent,r,red,,,,,2,2,14,0,,,,,r,1,0.599746245425,,,,,2017_Oct_26_1323,59.95059224,Stroop,126,L,
BLUE,congruent,b,blue,,,,,2,3,15,3,,,,,b,1,0.599753623828,,,,,2017_Oct_26_1323,59.95059224,Stroop,126,L,
RED,incongruent,b,blue,,,,,2,4,16,1,,,,,b,1,1.13411363133,,,,,2017_Oct_26_1323,59.95059224,Stroop,126,L,
RED,incongruent,b,blue,,,,,2,5,17,1,,,,,b,1,0.901654216927,,,,,2017_Oct_26_1323,59.95059224,Stroop,126,L,
XXXX,neutral,r,red,,,,,3,0,18,4,,,,,r,1,0.501223700237,,,,,2017_Oct_26_1323,59.95059224,Stroop,126,L,
BLUE,congruent,b,blue,,,,,3,1,19,3,,,,,b,1,0.467112474958,,,,,2017_Oct_26_1323,59.95059224,Stroop,126,L,
RED,incongruent,b,blue,,,,,3,2,20,1,,,,,b,1,0.917795703397,,,,,2017_Oct_26_1323,59.95059224,Stroop,126,L,
BLUE,congruent,b,blue,,,,,3,3,21,3,,,,,b,1,0.817060905858,,,,,2017_Oct_26_1323,59.95059224,Stroop,126,L,
RED,incongruent,b,blue,,,,,3,4,22,1,,,,,b,1,1.36753737752,,,,,2017_Oct_26_1323,59.95059224,Stroop,126,L,
BLUE,congruent,b,blue,,,,,3,5,23,3,,,,,b,1,0.700089985039,,,,,2017_Oct_26_1323,59.95059224,Stroop,126,L,
BLUE,incongruent,r,red,,,,,4,0,24,2,,,,,r,1,1.23304102907,,,,,2017_Oct_26_1323,59.95059224,Stroop,126,L,
BLUE,incongruent,r,red,,,,,4,1,25,2,,,,,r,1,0.667909347685,,,,,2017_Oct_26_1323,59.95059224,Stroop,126,L,
XXXX,neutral,b,blue,,,,,4,2,26,5,,,,,b,1,0.516971241683,,,,,2017_Oct_26_1323,59.95059224,Stroop,126,L,
RED,incongruent,b,blue,,,,,4,3,27,1,,,,,b,1,0.817231893539,,,,,2017_Oct_26_1323,59.95059224,Stroop,126,L,
BLUE,congruent,b,blue,,,,,4,4,28,3,,,,,b,1,0.434237621492,,,,,2017_Oct_26_1323,59.95059224,Stroop,126,L,
XXXX,neutral,r,red,,,,,4,5,29,4,,,,,r,1,0.535033371532,,,,,2017_Oct_26_1323,59.95059224,Stroop,126,L,
XXXX,neutral,b,blue,,,,,5,0,30,5,,,,,b,1,0.633237039205,,,,,2017_Oct_26_1323,59.95059224,Stroop,126,L,
BLUE,incongruent,r,red,,,,,5,1,31,2,,,,,r,1,2.08396357612,,,,,2017_Oct_26_1323,59.95059224,Stroop,126,L,
BLUE,congruent,b,blue,,,,,5,2,32,3,,,,,b,1,0.567210479989,,,,,2017_Oct_26_1323,59.95059224,Stroop,126,L,
RED,congruent,r,red,,,,,5,3,33,0,,,,,r,1,0.649697724031,,,,,2017_Oct_26_1323,59.95059224,Stroop,126,L,
XXXX,neutral,r,red,,,,,5,4,34,4,,,,,r,1,0.568039753824,,,,,2017_Oct_26_1323,59.95059224,Stroop,126,L,
BLUE,incongruent,r,red,,,,,5,5,35,2,,,,,r,1,0.783771576011,,,,,2017_Oct_26_1323,59.95059224,Stroop,126,L,
XXXX,neutral,b,blue,,,,,6,0,36,5,,,,,b,1,0.617992515792,,,,,2017_Oct_26_1323,59.95059224,Stroop,126,L,
BLUE,congruent,b,blue,,,,,6,1,37,3,,,,,b,1,0.934175867005,,,,,2017_Oct_26_1323,59.95059224,Stroop,126,L,
BLUE,congruent,b,blue,,,,,6,2,38,3,,,,,b,1,0.483062763466,,,,,2017_Oct_26_1323,59.95059224,Stroop,126,L,
XXXX,neutral,r,red,,,,,6,3,39,4,,,,,r,1,0.650112521485,,,,,2017_Oct_26_1323,59.95059224,Stroop,126,L,
RED,congruent,r,red,,,,,6,4,40,0,,,,,r,1,0.617243121611,,,,,2017_Oct_26_1323,59.95059224,Stroop,126,L,
XXXX,neutral,r,red,,,,,6,5,41,4,,,,,r,1,0.600209163036,,,,,2017_Oct_26_1323,59.95059224,Stroop,126,L,
BLUE,incongruent,r,red,,,,,7,0,42,2,,,,,r,1,0.700268992689,,,,,2017_Oct_26_1323,59.95059224,Stroop,126,L,
XXXX,neutral,r,red,,,,,7,1,43,4,,,,,r,1,0.567988746217,,,,,2017_Oct_26_1323,59.95059224,Stroop,126,L,
RED,congruent,r,red,,,,,7,2,44,0,,,,,r,1,0.499973854632,,,,,2017_Oct_26_1323,59.95059224,Stroop,126,L,
XXXX,neutral,b,blue,,,,,7,3,45,5,,,,,b,1,0.433619114687,,,,,2017_Oct_26_1323,59.95059224,Stroop,126,L,
XXXX,neutral,r,red,,,,,7,4,46,4,,,,,r,1,1.30109890818,,,,,2017_Oct_26_1323,59.95059224,Stroop,126,L,
RED,incongruent,b,blue,,,,,7,5,47,1,,,,,b,1,1.30036972463,,,,,2017_Oct_26_1323,59.95059224,Stroop,126,L,
XXXX,neutral,b,blue,,,,,8,0,48,5,,,,,b,1,0.550300030387,,,,,2017_Oct_26_1323,59.95059224,Stroop,126,L,
BLUE,incongruent,r,red,,,,,8,1,49,2,,,,,r,1,0.883567064535,,,,,2017_Oct_26_1323,59.95059224,Stroop,126,L,
BLUE,incongruent,r,red,,,,,8,2,50,2,,,,,r,1,1.49990776938,,,,,2017_Oct_26_1323,59.95059224,Stroop,126,L,
BLUE,incongruent,r,red,,,,,8,3,51,2,,,,,r,1,0.683453821344,,,,,2017_Oct_26_1323,59.95059224,Stroop,126,L,
XXXX,neutral,r,red,,,,,8,4,52,4,,,,,r,1,0.550606396515,,,,,2017_Oct_26_1323,59.95059224,Stroop,126,L,
XXXX,neutral,r,red,,,,,8,5,53,4,,,,,r,1,0.56703179318,,,,,2017_Oct_26_1323,59.95059224,Stroop,126,L,
RED,incongruent,b,blue,,,,,9,0,54,1,,,,,b,1,0.999993904727,,,,,2017_Oct_26_1323,59.95059224,Stroop,126,L,
BLUE,congruent,b,blue,,,,,9,1,55,3,,,,,b,1,0.651189133874,,,,,2017_Oct_26_1323,59.95059224,Stroop,126,L,
BLUE,congruent,b,blue,,,,,9,2,56,3,,,,,b,1,0.483078482677,,,,,2017_Oct_26_1323,59.95059224,Stroop,126,L,
XXXX,neutral,r,red,,,,,9,3,57,4,,,,,r,1,0.584224548773,,,,,2017_Oct_26_1323,59.95059224,Stroop,126,L,
XXXX,neutral,b,blue,,,,,9,4,58,5,,,,,b,1,1.00022712804,,,,,2017_Oct_26_1323,59.95059224,Stroop,126,L,
XXXX,neutral,r,red,,,,,9,5,59,4,,,,,r,1,2.11678485561,,,,,2017_Oct_26_1323,59.95059224,Stroop,126,L,
RED,congruent,r,red,,,,,10,0,60,0,,,,,r,1,0.501255138894,,,,,2017_Oct_26_1323,59.95059224,Stroop,126,L,
BLUE,incongruent,r,red,,,,,10,1,61,2,,,,,r,1,0.833488227334,,,,,2017_Oct_26_1323,59.95059224,Stroop,126,L,
RED,incongruent,b,blue,,,,,10,2,62,1,,,,,b,1,0.616970118834,,,,,2017_Oct_26_1323,59.95059224,Stroop,126,L,
XXXX,neutral,b,blue,,,,,10,3,63,5,,,,,b,1,0.533455665922,,,,,2017_Oct_26_1323,59.95059224,Stroop,126,L,
BLUE,congruent,b,blue,,,,,10,4,64,3,,,,,b,1,0.583136387519,,,,,2017_Oct_26_1323,59.95059224,Stroop,126,L,
BLUE,congruent,b,blue,,,,,10,5,65,3,,,,,b,1,0.41634166718,,,,,2017_Oct_26_1323,59.95059224,Stroop,126,L,
XXXX,neutral,b,blue,,,,,11,0,66,5,,,,,b,1,0.484724519076,,,,,2017_Oct_26_1323,59.95059224,Stroop,126,L,
XXXX,neutral,b,blue,,,,,11,1,67,5,,,,,b,1,0.400290326099,,,,,2017_Oct_26_1323,59.95059224,Stroop,126,L,
RED,congruent,r,red,,,,,11,2,68,0,,,,,r,1,0.717213447439,,,,,2017_Oct_26_1323,59.95059224,Stroop,126,L,
XXXX,neutral,r,red,,,,,11,3,69,4,,,,,r,1,0.567083442351,,,,,2017_Oct_26_1323,59.95059224,Stroop,126,L,
XXXX,neutral,b,blue,,,,,11,4,70,5,,,,,b,1,0.599547668709,,,,,2017_Oct_26_1323,59.95059224,Stroop,126,L,
RED,congruent,r,red,,,,,11,5,71,0,,,,,r,1,0.716459562071,,,,,2017_Oct_26_1323,59.95059224,Stroop,126,L,
BLUE,congruent,b,blue,,,,,12,0,72,3,,,,,b,1,0.650642165914,,,,,2017_Oct_26_1323,59.95059224,Stroop,126,L,
XXXX,neutral,b,blue,,,,,12,1,73,5,,,,,b,1,0.450411829865,,,,,2017_Oct_26_1323,59.95059224,Stroop,126,L,
BLUE,incongruent,r,red,,,,,12,2,74,2,,,,,r,1,1.8335533503,,,,,2017_Oct_26_1323,59.95059224,Stroop,126,L,
XXXX,neutral,b,blue,,,,,12,3,75,5,,,,,b,1,0.399997112807,,,,,2017_Oct_26_1323,59.95059224,Stroop,126,L,
XXXX,neutral,r,red,,,,,12,4,76,4,,,,,r,1,0.949898065068,,,,,2017_Oct_26_1323,59.95059224,Stroop,126,L,
BLUE,incongruent,r,red,,,,,12,5,77,2,,,,,r,1,0.68297871307,,,,,2017_Oct_26_1323,59.95059224,Stroop,126,L,
BLUE,incongruent,r,red,,,,,13,0,78,2,,,,,r,1,0.467417878681,,,,,2017_Oct_26_1323,59.95059224,Stroop,126,L,
RED,congruent,r,red,,,,,13,1,79,0,,,,,r,1,0.466966188978,,,,,2017_Oct_26_1323,59.95059224,Stroop,126,L,
BLUE,incongruent,r,red,,,,,13,2,80,2,,,,,r,1,0.499601403135,,,,,2017_Oct_26_1323,59.95059224,Stroop,126,L,
XXXX,neutral,r,red,,,,,13,3,81,4,,,,,r,1,0.50091893808,,,,,2017_Oct_26_1323,59.95059224,Stroop,126,L,
RED,incongruent,b,blue,,,,,13,4,82,1,,,,,b,1,0.649668210302,,,,,2017_Oct_26_1323,59.95059224,Stroop,126,L,
RED,incongruent,b,blue,,,,,13,5,83,1,,,,,b,1,0.901218888117,,,,,2017_Oct_26_1323,59.95059224,Stroop,126,L,
RED,incongruent,b,blue,,,,,14,0,84,1,,,,,b,1,0.633965260233,,,,,2017_Oct_26_1323,59.95059224,Stroop,126,L,
RED,incongruent,b,blue,,,,,14,1,85,1,,,,,b,1,0.700428110664,,,,,2017_Oct_26_1323,59.95059224,Stroop,126,L,
RED,incongruent,b,blue,,,,,14,2,86,1,,,,,b,1,0.632844698033,,,,,2017_Oct_26_1323,59.95059224,Stroop,126,L,
BLUE,incongruent,r,red,,,,,14,3,87,2,,,,,r,1,0.5828912945,,,,,2017_Oct_26_1323,59.95059224,Stroop,126,L,
BLUE,congruent,b,blue,,,,,14,4,88,3,,,,,b,1,0.567109427298,,,,,2017_Oct_26_1323,59.95059224,Stroop,126,L,
XXXX,neutral,b,blue,,,,,14,5,89,5,,,,,b,1,0.533949059783,,,,,2017_Oct_26_1323,59.95059224,Stroop,126,L,
XXXX,neutral,b,blue,,,,,15,0,90,5,,,,,b,1,0.549210906727,,,,,2017_Oct_26_1323,59.95059224,Stroop,126,L,
BLUE,incongruent,r,red,,,,,15,1,91,2,,,,,r,1,0.700668712379,,,,,2017_Oct_26_1323,59.95059224,Stroop,126,L,
RED,congruent,r,red,,,,,15,2,92,0,,,,,r,1,3.466523482,,,,,2017_Oct_26_1323,59.95059224,Stroop,126,L,
RED,incongruent,b,blue,,,,,15,3,93,1,,,,,b,1,2.29983462638,,,,,2017_Oct_26_1323,59.95059224,Stroop,126,L,
RED,incongruent,b,blue,,,,,15,4,94,1,,,,,b,1,0.500898727565,,,,,2017_Oct_26_1323,59.95059224,Stroop,126,L,
RED,incongruent,b,blue,,,,,15,5,95,1,,,,,b,1,0.484378052643,,,,,2017_Oct_26_1323,59.95059224,Stroop,126,L,
BLUE,congruent,b,blue,,,,,16,0,96,3,,,,,b,1,0.451002106071,,,,,2017_Oct_26_1323,59.95059224,Stroop,126,L,
BLUE,incongruent,r,red,,,,,16,1,97,2,,,,,r,1,0.667356284568,,,,,2017_Oct_26_1323,59.95059224,Stroop,126,L,
XXXX,neutral,b,blue,,,,,16,2,98,5,,,,,b,1,1.35017908784,,,,,2017_Oct_26_1323,59.95059224,Stroop,126,L,
BLUE,congruent,b,blue,,,,,16,3,99,3,,,,,b,1,0.617781427805,,,,,2017_Oct_26_1323,59.95059224,Stroop,126,L,
RED,congruent,r,red,,,,,16,4,100,0,,,,,r,1,0.584815787268,,,,,2017_Oct_26_1323,59.95059224,Stroop,126,L,
RED,congruent,r,red,,,,,16,5,101,0,,,,,r,1,0.733729951899,,,,,2017_Oct_26_1323,59.95059224,Stroop,126,L,
XXXX,neutral,b,blue,,,,,17,0,102,5,,,,,b,1,0.500589794945,,,,,2017_Oct_26_1323,59.95059224,Stroop,126,L,
XXXX,neutral,b,blue,,,,,17,1,103,5,,,,,b,1,0.482954011415,,,,,2017_Oct_26_1323,59.95059224,Stroop,126,L,
RED,congruent,r,red,,,,,17,2,104,0,,,,,r,1,0.734013541136,,,,,2017_Oct_26_1323,59.95059224,Stroop,126,L,
RED,congruent,r,red,,,,,17,3,105,0,,,,,r,1,0.534413260641,,,,,2017_Oct_26_1323,59.95059224,Stroop,126,L,
XXXX,neutral,b,blue,,,,,17,4,106,5,,,,,b,1,0.699981232989,,,,,2017_Oct_26_1323,59.95059224,Stroop,126,L,
XXXX,neutral,r,red,,,,,17,5,107,4,,,,,r,1,0.601060893037,,,,,2017_Oct_26_1323,59.95059224,Stroop,126,L,
BLUE,congruent,b,blue,,,,,18,0,108,3,,,,,b,1,0.950759739964,,,,,2017_Oct_26_1323,59.95059224,Stroop,126,L,
XXXX,neutral,b,blue,,,,,18,1,109,5,,,,,b,1,0.566785737756,,,,,2017_Oct_26_1323,59.95059224,Stroop,126,L,
BLUE,congruent,b,blue,,,,,18,2,110,3,,,,,b,1,0.651363329496,,,,,2017_Oct_26_1323,59.95059224,Stroop,126,L,
RED,congruent,r,red,,,,,18,3,111,0,,,,,r,1,0.533446041867,,,,,2017_Oct_26_1323,59.95059224,Stroop,126,L,
RED,congruent,r,red,,,,,18,4,112,0,,,,,r,1,0.683943686425,,,,,2017_Oct_26_1323,59.95059224,Stroop,126,L,
BLUE,congruent,b,blue,,,,,18,5,113,3,,,,,b,1,0.467269668006,,,,,2017_Oct_26_1323,59.95059224,Stroop,126,L,
RED,congruent,r,red,,,,,19,0,114,0,,,,,r,1,0.583008066635,,,,,2017_Oct_26_1323,59.95059224,Stroop,126,L,
RED,incongruent,b,blue,,,,,19,1,115,1,,,,,b,1,0.434046744136,,,,,2017_Oct_26_1323,59.95059224,Stroop,126,L,
RED,incongruent,b,blue,,,,,19,2,116,1,,,,,b,1,0.533655525767,,,,,2017_Oct_26_1323,59.95059224,Stroop,126,L,
RED,incongruent,b,blue,,,,,19,3,117,1,,,,,b,1,0.483983145095,,,,,2017_Oct_26_1323,59.95059224,Stroop,126,L,
RED,congruent,r,red,,,,,19,4,118,0,,,,,r,1,0.517850560718,,,,,2017_Oct_26_1323,59.95059224,Stroop,126,L,
RED,incongruent,b,blue,,,,,19,5,119,1,,,,,b,1,1.00044816069,,,,,2017_Oct_26_1323,59.95059224,Stroop,126,L,
XXXX,neutral,b,blue,,,,,20,0,120,5,,,,,b,1,0.617391332169,,,,,2017_Oct_26_1323,59.95059224,Stroop,126,L,
RED,congruent,r,red,,,,,20,1,121,0,,,,,r,1,0.516904194024,,,,,2017_Oct_26_1323,59.95059224,Stroop,126,L,
RED,congruent,r,red,,,,,20,2,122,0,,,,,r,1,0.967014469788,,,,,2017_Oct_26_1323,59.95059224,Stroop,126,L,
XXXX,neutral,b,blue,,,,,20,3,123,5,,,,,b,1,0.567626560573,,,,,2017_Oct_26_1323,59.95059224,Stroop,126,L,
BLUE,incongruent,r,red,,,,,20,4,124,2,,,,,r,1,0.867525347276,,,,,2017_Oct_26_1323,59.95059224,Stroop,126,L,
BLUE,congruent,b,blue,,,,,20,5,125,3,,,,,b,1,0.550374135608,,,,,2017_Oct_26_1323,59.95059224,Stroop,126,L,
BLUE,incongruent,r,red,,,,,21,0,126,2,,,,,r,1,0.551471920917,,,,,2017_Oct_26_1323,59.95059224,Stroop,126,L,
RED,incongruent,b,blue,,,,,21,1,127,1,,,,,b,1,0.766202840139,,,,,2017_Oct_26_1323,59.95059224,Stroop,126,L,
RED,incongruent,b,blue,,,,,21,2,128,1,,,,,b,1,0.684936890146,,,,,2017_Oct_26_1323,59.95059224,Stroop,126,L,
BLUE,incongruent,r,red,,,,,21,3,129,2,,,,,r,1,0.567414831021,,,,,2017_Oct_26_1323,59.95059224,Stroop,126,L,
XXXX,neutral,b,blue,,,,,21,4,130,5,,,,,b,1,0.668382851873,,,,,2017_Oct_26_1323,59.95059224,Stroop,126,L,
RED,congruent,r,red,,,,,21,5,131,0,,,,,r,1,0.784523536451,,,,,2017_Oct_26_1323,59.95059224,Stroop,126,L,
XXXX,neutral,r,red,,,,,22,0,132,4,,,,,r,1,0.851591740618,,,,,2017_Oct_26_1323,59.95059224,Stroop,126,L,
RED,congruent,r,red,,,,,22,1,133,0,,,,,r,1,0.534512067796,,,,,2017_Oct_26_1323,59.95059224,Stroop,126,L,
BLUE,incongruent,r,red,,,,,22,2,134,2,,,,,r,1,0.899431698723,,,,,2017_Oct_26_1323,59.95059224,Stroop,126,L,
BLUE,incongruent,r,red,,,,,22,3,135,2,,,,,r,1,1.03386837803,,,,,2017_Oct_26_1323,59.95059224,Stroop,126,L,
XXXX,neutral,r,red,,,,,22,4,136,4,,,,,r,1,0.75037958927,,,,,2017_Oct_26_1323,59.95059224,Stroop,126,L,
XXXX,neutral,r,red,,,,,22,5,137,4,,,,,r,1,0.449821232934,,,,,2017_Oct_26_1323,59.95059224,Stroop,126,L,
XXXX,neutral,r,red,,,,,23,0,138,4,,,,,r,1,0.550845714984,,,,,2017_Oct_26_1323,59.95059224,Stroop,126,L,
XXXX,neutral,r,red,,,,,23,1,139,4,,,,,r,1,0.567877427908,,,,,2017_Oct_26_1323,59.95059224,Stroop,126,L,
RED,congruent,r,red,,,,,23,2,140,0,,,,,r,1,0.534242593916,,,,,2017_Oct_26_1323,59.95059224,Stroop,126,L,
XXXX,neutral,r,red,,,,,23,3,141,4,,,,,r,1,0.550472301082,,,,,2017_Oct_26_1323,59.95059224,Stroop,126,L,
XXXX,neutral,b,blue,,,,,23,4,142,5,,,,,b,1,0.433148497832,,,,,2017_Oct_26_1323,59.95059224,Stroop,126,L,
XXXX,neutral,b,blue,,,,,23,5,143,5,,,,,b,1,0.467422690708,,,,,2017_Oct_26_1323,59.95059224,Stroop,126,L,
BLUE,congruent,b,blue,,,,,24,0,144,3,,,,,b,1,0.884472047677,,,,,2017_Oct_26_1323,59.95059224,Stroop,126,L,
BLUE,congruent,b,blue,,,,,24,1,145,3,,,,,b,1,0.417610761011,,,,,2017_Oct_26_1323,59.95059224,Stroop,126,L,
BLUE,incongruent,r,red,,,,,24,2,146,2,,,,,r,1,0.95013417548,,,,,2017_Oct_26_1323,59.95059224,Stroop,126,L,
RED,incongruent,b,blue,,,,,24,3,147,1,,,,,b,1,0.934529711842,,,,,2017_Oct_26_1323,59.95059224,Stroop,126,L,
BLUE,incongruent,r,red,,,,,24,4,148,2,,,,,r,1,1.01635899057,,,,,2017_Oct_26_1323,59.95059224,Stroop,126,L,
RED,congruent,r,red,,,,,24,5,149,0,,,,,r,1,0.650777544477,,,,,2017_Oct_26_1323,59.95059224,Stroop,126,L,
,,,,,,,,,,,,,,,,,,,,,space,374.618471794,2017_Oct_26_1323,59.95059224,Stroop,126,L,
