word,type,correct,ink,Practice.thisRepN,Practice.thisTrialN,Practice.thisN,Practice.thisIndex,trials.thisRepN,trials.thisTrialN,trials.thisN,trials.thisIndex,ready_to_continue.keys,ready_to_continue.rt,key_resp_2.keys,key_resp_2.rt,Response.keys,Response.corr,Response.rt,begin_exp.keys,begin_exp.rt,date,frameRate,expName,participant,condition,
,,,,,,,,,,,,r,42.732406751,,,,,,,,2018_Jan_30_1216,59.9826432318,Stroop,01,N,
,,,,,,,,,,,,,,r,2.34964310806,,,,,,2018_Jan_30_1216,59.9826432318,Stroop,01,N,
BLUE,incongruent,r,red,0,0,0,2,,,,,,,,,r,1,1.3680064417,,,2018_Jan_30_1216,59.9826432318,Stroop,01,N,
XXXX,neutral,b,blue,0,1,1,5,,,,,,,,,b,1,0.584335250658,,,2018_Jan_30_1216,59.9826432318,Stroop,01,N,
BLUE,congruent,b,blue,0,2,2,3,,,,,,,,,b,1,0.51753117391,,,2018_Jan_30_1216,59.9826432318,Stroop,01,N,
XXXX,neutral,r,red,0,3,3,4,,,,,,,,,r,1,0.417493960907,,,2018_Jan_30_1216,59.9826432318,Stroop,01,N,
RED,incongruent,b,blue,0,4,4,1,,,,,,,,,r,0,0.651045332495,,,2018_Jan_30_1216,59.9826432318,Stroop,01,N,
RED,congruent,r,red,0,5,5,0,,,,,,,,,r,1,0.800574876732,,,2018_Jan_30_1216,59.9826432318,Stroop,01,N,
RED,congruent,r,red,1,0,6,0,,,,,,,,,r,1,0.683909225937,,,2018_Jan_30_1216,59.9826432318,Stroop,01,N,
RED,incongruent,b,blue,1,1,7,1,,,,,,,,,b,1,0.733996644414,,,2018_Jan_30_1216,59.9826432318,Stroop,01,N,
XXXX,neutral,r,red,1,2,8,4,,,,,,,,,r,1,0.582976334455,,,2018_Jan_30_1216,59.9826432318,Stroop,01,N,
XXXX,neutral,b,blue,1,3,9,5,,,,,,,,,b,1,0.483861747279,,,2018_Jan_30_1216,59.9826432318,Stroop,01,N,
BLUE,incongruent,r,red,1,4,10,2,,,,,,,,,r,1,0.567148297024,,,2018_Jan_30_1216,59.9826432318,Stroop,01,N,
BLUE,congruent,b,blue,1,5,11,3,,,,,,,,,b,1,0.450468530953,,,2018_Jan_30_1216,59.9826432318,Stroop,01,N,
,,,,,,,,,,,,,,,,,,,b,4.18454345099,2018_Jan_30_1216,59.9826432318,Stroop,01,N,
XXXX,neutral,b,blue,,,,,0,0,0,5,,,,,b,1,0.483279812908,,,2018_Jan_30_1216,59.9826432318,Stroop,01,N,
BLUE,incongruent,r,red,,,,,0,1,1,2,,,,,b,0,0.567472627591,,,2018_Jan_30_1216,59.9826432318,Stroop,01,N,
XXXX,neutral,r,red,,,,,0,2,2,4,,,,,r,1,0.683840574363,,,2018_Jan_30_1216,59.9826432318,Stroop,01,N,
XXXX,neutral,r,red,,,,,0,3,3,4,,,,,r,1,0.583760053125,,,2018_Jan_30_1216,59.9826432318,Stroop,01,N,
XXXX,neutral,r,red,,,,,0,4,4,4,,,,,r,1,0.483565647266,,,2018_Jan_30_1216,59.9826432318,Stroop,01,N,
XXXX,neutral,b,blue,,,,,0,5,5,5,,,,,b,1,0.501199156933,,,2018_Jan_30_1216,59.9826432318,Stroop,01,N,
XXXX,neutral,b,blue,,,,,1,0,6,5,,,,,b,1,0.467636557284,,,2018_Jan_30_1216,59.9826432318,Stroop,01,N,
BLUE,incongruent,r,red,,,,,1,1,7,2,,,,,r,1,0.816304748828,,,2018_Jan_30_1216,59.9826432318,Stroop,01,N,
RED,congruent,r,red,,,,,1,2,8,0,,,,,r,1,0.550226646435,,,2018_Jan_30_1216,59.9826432318,Stroop,01,N,
RED,incongruent,b,blue,,,,,1,3,9,1,,,,,b,1,0.734964182485,,,2018_Jan_30_1216,59.9826432318,Stroop,01,N,
RED,incongruent,b,blue,,,,,1,4,10,1,,,,,b,1,0.566377089622,,,2018_Jan_30_1216,59.9826432318,Stroop,01,N,
XXXX,neutral,r,red,,,,,1,5,11,4,,,,,r,1,0.46725769042,,,2018_Jan_30_1216,59.9826432318,Stroop,01,N,
RED,congruent,r,red,,,,,2,0,12,0,,,,,r,1,0.400237072492,,,2018_Jan_30_1216,59.9826432318,Stroop,01,N,
XXXX,neutral,r,red,,,,,2,1,13,4,,,,,r,1,0.4676946224,,,2018_Jan_30_1216,59.9826432318,Stroop,01,N,
XXXX,neutral,r,red,,,,,2,2,14,4,,,,,r,1,0.517824065906,,,2018_Jan_30_1216,59.9826432318,Stroop,01,N,
XXXX,neutral,r,red,,,,,2,3,15,4,,,,,r,1,0.433799351339,,,2018_Jan_30_1216,59.9826432318,Stroop,01,N,
XXXX,neutral,r,red,,,,,2,4,16,4,,,,,r,1,0.48333884043,,,2018_Jan_30_1216,59.9826432318,Stroop,01,N,
BLUE,incongruent,r,red,,,,,2,5,17,2,,,,,r,1,0.383809135792,,,2018_Jan_30_1216,59.9826432318,Stroop,01,N,
BLUE,incongruent,r,red,,,,,3,0,18,2,,,,,r,1,0.700702555828,,,2018_Jan_30_1216,59.9826432318,Stroop,01,N,
RED,incongruent,b,blue,,,,,3,1,19,1,,,,,b,1,0.567765198785,,,2018_Jan_30_1216,59.9826432318,Stroop,01,N,
BLUE,congruent,b,blue,,,,,3,2,20,3,,,,,b,1,0.517938271328,,,2018_Jan_30_1216,59.9826432318,Stroop,01,N,
BLUE,congruent,b,blue,,,,,3,3,21,3,,,,,b,1,0.600004812026,,,2018_Jan_30_1216,59.9826432318,Stroop,01,N,
BLUE,congruent,b,blue,,,,,3,4,22,3,,,,,b,1,0.450505743955,,,2018_Jan_30_1216,59.9826432318,Stroop,01,N,
RED,incongruent,b,blue,,,,,3,5,23,1,,,,,r,0,0.516964638023,,,2018_Jan_30_1216,59.9826432318,Stroop,01,N,
XXXX,neutral,r,red,,,,,4,0,24,4,,,,,r,1,0.533518970611,,,2018_Jan_30_1216,59.9826432318,Stroop,01,N,
BLUE,congruent,b,blue,,,,,4,1,25,3,,,,,b,1,0.583561156041,,,2018_Jan_30_1216,59.9826432318,Stroop,01,N,
BLUE,congruent,b,blue,,,,,4,2,26,3,,,,,b,1,0.517758943151,,,2018_Jan_30_1216,59.9826432318,Stroop,01,N,
RED,incongruent,b,blue,,,,,4,3,27,1,,,,,b,1,0.584870989577,,,2018_Jan_30_1216,59.9826432318,Stroop,01,N,
BLUE,congruent,b,blue,,,,,4,4,28,3,,,,,b,1,0.417315595135,,,2018_Jan_30_1216,59.9826432318,Stroop,01,N,
XXXX,neutral,r,red,,,,,4,5,29,4,,,,,r,1,0.4510462949,,,2018_Jan_30_1216,59.9826432318,Stroop,01,N,
RED,incongruent,b,blue,,,,,5,0,30,1,,,,,b,1,0.850504460748,,,2018_Jan_30_1216,59.9826432318,Stroop,01,N,
RED,incongruent,b,blue,,,,,5,1,31,1,,,,,b,1,0.550924390236,,,2018_Jan_30_1216,59.9826432318,Stroop,01,N,
BLUE,incongruent,r,red,,,,,5,2,32,2,,,,,r,1,0.467300036251,,,2018_Jan_30_1216,59.9826432318,Stroop,01,N,
RED,congruent,r,red,,,,,5,3,33,0,,,,,r,1,0.383276284089,,,2018_Jan_30_1216,59.9826432318,Stroop,01,N,
BLUE,incongruent,r,red,,,,,5,4,34,2,,,,,b,0,0.567268918481,,,2018_Jan_30_1216,59.9826432318,Stroop,01,N,
RED,congruent,r,red,,,,,5,5,35,0,,,,,r,1,0.583292644978,,,2018_Jan_30_1216,59.9826432318,Stroop,01,N,
XXXX,neutral,b,blue,,,,,6,0,36,5,,,,,b,1,0.483994880004,,,2018_Jan_30_1216,59.9826432318,Stroop,01,N,
BLUE,congruent,b,blue,,,,,6,1,37,3,,,,,b,1,0.549732290942,,,2018_Jan_30_1216,59.9826432318,Stroop,01,N,
BLUE,congruent,b,blue,,,,,6,2,38,3,,,,,b,1,0.650329623796,,,2018_Jan_30_1216,59.9826432318,Stroop,01,N,
RED,congruent,r,red,,,,,6,3,39,0,,,,,r,1,0.566781620626,,,2018_Jan_30_1216,59.9826432318,Stroop,01,N,
BLUE,congruent,b,blue,,,,,6,4,40,3,,,,,b,1,0.60032497217,,,2018_Jan_30_1216,59.9826432318,Stroop,01,N,
XXXX,neutral,b,blue,,,,,6,5,41,5,,,,,b,1,0.550791257511,,,2018_Jan_30_1216,59.9826432318,Stroop,01,N,
BLUE,congruent,b,blue,,,,,7,0,42,3,,,,,b,1,0.434550669032,,,2018_Jan_30_1216,59.9826432318,Stroop,01,N,
RED,congruent,r,red,,,,,7,1,43,0,,,,,r,1,0.634128814734,,,2018_Jan_30_1216,59.9826432318,Stroop,01,N,
XXXX,neutral,b,blue,,,,,7,2,44,5,,,,,b,1,0.916891816027,,,2018_Jan_30_1216,59.9826432318,Stroop,01,N,
RED,congruent,r,red,,,,,7,3,45,0,,,,,r,1,0.667124878496,,,2018_Jan_30_1216,59.9826432318,Stroop,01,N,
RED,incongruent,b,blue,,,,,7,4,46,1,,,,,b,1,0.866992708176,,,2018_Jan_30_1216,59.9826432318,Stroop,01,N,
BLUE,incongruent,r,red,,,,,7,5,47,2,,,,,r,1,0.634127210725,,,2018_Jan_30_1216,59.9826432318,Stroop,01,N,
XXXX,neutral,r,red,,,,,8,0,48,4,,,,,r,1,0.434185596643,,,2018_Jan_30_1216,59.9826432318,Stroop,01,N,
XXXX,neutral,b,blue,,,,,8,1,49,5,,,,,b,1,0.517039705632,,,2018_Jan_30_1216,59.9826432318,Stroop,01,N,
BLUE,incongruent,r,red,,,,,8,2,50,2,,,,,r,1,0.600513603598,,,2018_Jan_30_1216,59.9826432318,Stroop,01,N,
XXXX,neutral,r,red,,,,,8,3,51,4,,,,,r,1,0.46716048749,,,2018_Jan_30_1216,59.9826432318,Stroop,01,N,
BLUE,congruent,b,blue,,,,,8,4,52,3,,,,,b,1,0.567978211145,,,2018_Jan_30_1216,59.9826432318,Stroop,01,N,
RED,incongruent,b,blue,,,,,8,5,53,1,,,,,b,1,0.40045329287,,,2018_Jan_30_1216,59.9826432318,Stroop,01,N,
RED,incongruent,b,blue,,,,,9,0,54,1,,,,,b,1,0.601322344804,,,2018_Jan_30_1216,59.9826432318,Stroop,01,N,
BLUE,incongruent,r,red,,,,,9,1,55,2,,,,,r,1,0.467594211453,,,2018_Jan_30_1216,59.9826432318,Stroop,01,N,
XXXX,neutral,b,blue,,,,,9,2,56,5,,,,,b,1,0.368393328607,,,2018_Jan_30_1216,59.9826432318,Stroop,01,N,
BLUE,incongruent,r,red,,,,,9,3,57,2,,,,,r,1,0.317408948444,,,2018_Jan_30_1216,59.9826432318,Stroop,01,N,
BLUE,incongruent,r,red,,,,,9,4,58,2,,,,,r,1,0.368240626975,,,2018_Jan_30_1216,59.9826432318,Stroop,01,N,
XXXX,neutral,b,blue,,,,,9,5,59,5,,,,,b,1,0.400314385713,,,2018_Jan_30_1216,59.9826432318,Stroop,01,N,
XXXX,neutral,r,red,,,,,10,0,60,4,,,,,r,1,0.384438228019,,,2018_Jan_30_1216,59.9826432318,Stroop,01,N,
XXXX,neutral,r,red,,,,,10,1,61,4,,,,,r,1,0.332965908398,,,2018_Jan_30_1216,59.9826432318,Stroop,01,N,
BLUE,congruent,b,blue,,,,,10,2,62,3,,,,,b,1,0.366829740888,,,2018_Jan_30_1216,59.9826432318,Stroop,01,N,
BLUE,incongruent,r,red,,,,,10,3,63,2,,,,,r,1,0.366307154841,,,2018_Jan_30_1216,59.9826432318,Stroop,01,N,
RED,congruent,r,red,,,,,10,4,64,0,,,,,r,1,0.316091415666,,,2018_Jan_30_1216,59.9826432318,Stroop,01,N,
RED,incongruent,b,blue,,,,,10,5,65,1,,,,,b,1,0.350342455866,,,2018_Jan_30_1216,59.9826432318,Stroop,01,N,
RED,congruent,r,red,,,,,11,0,66,0,,,,,r,1,0.383940022905,,,2018_Jan_30_1216,59.9826432318,Stroop,01,N,
RED,congruent,r,red,,,,,11,1,67,0,,,,,r,1,0.300430836747,,,2018_Jan_30_1216,59.9826432318,Stroop,01,N,
XXXX,neutral,b,blue,,,,,11,2,68,5,,,,,b,1,0.366739916399,,,2018_Jan_30_1216,59.9826432318,Stroop,01,N,
RED,congruent,r,red,,,,,11,3,69,0,,,,,r,1,0.384800733994,,,2018_Jan_30_1216,59.9826432318,Stroop,01,N,
BLUE,incongruent,r,red,,,,,11,4,70,2,,,,,r,1,0.334076524049,,,2018_Jan_30_1216,59.9826432318,Stroop,01,N,
RED,incongruent,b,blue,,,,,11,5,71,1,,,,,b,1,0.284607932144,,,2018_Jan_30_1216,59.9826432318,Stroop,01,N,
BLUE,congruent,b,blue,,,,,12,0,72,3,,,,,r,0,0.300420891893,,,2018_Jan_30_1216,59.9826432318,Stroop,01,N,
XXXX,neutral,b,blue,,,,,12,1,73,5,,,,,b,1,0.566302022013,,,2018_Jan_30_1216,59.9826432318,Stroop,01,N,
BLUE,congruent,b,blue,,,,,12,2,74,3,,,,,b,1,0.46706488857,,,2018_Jan_30_1216,59.9826432318,Stroop,01,N,
XXXX,neutral,r,red,,,,,12,3,75,4,,,,,r,1,0.683029908347,,,2018_Jan_30_1216,59.9826432318,Stroop,01,N,
BLUE,incongruent,r,red,,,,,12,4,76,2,,,,,r,1,0.700306044867,,,2018_Jan_30_1216,59.9826432318,Stroop,01,N,
XXXX,neutral,b,blue,,,,,12,5,77,5,,,,,b,1,0.301469592806,,,2018_Jan_30_1216,59.9826432318,Stroop,01,N,
BLUE,incongruent,r,red,,,,,13,0,78,2,,,,,r,1,0.383486730036,,,2018_Jan_30_1216,59.9826432318,Stroop,01,N,
XXXX,neutral,r,red,,,,,13,1,79,4,,,,,r,1,0.417232507483,,,2018_Jan_30_1216,59.9826432318,Stroop,01,N,
RED,incongruent,b,blue,,,,,13,2,80,1,,,,,b,1,0.350841302583,,,2018_Jan_30_1216,59.9826432318,Stroop,01,N,
RED,congruent,r,red,,,,,13,3,81,0,,,,,r,1,0.433226399417,,,2018_Jan_30_1216,59.9826432318,Stroop,01,N,
RED,congruent,r,red,,,,,13,4,82,0,,,,,r,1,0.467193850872,,,2018_Jan_30_1216,59.9826432318,Stroop,01,N,
XXXX,neutral,r,red,,,,,13,5,83,4,,,,,r,1,0.484946057186,,,2018_Jan_30_1216,59.9826432318,Stroop,01,N,
XXXX,neutral,b,blue,,,,,14,0,84,5,,,,,b,1,0.366709440233,,,2018_Jan_30_1216,59.9826432318,Stroop,01,N,
BLUE,incongruent,r,red,,,,,14,1,85,2,,,,,r,1,0.367522351862,,,2018_Jan_30_1216,59.9826432318,Stroop,01,N,
BLUE,incongruent,r,red,,,,,14,2,86,2,,,,,b,0,0.399786666838,,,2018_Jan_30_1216,59.9826432318,Stroop,01,N,
XXXX,neutral,b,blue,,,,,14,3,87,5,,,,,b,1,0.46670879863,,,2018_Jan_30_1216,59.9826432318,Stroop,01,N,
BLUE,congruent,b,blue,,,,,14,4,88,3,,,,,b,1,0.44923825625,,,2018_Jan_30_1216,59.9826432318,Stroop,01,N,
XXXX,neutral,b,blue,,,,,14,5,89,5,,,,,b,1,0.399713203238,,,2018_Jan_30_1216,59.9826432318,Stroop,01,N,
RED,incongruent,b,blue,,,,,15,0,90,1,,,,,b,1,0.501124089324,,,2018_Jan_30_1216,59.9826432318,Stroop,01,N,
BLUE,incongruent,r,red,,,,,15,1,91,2,,,,,r,1,0.350927598254,,,2018_Jan_30_1216,59.9826432318,Stroop,01,N,
RED,incongruent,b,blue,,,,,15,2,92,1,,,,,b,1,0.599573975279,,,2018_Jan_30_1216,59.9826432318,Stroop,01,N,
BLUE,congruent,b,blue,,,,,15,3,93,3,,,,,b,1,0.483660283781,,,2018_Jan_30_1216,59.9826432318,Stroop,01,N,
XXXX,neutral,r,red,,,,,15,4,94,4,,,,,r,1,0.366891976427,,,2018_Jan_30_1216,59.9826432318,Stroop,01,N,
XXXX,neutral,b,blue,,,,,15,5,95,5,,,,,b,1,0.38339947196,,,2018_Jan_30_1216,59.9826432318,Stroop,01,N,
XXXX,neutral,r,red,,,,,16,0,96,4,,,,,r,1,0.416913951347,,,2018_Jan_30_1216,59.9826432318,Stroop,01,N,
XXXX,neutral,b,blue,,,,,16,1,97,5,,,,,b,1,0.434749566116,,,2018_Jan_30_1216,59.9826432318,Stroop,01,N,
RED,incongruent,b,blue,,,,,16,2,98,1,,,,,b,1,0.368088246145,,,2018_Jan_30_1216,59.9826432318,Stroop,01,N,
XXXX,neutral,b,blue,,,,,16,3,99,5,,,,,b,1,0.366962873614,,,2018_Jan_30_1216,59.9826432318,Stroop,01,N,
BLUE,congruent,b,blue,,,,,16,4,100,3,,,,,b,1,0.384945415583,,,2018_Jan_30_1216,59.9826432318,Stroop,01,N,
RED,congruent,r,red,,,,,16,5,101,0,,,,,r,1,0.316940577892,,,2018_Jan_30_1216,59.9826432318,Stroop,01,N,
XXXX,neutral,b,blue,,,,,17,0,102,5,,,,,b,1,0.367057510129,,,2018_Jan_30_1216,59.9826432318,Stroop,01,N,
BLUE,congruent,b,blue,,,,,17,1,103,3,,,,,b,1,0.366839364941,,,2018_Jan_30_1216,59.9826432318,Stroop,01,N,
RED,congruent,r,red,,,,,17,2,104,0,,,,,r,1,0.350373573635,,,2018_Jan_30_1216,59.9826432318,Stroop,01,N,
BLUE,incongruent,r,red,,,,,17,3,105,2,,,,,r,1,1.23354976758,,,2018_Jan_30_1216,59.9826432318,Stroop,01,N,
XXXX,neutral,b,blue,,,,,17,4,106,5,,,,,b,1,0.450486816652,,,2018_Jan_30_1216,59.9826432318,Stroop,01,N,
RED,congruent,r,red,,,,,17,5,107,0,,,,,r,1,0.616474773755,,,2018_Jan_30_1216,59.9826432318,Stroop,01,N,
RED,incongruent,b,blue,,,,,18,0,108,1,,,,,b,1,0.500207237929,,,2018_Jan_30_1216,59.9826432318,Stroop,01,N,
BLUE,congruent,b,blue,,,,,18,1,109,3,,,,,b,1,0.367137068963,,,2018_Jan_30_1216,59.9826432318,Stroop,01,N,
XXXX,neutral,r,red,,,,,18,2,110,4,,,,,r,1,0.317445519843,,,2018_Jan_30_1216,59.9826432318,Stroop,01,N,
RED,congruent,r,red,,,,,18,3,111,0,,,,,r,1,0.567017730713,,,2018_Jan_30_1216,59.9826432318,Stroop,01,N,
BLUE,congruent,b,blue,,,,,18,4,112,3,,,,,b,1,0.316481831393,,,2018_Jan_30_1216,59.9826432318,Stroop,01,N,
BLUE,congruent,b,blue,,,,,18,5,113,3,,,,,b,1,0.467007144255,,,2018_Jan_30_1216,59.9826432318,Stroop,01,N,
BLUE,congruent,b,blue,,,,,19,0,114,3,,,,,b,1,0.500388490917,,,2018_Jan_30_1216,59.9826432318,Stroop,01,N,
XXXX,neutral,r,red,,,,,19,1,115,4,,,,,r,1,0.450451849262,,,2018_Jan_30_1216,59.9826432318,Stroop,01,N,
XXXX,neutral,b,blue,,,,,19,2,116,5,,,,,b,1,0.43399953163,,,2018_Jan_30_1216,59.9826432318,Stroop,01,N,
XXXX,neutral,r,red,,,,,19,3,117,4,,,,,r,1,0.400531247694,,,2018_Jan_30_1216,59.9826432318,Stroop,01,N,
XXXX,neutral,b,blue,,,,,19,4,118,5,,,,,b,1,0.400364751587,,,2018_Jan_30_1216,59.9826432318,Stroop,01,N,
BLUE,incongruent,r,red,,,,,19,5,119,2,,,,,r,1,0.333701186004,,,2018_Jan_30_1216,59.9826432318,Stroop,01,N,
RED,congruent,r,red,,,,,20,0,120,0,,,,,r,1,0.333827902694,,,2018_Jan_30_1216,59.9826432318,Stroop,01,N,
RED,congruent,r,red,,,,,20,1,121,0,,,,,r,1,0.383769677177,,,2018_Jan_30_1216,59.9826432318,Stroop,01,N,
RED,congruent,r,red,,,,,20,2,122,0,,,,,r,1,0.367215023787,,,2018_Jan_30_1216,59.9826432318,Stroop,01,N,
RED,incongruent,b,blue,,,,,20,3,123,1,,,,,b,1,0.316887966406,,,2018_Jan_30_1216,59.9826432318,Stroop,01,N,
XXXX,neutral,r,red,,,,,20,4,124,4,,,,,r,1,0.367111084021,,,2018_Jan_30_1216,59.9826432318,Stroop,01,N,
RED,incongruent,b,blue,,,,,20,5,125,1,,,,,b,1,0.300636791469,,,2018_Jan_30_1216,59.9826432318,Stroop,01,N,
RED,incongruent,b,blue,,,,,21,0,126,1,,,,,r,0,0.333545597156,,,2018_Jan_30_1216,59.9826432318,Stroop,01,N,
BLUE,incongruent,r,red,,,,,21,1,127,2,,,,,r,1,0.317092637921,,,2018_Jan_30_1216,59.9826432318,Stroop,01,N,
BLUE,incongruent,r,red,,,,,21,2,128,2,,,,,r,1,0.567250632781,,,2018_Jan_30_1216,59.9826432318,Stroop,01,N,
XXXX,neutral,b,blue,,,,,21,3,129,5,,,,,b,1,0.416671104424,,,2018_Jan_30_1216,59.9826432318,Stroop,01,N,
RED,congruent,r,red,,,,,21,4,130,0,,,,,r,1,0.833448394227,,,2018_Jan_30_1216,59.9826432318,Stroop,01,N,
RED,incongruent,b,blue,,,,,21,5,131,1,,,,,b,1,0.416852357412,,,2018_Jan_30_1216,59.9826432318,Stroop,01,N,
RED,incongruent,b,blue,,,,,22,0,132,1,,,,,b,1,0.467014201893,,,2018_Jan_30_1216,59.9826432318,Stroop,01,N,
RED,congruent,r,red,,,,,22,1,133,0,,,,,r,1,0.45021477677,,,2018_Jan_30_1216,59.9826432318,Stroop,01,N,
RED,incongruent,b,blue,,,,,22,2,134,1,,,,,r,0,0.716986452542,,,2018_Jan_30_1216,59.9826432318,Stroop,01,N,
RED,congruent,r,red,,,,,22,3,135,0,,,,,r,1,0.717227695456,,,2018_Jan_30_1216,59.9826432318,Stroop,01,N,
BLUE,incongruent,r,red,,,,,22,4,136,2,,,,,r,1,0.850518255223,,,2018_Jan_30_1216,59.9826432318,Stroop,01,N,
RED,congruent,r,red,,,,,22,5,137,0,,,,,r,1,0.333643120888,,,2018_Jan_30_1216,59.9826432318,Stroop,01,N,
BLUE,congruent,b,blue,,,,,23,0,138,3,,,,,b,1,0.400326576179,,,2018_Jan_30_1216,59.9826432318,Stroop,01,N,
BLUE,congruent,b,blue,,,,,23,1,139,3,,,,,b,1,0.383629807615,,,2018_Jan_30_1216,59.9826432318,Stroop,01,N,
XXXX,neutral,r,red,,,,,23,2,140,4,,,,,r,1,0.584012203299,,,2018_Jan_30_1216,59.9826432318,Stroop,01,N,
BLUE,incongruent,r,red,,,,,23,3,141,2,,,,,r,1,0.700276851908,,,2018_Jan_30_1216,59.9826432318,Stroop,01,N,
XXXX,neutral,b,blue,,,,,23,4,142,5,,,,,r,0,0.383590669802,,,2018_Jan_30_1216,59.9826432318,Stroop,01,N,
RED,incongruent,b,blue,,,,,23,5,143,1,,,,,b,1,0.966812738396,,,2018_Jan_30_1216,59.9826432318,Stroop,01,N,
BLUE,incongruent,r,red,,,,,24,0,144,2,,,,,r,1,0.650213172761,,,2018_Jan_30_1216,59.9826432318,Stroop,01,N,
RED,incongruent,b,blue,,,,,24,1,145,1,,,,,b,1,0.783764544349,,,2018_Jan_30_1216,59.9826432318,Stroop,01,N,
XXXX,neutral,r,red,,,,,24,2,146,4,,,,,r,1,0.533479511996,,,2018_Jan_30_1216,59.9826432318,Stroop,01,N,
RED,congruent,r,red,,,,,24,3,147,0,,,,,r,1,0.550481042221,,,2018_Jan_30_1216,59.9826432318,Stroop,01,N,
BLUE,congruent,b,blue,,,,,24,4,148,3,,,,,b,1,0.400254074984,,,2018_Jan_30_1216,59.9826432318,Stroop,01,N,
XXXX,neutral,b,blue,,,,,24,5,149,5,,,,,b,1,0.400420891893,,,2018_Jan_30_1216,59.9826432318,Stroop,01,N,
